text,label
i feel hunger stiff distorted disturbances irritability visual excessive vision neck indigestion and blurred headache depression lately,Neurology
i am having nose congestion runny chest redness chills sinus fatigue eyes pain loss sneezing continuous headache high pain lymph of phlegm pressure cough fever nodes smell malaise irritation swelled muscle throat of,Pulmonology
my main issue is tongue stomach acidity on pain chest cough ulcers pain,Gastroenterology
i am having of nausea yellowing of family eyes skin yellowish loss appetite fatigue history,Gastroenterology
i feel muscle chills headache pain vomiting sweating nausea diarrhoea lately,Infectious
my main issue is and excessive depression hunger indigestion disturbances blurred headache irritability neck distorted stiff vision visual acidity,Neurology
dealing with urination spotting micturition burning pain rash stomach skin,Dermatology
i feel distorted tingling and nausea blurred speech fatigue vision hunger and irritability sweating slurred vomiting headache excessive anxiety lips drying palpitations lately,Endocrinology
my main issue is chest sweating pain breathlessness,Cardiology
i have nodal eruptions skin rash skin itching patches dischromic,Dermatology
i am having fast cough rate rusty sweating phlegm high fatigue pain heart fever sputum chills malaise breathlessness chest,Pulmonology
experiencing rash skin itching stomach urination pain spotting,Dermatology
i have red skin nodes mild high appetite lethargy rash spots lymph headache swelled of fever fever body loss over fatigue malaise itching,Infectious
suffering from yellowish fever pain urine acute nausea joint appetite eyes abdominal of liver failure high stomach loss dark skin coma vomiting fatigue bleeding of pain yellowing,Gastroenterology
experiencing excessive drying hunger anxiety tingling and nausea fatigue speech lips distorted sweating headache and palpitations blurred vision vomiting slurred irritability,Endocrinology
my main issue is rash pus skin filled scurring blackheads pimples,Dermatology
experiencing watering shivering sneezing chills continuous from eyes,Dermatology
i feel indigestion visual disturbances headache and stiff vision irritability depression distorted acidity blurred neck lately,Neurology
having neck pain dizziness pain of balance back loss,Neurology
suffering from dark lethargy blood pain appetite eyes yellow receiving unsterile urine yellowing of fatigue receiving transfusion itching abdominal of urine loss malaise injections,Gastroenterology
experiencing loss pain dark yellowing skin fatigue appetite eyes of nausea abdominal yellowish vomiting pain urine joint of,Gastroenterology
my main issue is vomiting spinning of balance nausea headache unsteadiness movements loss,
experiencing breathlessness sweating vomiting chest pain,Cardiology
dealing with fever history sputum family breathlessness high mucoid cough fatigue,Pulmonology
experiencing chest vomiting acidity pain cough stomach pain,Gastroenterology
i feel shivering sneezing from eyes watering continuous chills lately,Dermatology
i am having marital fever wasting throat patches in muscle extra contacts high,Infectious
dealing with swelling joint walking joints pain neck knee pain joint hip pain painful pain,Orthopedics
i am having history yellowish fluid of vomiting distention abdominal of skin pain stomach overload abdomen consumption of swelling alcohol,Gastroenterology
my main issue is back weakness pain neck dizziness pain loss balance in limbs of,Neurology
experiencing painful pain pain joint pain hip knee joints walking swelling joint,Orthopedics
i feel consumption overload stomach skin distention history yellowish swelling of abdominal fluid of vomiting of abdomen alcohol pain lately,Gastroenterology
dealing with wasting high throat muscle fever patches in,Infectious
suffering from brittle puffy face eyes thyroid abnormal feets gain enlarged cold depression hands dizziness fatigue menstruation extremeties swollen and nails mood swings and weight irritability,Endocrinology
experiencing abdominal vomiting high fatigue pain yellowish eyes joint of pain nausea appetite coma loss acute urine yellowing dark skin fever bleeding stomach failure liver of,Gastroenterology
experiencing loss yellowing eyes of abdominal of appetite nausea pain vomiting itching,
having prominent calf veins legs bruising fatigue cramps on obesity swollen,Cardiology
my main issue is contacts throat marital muscle extra wasting fever high in patches,Infectious
i have eruptions skin itching rash nodal skin,Dermatology
i am having yellowing skin of nausea fatigue appetite of history eyes loss family yellowish,Gastroenterology
experiencing hunger rate fatigue menstruation sweating fast heart abnormal loss muscle mood weakness restlessness weight excessive diarrhoea irritability swings,Endocrinology
i feel cough high sputum fever mucoid fatigue history breathlessness family lately,Pulmonology
i have micturition rash stomach spotting urination pain skin burning,Dermatology
i feel pain headache loss fever of skin nausea the back appetite rash red high malaise pain vomiting over spots behind pain chills body joint eyes fatigue lately,Infectious
suffering from high nausea headache sweating pain vomiting muscle fever chills,Infectious
my main issue is cough breathlessness fatigue family high history fever mucoid sputum,Pulmonology
i am having hunger muscle fast weakness irritability diarrhoea fatigue menstruation heart weight mood loss restlessness abnormal rate swings excessive,Endocrinology
suffering from fever sweating nodes phlegm fatigue loss malaise sputum yellowing vomiting cough fever chills weight pain eyes loss mild swelled blood appetite of lymph chest breathlessness of high in,Pulmonology
i have tongue ulcers pain chest cough on pain acidity stomach vomiting,Gastroenterology
i have acidity cough vomiting chest pain pain tongue stomach on ulcers,Gastroenterology
i think it's yellow crust red high rash skin sore ooze blister around fever nose,Dermatology
my main issue is vomiting headache of one body weakness altered sensorium side,Neurology
i am having pain pain in neck limbs back weakness dizziness,Neurology
i have ooze skin blister yellow nose crust sore around rash red,Dermatology
i have family high history cough breathlessness sputum fever fatigue mucoid,Pulmonology
i am having vomiting breathlessness pain chest sweating,Cardiology
having stiffness joints neck muscle weakness movement swelling stiff painful walking,Orthopedics
feeling pain nausea skin of loss vomiting yellowish of abdominal yellowing eyes appetite,
i have of foul smell burning of urine urine micturition feel continuous,Urology
experiencing of pain limbs back weakness dizziness neck pain balance loss in,Neurology
suffering from walking joints joint pain neck pain painful hip pain joint swelling,Orthopedics
my main issue is rash joint spots vomiting of the loss pain eyes malaise body nausea red pain appetite skin fever pain pain headache over behind fatigue muscle chills back high,Infectious
i have lymph mild lethargy itching fatigue nodes headache loss red body fever malaise appetite over swelled rash of spots skin,Infectious
suffering from nausea balance movements vomiting spinning unsteadiness headache loss of,
having urine micturition discomfort smell feel bladder of continuous urine foul of burning,Urology
i think it's patches throat wasting contacts muscle marital high extra fever in,Infectious
having weakness neck painful walking movement muscle stiffness joints swelling stiff,Orthopedics
i feel yellowish skin fever loss weight urine abdominal dark vomiting itching fatigue high pain lately,Gastroenterology
i feel high eyes pain appetite behind pain fatigue rash headache skin over body the muscle of back spots fever loss nausea chills red joint pain pain malaise vomiting lately,Infectious
suffering from blackheads filled pus pimples skin rash,Dermatology
i feel bruising cramps swollen blood obesity fatigue vessels legs swollen lately,Cardiology
suffering from small pain silver skin rash nails dusting in dents joint inflammatory nails like,Dermatology
feeling sweating slurred speech headache anxiety and vision drying nausea blurred irritability tingling lips distorted palpitations and fatigue excessive hunger vomiting,Endocrinology
i feel vomiting eyes diarrhoea dehydration sunken lately,Gastroenterology
suffering from pain bleeding abdominal pain urine yellowing nausea vomiting fatigue liver acute of yellowish joint dark eyes loss appetite coma failure skin of stomach,Gastroenterology
i think it's acidity tongue chest cough on pain ulcers stomach pain,Gastroenterology
i think it's urination micturition spotting itching pain stomach burning,Dermatology
my main issue is of swelling fluid vomiting consumption pain history of of distention alcohol abdominal overload abdomen stomach,Gastroenterology
dealing with in fever patches high wasting throat muscle contacts extra marital,Infectious
feeling diarrhoea chills fever nausea high pain headache sweating muscle vomiting,Infectious
experiencing red pain rash nausea pain over malaise pain spots back appetite of headache joint high fever body skin behind loss fatigue muscle the pain eyes vomiting,Infectious
i think it's fatigue swings heart excessive mood irritability muscle weight hunger menstruation rate abnormal fast diarrhoea sweating weakness loss restlessness,Endocrinology
suffering from indigestion vision acidity depression and headache neck irritability hunger excessive distorted blurred stiff,Neurology
having eyes vomiting sunken diarrhoea,Gastroenterology
my main issue is chest vomiting sweating breathlessness pain,Cardiology
having receiving yellowish of pain eyes injections skin fatigue unsterile urine urine of transfusion loss abdominal yellowing appetite receiving yellow blood lethargy dark malaise,Gastroenterology
my main issue is drying excessive irritability headache sweating anxiety blurred and tingling palpitations distorted speech slurred hunger vision lips fatigue nausea and,Endocrinology
feeling yellowish of stomach abdominal consumption fluid swelling of vomiting alcohol skin overload pain of history distention abdomen,Gastroenterology
feeling marital in contacts throat extra wasting patches fever muscle high,Infectious
suffering from ulcers pain pain acidity chest stomach cough vomiting on tongue,Gastroenterology
i have skin nodal itching eruptions skin rash,Dermatology
having blackheads skin pus scurring rash filled pimples,Dermatology
i have continuous urine of foul bladder of smell discomfort feel urine,Urology
my main issue is bladder urine feel foul discomfort of of urine continuous smell burning micturition,Urology
suffering from urine pain fatigue weight vomiting loss itching high dark skin yellowish abdominal fever,Gastroenterology
feeling mood muscle fast excessive abnormal swings rate weight hunger sweating restlessness weakness heart diarrhoea irritability menstruation loss,Endocrinology
my main issue is patches eruptions skin dischromic skin itching rash nodal,Dermatology
i am having fatigue abdominal vomiting belly (typhos) diarrhoea look constipation high toxic chills headache pain pain nausea fever,Infectious
dealing with urine abdominal of pain yellowish appetite skin nausea vomiting dark fatigue pain loss joint,Gastroenterology
suffering from of of muscle pain appetite fever pain vomiting loss abdominal eyes pain skin nausea mild yellowing joint yellowish dark urine,Gastroenterology
i think it's weight cold swings and irritability feets mood enlarged eyes brittle menstruation nails and hands face extremeties abnormal dizziness fatigue lethargy puffy thyroid depression gain swollen,Endocrinology
i think it's continuous chills watering sneezing from eyes shivering,Dermatology
experiencing injections receiving skin of yellow abdominal urine urine blood transfusion malaise itching eyes lethargy loss receiving yellowing dark unsterile yellowish pain appetite fatigue of,Gastroenterology
my main issue is dehydration vomiting diarrhoea,Gastroenterology
suffering from swelling pain pain painful pain joint knee joint joints walking hip pain neck,Orthopedics
i am having eyes nausea appetite family history yellowing loss of fatigue of,Gastroenterology
my main issue is joint nausea malaise vomiting headache the pain skin pain fatigue rash of red chills pain pain muscle high fever behind loss appetite back eyes spots body over,Infectious
feeling heart malaise high fatigue fast sputum phlegm pain fever sweating chest breathlessness rusty cough rate,Pulmonology
suffering from skin joint of urine loss eyes pain vomiting nausea fatigue appetite pain of yellowing yellowish dark abdominal,Gastroenterology
i feel stiff joints movement muscle walking stiffness painful swelling neck weakness lately,Orthopedics
experiencing stiff depression blurred neck irritability and acidity vision indigestion visual excessive hunger headache distorted disturbances,Neurology
i have yellowish abdominal yellowing injections of transfusion dark malaise fatigue skin receiving of itching urine loss unsterile receiving yellow blood urine eyes lethargy appetite pain,Gastroenterology
i have swelling walking neck painful stiff joints stiffness movement,Orthopedics
i feel rash skin scurring blackheads pimples filled pus lately,Dermatology
having lips headache drying vision sweating vomiting blurred tingling palpitations and speech and distorted excessive hunger slurred nausea anxiety irritability fatigue,Endocrinology
suffering from skin diarrhoea nausea dark loss yellowish urine vomiting mild pain fever joint eyes abdominal yellowing muscle pain of appetite of pain,Gastroenterology
my main issue is eyes the behind skin pain of red nausea chills spots appetite joint rash fever over pain vomiting pain high body pain malaise fatigue loss headache back muscle,Infectious
feeling skin rash urination micturition spotting burning itching,Dermatology
i have limbs pain neck balance weakness of loss dizziness in,Neurology
i think it's eyes diarrhoea dehydration sunken,Gastroenterology
dealing with in skin skin joint rash pain like silver dusting small peeling dents nails,Dermatology
my main issue is muscle fever sweating vomiting diarrhoea chills high nausea pain headache,Infectious
suffering from patches high muscle throat wasting fever in,Infectious
i feel headache irritability and stiff indigestion acidity distorted excessive blurred disturbances visual vision neck depression hunger lately,Neurology
i have over appetite back body red spots skin nausea behind vomiting pain headache pain pain of high the rash joint pain chills malaise loss muscle fever eyes,Infectious
i am having chills eyes malaise high the fever fatigue spots red body behind pain nausea pain pain skin loss appetite of back headache pain over muscle joint rash vomiting,Infectious
i have pain of pain pain high fatigue chills loss behind malaise joint pain headache vomiting back fever the nausea muscle eyes appetite skin rash,Infectious
experiencing of yellowing dark urine bleeding skin liver acute nausea high failure of fever pain yellowish eyes coma joint fatigue abdominal stomach appetite loss pain,Gastroenterology
i have loss unsteadiness nausea of balance headache vomiting,
suffering from painful neck weakness swelling walking movement stiffness joints stiff muscle,Orthopedics
feeling skin itching urination rash spotting micturition stomach burning pain,Dermatology
experiencing red rash sore fever skin around nose high blister,Dermatology
my main issue is swings menstruation loss mood weakness weight rate muscle irritability restlessness excessive fatigue fast hunger sweating heart abnormal,Endocrinology
suffering from and hunger stiff acidity excessive headache neck indigestion distorted depression blurred irritability vision visual disturbances,Neurology
suffering from vomiting chest breathlessness pain,Cardiology
i have nausea loss joint pain fatigue stomach acute vomiting bleeding coma pain failure dark urine appetite eyes of high yellowish fever of yellowing abdominal skin liver,Gastroenterology
i have sinus headache smell eyes irritation pain fatigue sneezing loss throat congestion pain phlegm cough high runny nose pressure chest lymph swelled muscle chills of malaise continuous nodes fever of redness,Pulmonology
having of appetite family fatigue skin loss yellowing yellowish of eyes nausea history,Gastroenterology
i have sensorium body of side one weakness altered vomiting,Neurology
my main issue is (typhos) headache abdominal chills look toxic constipation high belly nausea pain pain fever fatigue diarrhoea vomiting,Infectious
i am having mucoid fever breathlessness history high family fatigue cough sputum,Pulmonology
my main issue is sensorium headache of weakness one body altered vomiting side,Neurology
i think it's eyes from continuous sneezing watering chills shivering,Dermatology
my main issue is abdomen fluid consumption alcohol history swelling pain overload of distention yellowish of abdominal stomach of skin,Gastroenterology
having vessels fatigue legs veins prominent cramps swollen obesity on calf swollen blood bruising,Cardiology
my main issue is feel of discomfort urine burning bladder continuous micturition,Urology
suffering from yellowing family nausea appetite loss history yellowish of of eyes skin fatigue,Gastroenterology
my main issue is excessive disturbances acidity stiff headache distorted vision hunger neck visual blurred depression and indigestion,Neurology
i think it's extra patches contacts in wasting muscle throat high fever marital,Infectious
dealing with fast fever phlegm sputum heart sweating malaise chills high chest fatigue pain rusty breathlessness rate cough,Pulmonology
feeling cough fever heart fast malaise breathlessness chest chills fatigue rate sputum pain sweating phlegm high rusty,Pulmonology
i think it's in throat marital contacts fever high extra patches,Infectious
i think it's skin small joint nails dusting peeling silver dents inflammatory like rash skin pain in nails,Dermatology
experiencing history yellowish eyes fatigue nausea of family yellowing skin,Gastroenterology
i have appetite behind fever chills malaise body joint pain pain the spots fatigue eyes pain nausea headache skin vomiting back high loss red over rash of muscle pain,Infectious
having itching abdominal urine fever yellowish vomiting high pain fatigue skin dark,Gastroenterology
i am having of loss abdominal itching appetite vomiting pain eyes yellowing nausea of,
suffering from and fatigue menstruation abnormal swollen hands face dizziness puffy cold swings and thyroid nails extremeties lethargy depression irritability weight eyes feets mood brittle gain enlarged,Endocrinology
i feel altered vomiting sensorium headache lately,Neurology
suffering from muscle excessive swings fatigue irritability fast hunger weight loss restlessness mood menstruation heart sweating abnormal rate weakness,Endocrinology
having skin rash micturition pain burning urination itching spotting stomach,Dermatology
i think it's stomach pain micturition burning rash itching skin,Dermatology
i have vomiting dehydration diarrhoea sunken eyes,Gastroenterology
dealing with continuous from watering sneezing eyes chills shivering,Dermatology
i think it's vision anxiety fatigue nausea and hunger drying excessive lips palpitations tingling blurred slurred headache and irritability distorted sweating speech vomiting,Endocrinology
feeling muscle sweating chills nausea vomiting high diarrhoea pain headache fever,Infectious
experiencing of headache muscle nodes loss irritation fever of chest pain chills sinus swelled congestion malaise nose fatigue high throat eyes runny smell sneezing lymph pressure pain redness continuous phlegm,Pulmonology
having appetite fatigue loss joint pain pain skin fever spots of muscle over headache nausea back the malaise behind red pain body pain rash chills high eyes,Infectious
i am having eyes yellowing of dark yellowish pain skin vomiting loss of nausea urine fatigue appetite abdominal,Gastroenterology
experiencing fever headache pain pain skin eyes body of pain muscle back appetite spots nausea high rash malaise chills red fatigue joint the pain behind vomiting loss over,Infectious
i have extra contacts wasting in throat muscle marital patches,Infectious
suffering from neck pain loss balance weakness pain limbs of dizziness in back,Neurology
i have throat contacts patches extra marital fever high wasting in muscle,Infectious
having muscle sweating high vomiting nausea pain chills headache fever diarrhoea,Infectious
dealing with sweating nausea vision distorted blurred irritability vomiting and fatigue and headache anxiety speech drying hunger excessive lips slurred tingling palpitations,Endocrinology
dealing with dents in rash like skin nails inflammatory nails joint silver peeling pain skin small dusting,Dermatology
feeling of pain loss joint nausea dark vomiting appetite eyes fever pain yellowish muscle skin diarrhoea yellowing abdominal of urine pain mild,Gastroenterology
i think it's rash skin eruptions itching dischromic skin nodal patches,Dermatology
having eyes yellowing yellowish of itching abdominal skin vomiting appetite loss of pain,
i am having joint skin loss pain pain muscle dark yellowing eyes mild nausea of abdominal fever diarrhoea urine yellowish pain appetite of,Gastroenterology
feeling skin scurring blackheads pimples rash filled pus,Dermatology
i feel neck dizziness weakness balance pain back limbs of loss in pain lately,Neurology
experiencing appetite transfusion dark receiving abdominal receiving pain malaise skin fatigue of blood itching injections unsterile loss yellowing yellow yellowish urine eyes of lethargy urine,Gastroenterology
i have stomach spotting pain itching micturition burning urination,Dermatology
my main issue is hunger fast loss weakness heart muscle sweating excessive rate swings restlessness abnormal menstruation fatigue weight irritability mood,Endocrinology
my main issue is sweating chest pain vomiting breathlessness,Cardiology
suffering from vomiting behind high rash muscle pain chills the headache pain body over red back of appetite nausea joint loss pain fever fatigue eyes skin pain spots,Infectious
i have nausea yellowing of dark appetite abdominal fatigue eyes pain vomiting of joint urine pain loss,Gastroenterology
i am having of pain dizziness loss balance neck pain back,Neurology
i am having abdominal high loss yellowish dark itching skin fatigue pain vomiting urine weight fever,Gastroenterology
i am having pus pimples skin blackheads filled scurring rash,Dermatology
my main issue is pain behind appetite over back nausea pain rash of vomiting body the spots fever red headache joint high loss fatigue pain malaise skin eyes chills,Infectious
i have pimples rash pus filled scurring skin,Dermatology
i feel fever nausea pain headache vomiting muscle diarrhoea high sweating lately,Infectious
my main issue is unsteadiness of nausea movements loss vomiting spinning balance,
experiencing vomiting loss weight fever skin yellowish high dark urine fatigue itching,Gastroenterology
i feel vomiting chills fever nausea pain headache diarrhoea muscle sweating high lately,Infectious
i think it's chills fatigue sweating sputum blood fever vomiting in yellowing of high loss weight eyes nodes loss cough phlegm appetite pain chest lymph mild malaise of fever swelled,Pulmonology
i have of itching internal gases passage abdominal pain indigestion vomiting,Gastroenterology
i think it's eyes watering from sneezing continuous chills,Dermatology
feeling skin fatigue yellowish nausea pain vomiting joint appetite pain abdominal loss of yellowing urine dark eyes of,Gastroenterology
suffering from yellowing of nausea appetite pain skin abdominal eyes loss itching of yellowish vomiting,
having blood obesity swollen legs prominent on cramps vessels veins calf swollen fatigue,Cardiology
experiencing chills continuous eyes watering sneezing shivering from,Dermatology
i feel pain chest breathlessness vomiting lately,Cardiology
feeling itching of gases of passage pain abdominal vomiting loss appetite internal,Gastroenterology
feeling acidity vomiting cough on pain ulcers tongue chest,Gastroenterology
i have one weakness side of altered headache body sensorium,Neurology
i feel gases vomiting abdominal appetite internal indigestion of loss itching of pain passage lately,Gastroenterology
feeling nails small skin nails peeling inflammatory dents like silver dusting in skin rash pain joint,Dermatology
i feel behind high fatigue pain nausea the loss fever pain pain joint rash appetite body muscle vomiting spots headache back malaise eyes pain of skin over red chills lately,Infectious
feeling fatigue high in appetite eyes sweating pain yellowing loss blood malaise fever weight breathlessness fever cough phlegm vomiting mild loss of nodes sputum swelled chest lymph of chills,Pulmonology
suffering from excessive vision visual hunger neck indigestion disturbances distorted headache stiff depression blurred and acidity,Neurology
i feel skin filled pimples rash blackheads scurring pus lately,Dermatology
having appetite abdominal nausea loss pain pain fatigue yellowish vomiting of joint dark eyes yellowing skin of urine,Gastroenterology
having neck walking joint pain painful knee pain swelling pain joints,Orthopedics
i am having from eyes continuous sneezing watering shivering,Dermatology
feeling nose skin blister yellow around ooze sore rash red fever crust high,Dermatology
feeling menstruation rate irritability heart fast abnormal muscle mood excessive weakness fatigue weight loss restlessness hunger swings sweating,Endocrinology
suffering from stiffness weakness muscle walking joints stiff painful neck swelling movement,Orthopedics
having urine pain yellowing yellowish eyes appetite of nausea skin vomiting abdominal loss of joint pain dark fatigue,Gastroenterology
i think it's of skin vomiting pain fever joint mild eyes yellowing yellowish diarrhoea abdominal pain appetite of pain muscle loss nausea,Gastroenterology
i think it's of dark yellowing transfusion appetite yellowish blood malaise pain loss fatigue injections yellow lethargy urine unsterile of abdominal receiving skin receiving itching eyes urine,Gastroenterology
i feel high headache diarrhoea nausea chills muscle pain vomiting fever sweating lately,Infectious
experiencing chest pain breathlessness vomiting sweating,Cardiology
feeling skin inflammatory silver joint small nails like peeling in rash dusting pain nails skin dents,Dermatology
suffering from like small silver peeling joint pain rash dents skin skin nails in inflammatory dusting nails,Dermatology
my main issue is fatigue loss yellowing of family history yellowish nausea appetite of skin eyes,Gastroenterology
i feel fast phlegm fever pain heart rusty chills cough sputum malaise chest fatigue high sweating rate lately,Pulmonology
having pain yellowish loss dark skin urine abdominal high weight fatigue vomiting fever itching,Gastroenterology
i feel painful joint neck swelling pain knee pain walking pain joints lately,Orthopedics
experiencing neck acidity indigestion stiff and blurred hunger depression headache distorted disturbances vision visual excessive,Neurology
experiencing appetite loss pain vomiting gases of abdominal indigestion passage of,Gastroenterology
i think it's body side altered weakness of headache sensorium one,Neurology
suffering from gases abdominal loss passage of internal itching vomiting appetite of pain indigestion,Gastroenterology
my main issue is chest appetite sweating lymph cough weight phlegm mild swelled loss pain breathlessness blood high fever malaise vomiting nodes in chills eyes sputum loss of of fever yellowing,Pulmonology
i feel throat congestion fatigue fever chest nose of sinus malaise continuous headache nodes redness chills runny muscle high cough lymph pressure phlegm of pain loss pain sneezing eyes swelled irritation smell lately,Pulmonology
i am having side vomiting altered of one body weakness headache sensorium,Neurology
experiencing walking joint joints pain swelling painful hip pain knee pain joint,Orthopedics
dealing with skin scurring filled pus blackheads rash pimples,Dermatology
dealing with loss indigestion appetite of abdominal vomiting itching gases passage pain internal of,Gastroenterology
my main issue is pain hip joints pain pain joint swelling walking painful joint knee,Orthopedics
feeling fever nausea high diarrhoea chills sweating pain headache muscle,Infectious
feeling stomach overload abdominal of fluid distention vomiting abdomen yellowish alcohol of consumption skin history of pain swelling,Gastroenterology
i have vision palpitations sweating and hunger tingling vomiting slurred anxiety drying irritability fatigue speech and headache excessive distorted nausea lips blurred,Endocrinology
my main issue is fatigue breathlessness sputum history cough family mucoid,Pulmonology
experiencing sweating fatigue chest heart fever pain malaise sputum chills cough phlegm fast high rate rusty,Pulmonology
having painful pain neck pain joints walking joint joint swelling hip knee pain pain,Orthopedics
experiencing distorted irritability neck disturbances hunger indigestion visual blurred depression stiff vision headache and excessive,Neurology
experiencing hip pain painful pain joint swelling neck joints pain knee walking pain joint,Orthopedics
my main issue is rusty breathlessness sputum phlegm fever malaise sweating rate heart fatigue fast cough high pain chest,Pulmonology
i think it's fever sore blister around nose skin yellow crust red high rash ooze,Dermatology
feeling shivering sneezing continuous watering eyes from,Dermatology
suffering from blackheads pus filled pimples scurring,Dermatology
i feel diarrhoea mood weight fatigue swings sweating loss weakness hunger abnormal excessive restlessness irritability muscle menstruation lately,Endocrinology
i feel sneezing watering eyes continuous chills shivering from lately,Dermatology
feeling in back neck of balance limbs weakness dizziness pain pain loss,Neurology
having loss back pain of dizziness neck pain balance,Neurology
i feel skin nausea appetite loss of family yellowish history fatigue lately,Gastroenterology
experiencing swings abnormal weight muscle hunger sweating irritability restlessness menstruation excessive mood diarrhoea weakness fatigue loss,Endocrinology
dealing with knee hip neck pain joints painful pain joint swelling walking pain,Orthopedics
suffering from of vomiting pain fever abdominal loss nausea appetite yellowing urine pain dark pain mild muscle of diarrhoea skin joint yellowish eyes,Gastroenterology
having skin vomiting fatigue abdominal dark pain urine weight high loss yellowish fever,Gastroenterology
feeling indigestion vomiting gases pain appetite of internal passage abdominal loss of itching,Gastroenterology
i am having skin of urine appetite fatigue yellowish eyes joint pain yellowing dark abdominal loss nausea vomiting pain of,Gastroenterology
i think it's mild chills fatigue eyes chest vomiting yellowing sputum high lymph fever blood of phlegm malaise loss in breathlessness nodes of pain sweating weight cough loss appetite swelled fever,Pulmonology
i think it's burning urine feel of discomfort micturition urine foul of smell continuous bladder,Urology
dealing with extremeties fatigue and brittle menstruation and abnormal feets enlarged face dizziness swollen mood puffy hands thyroid eyes depression lethargy irritability swings nails cold,Endocrinology
i feel eyes cough loss fever sweating appetite of pain nodes fever vomiting weight chills chest swelled blood of breathlessness yellowing phlegm in loss fatigue high sputum malaise mild lymph lately,Pulmonology
i feel abdominal pain eyes vomiting of yellowing skin nausea itching yellowish lately,
my main issue is urine of urine micturition smell continuous foul discomfort of feel bladder burning,Urology
experiencing on pain pain chest acidity cough ulcers vomiting stomach tongue,Gastroenterology
suffering from muscle weakness fast diarrhoea swings loss hunger restlessness irritability heart menstruation weight excessive abnormal rate fatigue mood sweating,Endocrinology
feeling cough breathlessness history mucoid sputum high family fever,Pulmonology
i have peeling pain dusting rash skin joint skin like inflammatory silver nails,Dermatology
i feel of dizziness in limbs balance pain neck weakness pain loss back lately,Neurology
dealing with of history of yellowish of distention skin overload stomach abdomen vomiting fluid consumption swelling alcohol,Gastroenterology
my main issue is joint the loss pain eyes high skin spots behind red nausea chills rash headache muscle fatigue pain body fever back over vomiting pain appetite of malaise pain,Infectious
my main issue is depression menstruation abnormal gain thyroid irritability enlarged mood fatigue swollen puffy and lethargy swings extremeties brittle dizziness weight nails face eyes,Endocrinology
suffering from of eyes yellowish pain failure nausea liver coma bleeding joint vomiting yellowing pain fever of fatigue dark urine skin acute abdominal loss high stomach appetite,Gastroenterology
suffering from obesity swollen legs on vessels swollen cramps fatigue calf prominent blood veins,Cardiology
experiencing of yellowish family fatigue loss eyes of nausea history skin yellowing appetite,Gastroenterology
having phlegm redness malaise fever fatigue nodes chills nose of chest swelled pressure lymph sneezing irritation sinus headache smell pain pain runny loss of continuous high throat cough muscle congestion eyes,Pulmonology
having veins vessels swollen swollen fatigue cramps prominent legs blood on calf bruising,Cardiology
i am having disturbances and blurred excessive depression distorted indigestion vision hunger visual stiff irritability acidity neck,Neurology
my main issue is swelling vomiting skin stomach pain history of consumption overload alcohol abdominal of fluid yellowish abdomen of distention,Gastroenterology
i think it's of limbs balance back in neck loss weakness pain pain dizziness,Neurology
i think it's skin micturition spotting itching burning stomach rash pain urination,Dermatology
i feel body fatigue malaise lethargy lymph mild headache of nodes fever appetite over swelled itching spots red loss fever rash high skin lately,Infectious
experiencing pain in loss pain balance back dizziness weakness of neck limbs,Neurology
experiencing headache altered vomiting sensorium,Neurology
experiencing dents silver small inflammatory pain joint nails peeling dusting skin nails in like,Dermatology
suffering from like nails inflammatory in pain joint nails rash dents skin silver small dusting skin peeling,Dermatology
dealing with visual irritability vision neck distorted blurred indigestion hunger headache acidity and excessive stiff disturbances depression,Neurology
dealing with dischromic skin nodal patches skin eruptions rash itching,Dermatology
having rash filled skin scurring pus pimples blackheads,Dermatology
i think it's breathlessness family cough history fever mucoid high sputum fatigue,Pulmonology
having burning urine micturition smell feel urine of continuous foul discomfort of bladder,Urology
i feel high abdominal belly toxic fatigue look fever constipation pain nausea pain (typhos) chills vomiting headache lately,Infectious
having side altered one headache body weakness vomiting sensorium of,Neurology
having chills fast rusty heart sputum fatigue breathlessness fever high cough malaise rate chest phlegm pain sweating,Pulmonology
i think it's overload pain distention skin stomach alcohol of of of abdominal yellowish consumption history fluid swelling vomiting abdomen,Gastroenterology
suffering from vomiting diarrhoea dehydration,Gastroenterology
feeling ulcers on pain chest acidity tongue cough stomach pain,Gastroenterology
having pain walking joint joints painful knee joint swelling hip pain neck pain pain,Orthopedics
i feel in back weakness pain balance loss neck pain dizziness limbs of lately,Neurology
i think it's blister crust nose red rash around yellow skin sore ooze,Dermatology
suffering from prominent blood veins on calf cramps obesity vessels bruising swollen legs swollen fatigue,Cardiology
having fatigue cough breathlessness history family mucoid sputum fever high,Pulmonology
dealing with swelling pain vomiting of skin abdominal stomach history abdomen of consumption alcohol of yellowish fluid distention overload,Gastroenterology
i think it's swollen nails dizziness swings weight enlarged eyes and lethargy brittle face feets and abnormal hands extremeties thyroid mood irritability menstruation cold puffy fatigue gain depression,Endocrinology
my main issue is pain skin nausea of dark joint yellowish pain urine pain diarrhoea mild vomiting eyes yellowing abdominal muscle fever,Gastroenterology
suffering from patches muscle contacts fever marital high wasting in throat extra,Infectious
i think it's pain sweating chest breathlessness,Cardiology
feeling loss appetite headache red malaise mild skin fatigue nodes of itching rash fever spots swelled body over fever high lymph,Infectious
dealing with unsteadiness spinning of vomiting loss headache movements nausea balance,
i am having pain nausea diarrhoea fever muscle skin abdominal pain appetite loss of vomiting yellowing eyes mild pain joint of yellowish,Gastroenterology
dealing with walking swelling weakness painful muscle neck joints stiff,Orthopedics
i feel feets swings menstruation abnormal nails dizziness eyes extremeties and fatigue depression and swollen brittle face cold hands enlarged gain thyroid mood puffy weight irritability lately,Endocrinology
i am having breathlessness chest pain vomiting sweating,Cardiology
i have rash burning stomach pain skin spotting urination micturition,Dermatology
i have joints painful neck stiff weakness movement swelling stiffness walking muscle,Orthopedics
experiencing loss of yellowing appetite abdominal yellowish vomiting nausea pain skin itching of eyes,
my main issue is yellowing receiving loss eyes malaise appetite yellow yellowish urine transfusion of receiving skin unsterile abdominal lethargy fatigue pain itching urine blood injections dark of,Gastroenterology
i feel dusting like silver rash in skin pain dents nails small joint inflammatory skin peeling nails lately,Dermatology
feeling chills pain fever muscle nausea sweating high diarrhoea headache vomiting,Infectious
suffering from of skin yellowish abdominal overload distention stomach abdomen swelling pain fluid vomiting of,Gastroenterology
feeling sweating high pain diarrhoea fever chills vomiting nausea muscle headache,Infectious
suffering from eyes nausea yellowish of pain abdominal itching vomiting appetite skin loss yellowing of,
i think it's stomach pain micturition urination rash burning spotting skin,Dermatology
i am having indigestion appetite of itching loss abdominal gases passage pain of internal,Gastroenterology
i feel inflammatory peeling rash joint nails nails dents pain small skin in skin lately,Dermatology
my main issue is sweating chest pain vomiting breathlessness,Cardiology
i think it's urination burning rash pain skin spotting stomach itching micturition,Dermatology
my main issue is of skin nausea abdominal yellowish pain of eyes dark acute loss pain fever joint urine appetite coma high bleeding fatigue stomach liver failure vomiting yellowing,Gastroenterology
i feel discomfort continuous bladder urine foul feel of micturition burning urine smell of lately,Urology
feeling of micturition of continuous burning urine feel discomfort urine foul smell bladder,Urology
experiencing rash mild headache skin high of fever spots fatigue body fever red appetite lethargy over loss itching malaise,Infectious
my main issue is swelled fatigue pressure fever lymph sneezing throat pain eyes nodes loss phlegm high pain runny chills of of cough chest nose continuous redness sinus congestion smell irritation muscle malaise headache,Pulmonology
feeling rash skin pus filled scurring pimples blackheads,Dermatology
i think it's urine abdominal transfusion of of blood appetite urine injections loss itching receiving receiving malaise eyes unsterile yellowish dark lethargy skin yellowing pain yellow,Gastroenterology
i have dark abdominal of skin pain loss nausea of joint yellowish pain appetite yellowing eyes urine vomiting fatigue,Gastroenterology
having fatigue face enlarged feets weight depression swollen hands cold irritability lethargy abnormal dizziness and and extremeties menstruation thyroid brittle eyes gain puffy nails,Endocrinology
i feel fever skin nose ooze sore rash high yellow blister red around crust lately,Dermatology
i feel loss of gases indigestion internal of passage abdominal pain itching appetite lately,Gastroenterology
having skin loss fever yellowish joint pain abdominal eyes of of mild appetite pain diarrhoea yellowing nausea muscle vomiting pain,Gastroenterology
i am having stomach itching rash pain burning skin micturition,Dermatology
suffering from sweating lips vision slurred drying palpitations nausea hunger anxiety headache speech distorted excessive and blurred tingling irritability fatigue and vomiting,Endocrinology
suffering from pain on stomach tongue ulcers vomiting cough acidity pain chest,Gastroenterology
i feel pimples scurring blackheads filled pus skin rash lately,Dermatology
i am having of body one side weakness headache sensorium altered vomiting,Neurology
i feel breathlessness fever chest nodes sweating in lymph of pain sputum fever appetite malaise swelled chills mild high blood cough weight vomiting eyes loss phlegm fatigue of yellowing loss lately,Pulmonology
suffering from of eyes vomiting yellowing dark acute failure skin fever coma yellowish liver of pain high fatigue bleeding stomach abdominal nausea appetite joint pain loss urine,Gastroenterology
having fatigue speech distorted hunger nausea palpitations and irritability vomiting sweating excessive and drying tingling anxiety lips headache vision blurred slurred,Endocrinology
having nausea high pain muscle joint vomiting malaise chills fever skin fatigue spots back rash pain headache pain loss behind eyes of pain red over body the appetite,Infectious
having blood bruising swollen calf on legs prominent vessels obesity fatigue veins cramps swollen,Cardiology
i am having walking painful stiffness swelling neck joints movement stiff,Orthopedics
suffering from muscle diarrhoea restlessness weight irritability sweating swings menstruation abnormal rate weakness fatigue mood hunger heart loss fast excessive,Endocrinology
i think it's tingling drying slurred headache blurred lips palpitations irritability excessive anxiety hunger sweating speech vision fatigue and distorted vomiting and,Endocrinology
dealing with pain limbs dizziness neck back in pain weakness,Neurology
dealing with itching loss yellowish of of appetite eyes vomiting nausea skin yellowing,
feeling lymph fatigue fever swelled chills loss phlegm vomiting of blood nodes appetite sweating cough loss breathlessness eyes mild of pain high sputum fever malaise in yellowing chest weight,Pulmonology
i have rate irritability excessive weight fatigue muscle hunger restlessness abnormal heart mood diarrhoea swings sweating menstruation weakness loss fast,Endocrinology
i am having of burning smell foul micturition discomfort bladder urine,Urology
feeling chills from eyes shivering sneezing watering continuous,Dermatology
experiencing blackheads rash skin pimples filled pus,Dermatology
i feel vomiting nausea of appetite yellowing eyes pain of itching loss yellowish skin abdominal lately,
having chest pain vomiting sweating breathlessness,Cardiology
having pain history of abdomen fluid of stomach of alcohol yellowish overload consumption swelling abdominal vomiting distention skin,Gastroenterology
dealing with vomiting ulcers on acidity tongue chest pain cough pain stomach,Gastroenterology
having family fatigue cough breathlessness mucoid history sputum,Pulmonology
i have yellowing pain nausea pain abdominal joint vomiting eyes dark of fatigue loss urine of appetite,Gastroenterology
suffering from nose high skin ooze yellow blister sore around crust rash red fever,Dermatology
i am having of mild swelled appetite fever breathlessness loss in vomiting nodes chest malaise weight fatigue cough sweating yellowing loss of phlegm pain blood high sputum eyes fever chills lymph,Pulmonology
i have muscle the high spots behind pain pain of vomiting eyes fatigue pain nausea red chills rash appetite skin loss malaise back pain headache joint fever over body,Infectious
having breathlessness fatigue cough sputum mucoid high fever,Pulmonology
i feel eyes sneezing from continuous chills watering shivering lately,Dermatology
i feel hunger irritability fatigue sweating fast heart diarrhoea restlessness muscle swings rate weight weakness excessive mood abnormal menstruation loss lately,Endocrinology
i am having unsteadiness balance loss vomiting headache of spinning movements nausea,
i think it's abdomen alcohol overload yellowish skin stomach of vomiting history of distention swelling consumption of fluid,Gastroenterology
i feel mild pain eyes joint diarrhoea muscle vomiting abdominal pain urine nausea dark fever yellowish yellowing skin pain of lately,Gastroenterology
i have dehydration sunken vomiting diarrhoea eyes,Gastroenterology
feeling pain back of fatigue pain joint behind pain loss vomiting rash fever eyes high chills skin body appetite headache pain over the red muscle nausea spots,Infectious
i have abnormal diarrhoea hunger mood excessive muscle rate fatigue sweating heart loss swings fast weakness menstruation weight irritability,Endocrinology
i am having legs vessels obesity prominent swollen cramps blood fatigue swollen on bruising veins calf,Cardiology
i think it's fever headache nausea sweating vomiting diarrhoea pain high muscle chills,Infectious
having of nausea vomiting headache loss balance movements unsteadiness spinning,
i feel walking muscle movement weakness neck stiffness swelling joints painful stiff lately,Orthopedics
having scurring blackheads skin rash,Dermatology
suffering from altered of vomiting sensorium headache body weakness one side,Neurology
i have altered body weakness sensorium vomiting of one headache side,Neurology
i think it's sweating breathlessness pain chest vomiting,Cardiology
i have eyes stomach yellowing dark loss abdominal failure fever liver of fatigue joint yellowish of skin bleeding pain nausea appetite acute pain high urine coma vomiting,Gastroenterology
i think it's swelled malaise fatigue headache of appetite body red itching rash spots mild lymph skin nodes lethargy over loss fever,Infectious
my main issue is neck movement walking swelling stiffness muscle weakness painful stiff joints,Orthopedics
i am having patches marital contacts extra in fever high throat,Infectious
i feel nodal dischromic eruptions skin patches itching lately,Dermatology
feeling balance loss movements spinning nausea unsteadiness vomiting headache of,
feeling high loss pain vomiting itching fever urine fatigue weight dark abdominal,Gastroenterology
i have of appetite indigestion itching pain internal vomiting abdominal loss,Gastroenterology
my main issue is extra marital high in throat fever contacts patches,Infectious
suffering from hip pain joint joint swelling knee pain pain joints painful neck pain walking,Orthopedics
i feel stiff neck acidity visual headache and hunger distorted disturbances vision excessive indigestion depression blurred irritability lately,Neurology
my main issue is altered headache sensorium vomiting,Neurology
dealing with fever skin urine diarrhoea of yellowish pain yellowing mild of pain muscle loss joint pain eyes dark vomiting abdominal appetite nausea,Gastroenterology
having fatigue fever history breathlessness high family cough,Pulmonology
having nausea liver eyes vomiting joint coma bleeding fatigue acute skin of stomach yellowing loss of appetite yellowish high pain abdominal fever pain failure,Gastroenterology
experiencing urine malaise itching of pain yellowish appetite unsterile skin eyes urine receiving yellow blood injections lethargy transfusion of receiving dark abdominal yellowing fatigue loss,Gastroenterology
having legs swollen vessels blood veins obesity cramps bruising prominent on swollen calf fatigue,Cardiology
i feel abdomen stomach of skin pain consumption vomiting yellowish swelling of abdominal history distention fluid alcohol of overload lately,Gastroenterology
my main issue is pain of abdominal alcohol history swelling stomach overload fluid abdomen vomiting yellowish of distention consumption skin of,Gastroenterology
experiencing eyes nausea loss yellowish family skin history appetite yellowing of fatigue of,Gastroenterology
i feel nausea fever loss dark fatigue appetite liver pain bleeding yellowing urine pain of failure skin high joint coma of yellowish stomach acute eyes abdominal lately,Gastroenterology
dealing with sputum family breathlessness mucoid fever fatigue history high,Pulmonology
i think it's joints walking hip joint joint neck pain pain pain swelling painful pain knee,Orthopedics
having loss yellowish abdominal skin yellowing nausea vomiting pain appetite eyes of of itching,
suffering from of phlegm sinus pressure fatigue pain malaise smell eyes runny chills lymph of congestion sneezing redness swelled pain headache nose nodes continuous chest loss throat cough irritation muscle,Pulmonology
experiencing abnormal sweating swings weakness muscle heart diarrhoea menstruation hunger weight restlessness loss excessive irritability mood fatigue fast rate,Endocrinology
feeling from eyes continuous sneezing shivering chills watering,Dermatology
i have the high nausea muscle behind malaise fatigue back vomiting spots pain of loss pain fever over red chills pain joint appetite body headache pain eyes,Infectious
feeling abdominal unsterile transfusion eyes yellow dark blood pain urine receiving fatigue lethargy malaise of skin yellowing yellowish urine receiving itching injections,Gastroenterology
i think it's fatigue fever rate cough rusty chills sputum fast pain chest malaise high heart phlegm sweating,Pulmonology
dealing with family history yellowish of appetite nausea fatigue skin loss,Gastroenterology
my main issue is weight fatigue fast abnormal weakness hunger heart restlessness sweating excessive loss rate diarrhoea menstruation irritability muscle,Endocrinology
i feel joint yellowish loss yellowing nausea pain abdominal of fatigue skin of eyes urine pain dark vomiting appetite lately,Gastroenterology
suffering from high smell redness phlegm chest pressure fever sneezing lymph eyes nodes swelled chills loss pain fatigue headache muscle congestion of pain of continuous irritation sinus runny cough malaise throat nose,Pulmonology
suffering from pain weakness balance loss of neck limbs in pain back,Neurology
suffering from legs obesity prominent veins fatigue cramps bruising on calf swollen,Cardiology
i think it's dehydration vomiting eyes sunken diarrhoea,Gastroenterology
i think it's walking painful swelling pain joint pain knee hip neck joint pain joints pain,Orthopedics
feeling fever pain high pain joint appetite dark abdominal urine failure of fatigue stomach yellowing loss nausea coma acute liver of eyes vomiting bleeding,Gastroenterology
i think it's joints pain joint joint neck swelling hip painful pain pain knee pain walking,Orthopedics
having itching rash nodal patches dischromic skin skin eruptions,Dermatology
having spinning unsteadiness vomiting nausea headache movements,
feeling muscle joints weakness painful neck movement stiffness walking stiff swelling,Orthopedics
dealing with like dents small pain silver inflammatory peeling skin rash nails joint nails skin in dusting,Dermatology
i feel rusty fever cough phlegm pain fast heart sweating high malaise sputum chest rate breathlessness fatigue lately,Pulmonology
experiencing distorted depression and hunger disturbances excessive headache visual acidity blurred indigestion irritability vision,Neurology
i have swollen prominent obesity blood veins on swollen vessels calf legs bruising cramps fatigue,Cardiology
my main issue is dehydration diarrhoea vomiting,Gastroenterology
dealing with chills fever muscle nausea headache pain sweating vomiting high,Infectious
my main issue is alcohol abdomen fluid abdominal pain of distention of consumption vomiting stomach swelling history of overload,Gastroenterology
feeling fever eyes runny congestion irritation muscle pain lymph of sneezing swelled smell continuous sinus cough nodes loss headache redness of chest pain phlegm nose pressure malaise fatigue high chills throat,Pulmonology
suffering from family high breathlessness sputum fatigue fever mucoid cough history,Pulmonology
dealing with burning urine bladder of of urine foul continuous micturition discomfort feel smell,Urology
i think it's swings weakness restlessness sweating hunger weight abnormal muscle fatigue loss irritability menstruation rate heart diarrhoea fast excessive mood,Endocrinology
suffering from foul continuous of burning smell urine bladder urine discomfort micturition of feel,Urology
my main issue is toxic abdominal fatigue high constipation chills look vomiting pain nausea diarrhoea fever (typhos) pain belly headache,Infectious
i have abdominal of skin fluid yellowish overload consumption abdomen pain vomiting alcohol distention of history,Gastroenterology
i think it's smell feel urine foul of bladder continuous urine discomfort of micturition burning,Urology
i have fatigue weight dark pain itching vomiting high yellowish abdominal skin loss urine fever,Gastroenterology
experiencing brittle extremeties abnormal enlarged nails thyroid swollen hands dizziness depression mood fatigue weight feets lethargy cold and menstruation gain swings irritability,Endocrinology
i am having fever malaise cough pain rate sweating phlegm breathlessness chest heart fatigue chills fast rusty high sputum,Pulmonology
having fever abdominal eyes urine joint pain dark of stomach appetite yellowing vomiting pain yellowish high nausea bleeding coma loss skin of fatigue,Gastroenterology
my main issue is loss history eyes yellowing of appetite yellowish fatigue family skin of,Gastroenterology
i have diarrhoea chills fever muscle pain headache sweating nausea vomiting high,Infectious
suffering from continuous urine of feel discomfort burning micturition bladder,Urology
suffering from spots over nodes appetite swelled loss skin fever red fatigue mild body headache fever rash lethargy of malaise high lymph,Infectious
suffering from excessive loss diarrhoea fast abnormal weight restlessness weakness sweating irritability hunger fatigue menstruation heart rate muscle mood swings,Endocrinology
having prominent fatigue vessels calf on blood swollen cramps bruising swollen veins obesity legs,Cardiology
feeling eyes loss pain yellowing of appetite yellowish of skin nausea vomiting abdominal itching,
dealing with breathlessness sputum fatigue fever high family cough history mucoid,Pulmonology
experiencing vomiting pain sweating chest,Cardiology
feeling skin urination itching micturition rash spotting pain burning stomach,Dermatology
i think it's nausea history loss of yellowish skin fatigue eyes yellowing appetite of family,Gastroenterology
i have pain chest of appetite fever weight sweating of eyes swelled yellowing breathlessness vomiting mild chills sputum phlegm fatigue blood high in loss fever malaise cough loss lymph nodes,Pulmonology
dealing with headache pain eyes pain chills fever skin fatigue of nausea joint body loss the appetite over pain muscle behind high red pain rash back vomiting spots,Infectious
experiencing high sweating fever pain diarrhoea vomiting muscle chills nausea headache,Infectious
i am having high sweating chills vomiting nausea muscle fever pain diarrhoea headache,Infectious
i have appetite yellowing fatigue skin pain joint of yellowish abdominal pain vomiting of eyes nausea loss dark urine,Gastroenterology
feeling overload swelling stomach consumption distention yellowish of vomiting abdominal abdomen pain skin of history alcohol fluid of,Gastroenterology
i think it's scurring rash blackheads pimples filled pus skin,Dermatology
feeling diarrhoea dehydration sunken eyes,Gastroenterology
suffering from pain red pain pain malaise fever joint of high vomiting appetite fatigue chills nausea the headache pain back loss spots rash eyes skin muscle behind over body,Infectious
experiencing fatigue pain (typhos) fever diarrhoea toxic vomiting look belly chills nausea constipation high headache pain abdominal,Infectious
i feel high yellow fever crust nose ooze around skin rash blister sore red lately,Dermatology
i have urine loss pain nausea vomiting appetite yellowish joint skin pain eyes yellowing of abdominal dark of,Gastroenterology
my main issue is body altered headache weakness sensorium one vomiting of side,Neurology
having nausea eyes yellowing of joint pain urine appetite pain of yellowish loss dark skin abdominal fatigue vomiting,Gastroenterology
i have smell urine bladder urine discomfort of micturition feel foul burning continuous of,Urology
i feel swelled sputum high loss nodes fever fatigue yellowing of malaise blood mild weight of lymph eyes vomiting phlegm loss breathlessness cough chest appetite pain in chills fever lately,Pulmonology
my main issue is burning pain spotting itching skin stomach urination rash micturition,Dermatology
having sweating fatigue fever in loss malaise mild chills yellowing nodes blood weight swelled fever of breathlessness eyes pain loss phlegm high sputum chest of cough vomiting appetite lymph,Pulmonology
suffering from vomiting dehydration diarrhoea,Gastroenterology
dealing with rash pimples pus scurring blackheads filled skin,Dermatology
experiencing mild of vomiting pain yellowing eyes pain fever joint nausea dark diarrhoea pain yellowish skin abdominal muscle urine,Gastroenterology
feeling receiving appetite yellow fatigue blood eyes malaise abdominal of injections skin receiving lethargy pain unsterile itching yellowing of transfusion urine loss urine dark yellowish,Gastroenterology
i feel chest breathlessness sweating pain vomiting lately,Cardiology
having loss fatigue yellowing appetite family of history of eyes yellowish nausea skin,Gastroenterology
i have headache lethargy fever fatigue swelled skin mild spots appetite lymph rash fever of body nodes high loss over red malaise itching,Infectious
dealing with of balance headache nausea loss spinning movements vomiting unsteadiness,
dealing with high rash skin blister ooze fever yellow crust,Dermatology
i am having sweating phlegm rusty rate heart pain fast high sputum fatigue malaise chest breathlessness chills cough fever,Pulmonology
i have mood restlessness sweating weakness rate diarrhoea muscle fast excessive swings hunger abnormal fatigue menstruation irritability heart,Endocrinology
feeling of of vomiting joint eyes pain urine loss dark abdominal yellowish skin nausea pain appetite yellowing fatigue,Gastroenterology
having pain back body of skin pain pain red nausea chills malaise muscle spots eyes behind pain loss appetite fever fatigue over high vomiting headache joint the rash,Infectious
i feel skin nausea appetite vomiting loss of yellowish abdominal yellowing itching pain eyes of lately,
dealing with skin patches rash dischromic itching,Dermatology
i feel sneezing watering eyes shivering chills continuous from lately,Dermatology
i have eyes sunken vomiting dehydration diarrhoea,Gastroenterology
feeling weakness one vomiting side of headache body,Neurology
i am having family fatigue high cough sputum history mucoid breathlessness fever,Pulmonology
having history skin eyes of loss fatigue nausea appetite yellowing yellowish family of,Gastroenterology
my main issue is dehydration sunken vomiting eyes diarrhoea,Gastroenterology
i feel from chills shivering eyes sneezing watering continuous lately,Dermatology
feeling pain behind nausea body of appetite eyes chills high fever the pain pain spots back vomiting malaise loss rash skin muscle red joint over headache pain fatigue,Infectious
dealing with eyes high of coma yellowing dark bleeding loss abdominal yellowish liver appetite skin pain joint pain fatigue urine of failure acute nausea vomiting stomach fever,Gastroenterology
feeling around crust blister yellow rash sore skin high ooze red fever nose,Dermatology
my main issue is vision indigestion blurred acidity visual and stiff headache depression neck irritability disturbances distorted,Neurology
having of vomiting itching passage abdominal indigestion gases internal pain,Gastroenterology
i feel belly pain look (typhos) headache fatigue abdominal toxic chills fever pain high nausea diarrhoea constipation lately,Infectious
dealing with eyes dehydration vomiting sunken diarrhoea,Gastroenterology
i think it's irritability abnormal restlessness excessive weakness swings sweating weight heart mood muscle hunger fast rate menstruation loss fatigue diarrhoea,Endocrinology
feeling high cough fatigue family fever sputum mucoid history breathlessness,Pulmonology
my main issue is urine nausea loss pain pain yellowish skin abdominal vomiting dark fatigue joint of appetite,Gastroenterology
suffering from unsteadiness headache nausea of movements spinning balance vomiting loss,
i am having high sore crust around red yellow nose fever ooze blister skin rash,Dermatology
experiencing yellowish of nausea loss fatigue eyes skin family history appetite yellowing of,Gastroenterology
experiencing neck pain joints walking pain knee pain painful swelling joint,Orthopedics
dealing with gases pain abdominal of internal of appetite loss indigestion passage itching,Gastroenterology
having swelling joint hip joints pain joint painful pain neck walking pain,Orthopedics
i am having eyes watering continuous sneezing chills from shivering,Dermatology
i feel joints stiffness weakness movement neck stiff painful walking muscle swelling lately,Orthopedics
my main issue is skin rash pus pimples filled scurring blackheads,Dermatology
i feel spinning headache loss movements of balance unsteadiness nausea vomiting lately,
i think it's eyes nausea loss appetite fatigue yellowish yellowing skin of history family of,Gastroenterology
i am having shivering continuous sneezing eyes chills watering from,Dermatology
having on stomach pain vomiting chest pain ulcers cough tongue acidity,Gastroenterology
i am having acidity on pain chest pain tongue ulcers stomach vomiting,Gastroenterology
my main issue is neck weakness back limbs balance in dizziness pain pain loss of,Neurology
experiencing dischromic patches eruptions itching nodal skin,Dermatology
i think it's chills abdominal diarrhoea (typhos) headache high fatigue belly nausea fever look pain constipation pain toxic vomiting,Infectious
i feel appetite eyes receiving itching receiving loss lethargy blood malaise yellowish abdominal urine pain of yellow transfusion urine fatigue dark yellowing of injections unsterile skin lately,Gastroenterology
experiencing stiff neck swelling stiffness weakness joints movement walking muscle painful,Orthopedics
having diarrhoea fever toxic (typhos) chills pain look nausea fatigue vomiting abdominal high constipation headache,Infectious
i have itching fever high nodes lymph over rash red spots malaise body fever headache mild skin fatigue swelled lethargy,Infectious
experiencing chest breathlessness sweating pain vomiting,Cardiology
having headache nausea pain belly diarrhoea look (typhos) high fatigue abdominal constipation pain fever vomiting toxic chills,Infectious
feeling menstruation mood abnormal rate heart irritability sweating restlessness fast hunger excessive weight fatigue muscle swings diarrhoea weakness loss,Endocrinology
i think it's fatigue skin nausea of of loss family eyes yellowing appetite yellowish history,Gastroenterology
i think it's headache and neck distorted indigestion blurred depression stiff irritability acidity visual disturbances vision,Neurology
feeling history mucoid fever high breathlessness cough sputum fatigue family,Pulmonology
i feel walking weakness stiffness muscle joints neck movement stiff swelling painful lately,Orthopedics
i have internal indigestion abdominal vomiting of of passage gases loss appetite pain itching,Gastroenterology
i think it's overload fluid of yellowish alcohol of swelling stomach abdomen of history consumption vomiting abdominal distention pain skin,Gastroenterology
i have fatigue family cough history fever breathlessness mucoid sputum high,Pulmonology
i have eyes yellowing of yellowish nausea pain abdominal itching vomiting skin of loss appetite,
i feel movement painful joints neck swelling walking stiff muscle weakness stiffness lately,Orthopedics
experiencing skin fatigue pain fever joint headache muscle chills malaise pain the nausea high pain back behind appetite pain vomiting of loss rash eyes,Infectious
my main issue is pain knee swelling painful pain walking joint pain hip joints pain joint neck,Orthopedics
feeling malaise phlegm sinus lymph loss sneezing swelled pain irritation eyes of chest pain redness nodes fatigue chills continuous throat muscle pressure nose cough congestion smell runny headache of,Pulmonology
feeling limbs back loss pain of balance pain dizziness in weakness neck,Neurology
i have smell of irritation congestion throat pain loss high cough chest malaise redness fatigue nodes headache lymph fever continuous sinus phlegm runny sneezing swelled pain of nose pressure chills muscle eyes,Pulmonology
feeling continuous shivering watering sneezing eyes from,Dermatology
my main issue is yellowing loss of pain yellowish fatigue urine skin vomiting eyes joint nausea of dark abdominal appetite pain,Gastroenterology
dealing with yellowish yellowing of nausea fatigue of skin loss eyes appetite history family,Gastroenterology
i have of abdominal pain joint vomiting pain dark yellowing loss nausea appetite eyes urine fatigue of,Gastroenterology
dealing with unsterile blood dark urine yellow abdominal skin receiving loss lethargy eyes appetite yellowish urine of itching of transfusion injections malaise fatigue yellowing pain receiving,Gastroenterology
experiencing yellowish vomiting skin urine loss yellowing dark appetite pain nausea of eyes joint fatigue of,Gastroenterology
my main issue is history loss skin of family nausea fatigue appetite yellowish,Gastroenterology
feeling scurring skin blackheads rash,Dermatology
i think it's vomiting palpitations lips excessive speech and sweating hunger headache nausea irritability slurred tingling fatigue anxiety drying,Endocrinology
my main issue is malaise rate heart high sputum breathlessness sweating pain fast fatigue rusty cough fever phlegm chest chills,Pulmonology
dealing with nausea pain sweating high chills muscle vomiting headache fever,Infectious
suffering from disturbances excessive and indigestion hunger acidity blurred headache distorted visual irritability vision depression,Neurology
i have headache of one altered side weakness body vomiting sensorium,Neurology
i have excessive mood menstruation restlessness fast weight swings fatigue diarrhoea irritability abnormal weakness loss rate muscle heart hunger sweating,Endocrinology
feeling joints painful neck swelling walking muscle weakness movement stiff stiffness,Orthopedics
i feel fever in patches throat high wasting muscle lately,Infectious
i have contacts wasting high extra patches marital muscle throat in fever,Infectious
i have loss mood hunger weight muscle heart sweating rate menstruation weakness abnormal diarrhoea excessive restlessness fast swings fatigue irritability,Endocrinology
i feel skin fatigue abdominal transfusion yellowish appetite blood urine pain receiving injections unsterile of itching yellowing of urine malaise loss yellow receiving eyes dark lately,Gastroenterology
dealing with yellowish skin pain appetite vomiting joint of pain of eyes nausea abdominal loss yellowing fatigue,Gastroenterology
having appetite of eyes of vomiting nausea yellowish abdominal itching skin loss yellowing pain,
feeling pimples skin blackheads scurring filled pus rash,Dermatology
i have wasting contacts in extra muscle throat high marital patches fever,Infectious
i feel in skin skin small silver rash like peeling nails inflammatory nails dusting dents lately,Dermatology
experiencing speech irritability blurred hunger excessive and distorted sweating and headache slurred lips vision tingling nausea vomiting fatigue palpitations drying,Endocrinology
feeling history sputum mucoid high fever cough family breathlessness,Pulmonology
having fever chills nausea pain fatigue vomiting toxic constipation pain high diarrhoea look belly (typhos) headache abdominal,Infectious
having muscle in high throat patches fever wasting,Infectious
i feel sweating fatigue loss abnormal weight mood fast muscle irritability restlessness hunger excessive heart menstruation swings weakness rate diarrhoea lately,Endocrinology
having nausea abdominal skin of pain loss itching appetite yellowing eyes yellowish of vomiting,
i have pain joints pain swelling joint pain pain hip painful joint knee walking neck,Orthopedics
feeling pain sweating chest breathlessness vomiting,Cardiology
i think it's depression dizziness feets hands cold puffy abnormal mood swings gain and lethargy thyroid swollen nails and menstruation extremeties enlarged brittle irritability face weight eyes fatigue,Endocrinology
i feel yellowing pain bleeding failure vomiting urine eyes of fatigue stomach acute yellowish abdominal dark nausea loss skin of liver fever pain joint appetite coma high lately,Gastroenterology
i feel vomiting dehydration eyes diarrhoea sunken lately,Gastroenterology
feeling fever fatigue cough family sputum history mucoid high,Pulmonology
suffering from failure stomach high joint loss eyes fatigue urine dark vomiting yellowish pain yellowing appetite coma acute of fever pain of skin bleeding abdominal liver nausea,Gastroenterology
i have muscle neck stiffness stiff weakness walking painful movement,Orthopedics
suffering from enlarged cold abnormal mood hands swollen dizziness irritability and feets depression extremeties nails swings puffy gain and eyes thyroid menstruation weight face fatigue brittle lethargy,Endocrinology
i am having appetite of abdominal yellowish pain of joint dark yellowing pain fever loss pain mild eyes muscle vomiting skin urine diarrhoea nausea,Gastroenterology
feeling of loss movements nausea headache spinning vomiting unsteadiness balance,
having blurred distorted vision and headache drying lips excessive slurred speech tingling fatigue vomiting and irritability hunger anxiety palpitations nausea sweating,Endocrinology
feeling ooze fever blister nose around high yellow red crust sore,Dermatology
having sunken vomiting dehydration eyes diarrhoea,Gastroenterology
i have pain joint neck knee pain swelling walking joints hip painful joint pain pain,Orthopedics
having sweating headache vomiting fever nausea high muscle pain chills diarrhoea,Infectious
suffering from injections lethargy fatigue of abdominal yellowish appetite receiving of blood malaise unsterile itching urine pain loss transfusion dark eyes yellow urine receiving skin yellowing,Gastroenterology
having urine yellowish yellowing bleeding of abdominal failure joint stomach of loss pain vomiting coma fatigue liver eyes acute appetite pain dark fever high skin,Gastroenterology
i am having gases passage of indigestion appetite of loss abdominal pain internal itching,Gastroenterology
feeling extremeties lethargy thyroid enlarged menstruation brittle swings and mood dizziness nails hands gain cold depression fatigue irritability feets abnormal weight swollen,Endocrinology
i have in high patches contacts marital throat muscle extra wasting fever,Infectious
i have loss itching vomiting eyes skin appetite abdominal yellowish of of pain yellowing,
i am having of pressure headache redness cough chills fatigue high malaise of swelled nose smell muscle eyes runny pain loss lymph nodes phlegm continuous sneezing pain throat fever irritation congestion sinus chest,Pulmonology
i think it's micturition burning pain stomach rash skin itching,Dermatology
my main issue is yellowing blood receiving appetite dark lethargy fatigue itching receiving loss malaise of yellowish injections urine unsterile yellow urine skin transfusion eyes of,Gastroenterology
having vomiting fever pain diarrhoea nausea high muscle sweating chills,Infectious
feeling one vomiting of body side weakness headache sensorium altered,Neurology
experiencing calf fatigue legs on bruising obesity prominent swollen veins cramps,Cardiology
i think it's skin skin peeling silver nails rash dusting inflammatory like pain joint,Dermatology
having rate chest fever pain breathlessness phlegm sweating sputum cough fatigue fast chills heart high rusty,Pulmonology
i am having fatigue veins swollen vessels swollen prominent legs bruising blood on obesity calf cramps,Cardiology
feeling fever abdominal loss mild skin vomiting yellowing nausea urine diarrhoea joint muscle dark yellowish pain pain eyes pain of appetite of,Gastroenterology
i am having abdomen fluid of skin swelling of yellowish history pain of abdominal stomach vomiting overload consumption distention alcohol,Gastroenterology
feeling abdominal urine pain dark yellowish fever weight fatigue vomiting loss skin high itching,Gastroenterology
suffering from painful joints swelling pain joint pain pain joint knee walking hip pain neck,Orthopedics
experiencing passage vomiting appetite indigestion of abdominal itching loss gases pain of internal,Gastroenterology
my main issue is dehydration diarrhoea eyes vomiting sunken,Gastroenterology
feeling urine yellowish loss receiving urine unsterile abdominal receiving yellowing blood yellow dark itching transfusion fatigue pain appetite malaise eyes of lethargy injections of skin,Gastroenterology
i have dusting silver joint skin peeling like nails pain in rash small dents skin,Dermatology
i am having family history fever cough fatigue mucoid high breathlessness sputum,Pulmonology
i think it's history of skin fluid vomiting of stomach of abdominal swelling yellowish pain alcohol overload abdomen distention consumption,Gastroenterology
feeling fatigue brittle lethargy menstruation abnormal eyes dizziness mood thyroid gain extremeties hands feets depression cold irritability enlarged nails and and puffy weight swings face swollen,Endocrinology
experiencing high sweating pain fever rate fast malaise phlegm sputum chills breathlessness cough rusty fatigue heart chest,Pulmonology
i have walking pain joints swelling painful knee pain hip joint pain joint neck pain,Orthopedics
i think it's fatigue weight fever urine itching abdominal vomiting yellowish skin high dark pain loss,Gastroenterology
i think it's history sputum cough high fever breathlessness family mucoid,Pulmonology
i have indigestion irritability excessive distorted headache vision visual disturbances and neck hunger depression blurred stiff,Neurology
i am having pain abdominal diarrhoea pain loss yellowish eyes appetite nausea of mild urine joint pain muscle of dark vomiting fever skin yellowing,Gastroenterology
feeling fatigue nausea yellowing skin eyes of of appetite loss yellowish,Gastroenterology
feeling puffy fatigue and swings lethargy mood depression cold hands irritability nails enlarged swollen feets extremeties brittle eyes weight menstruation gain and thyroid face abnormal,Endocrinology
experiencing consumption pain distention vomiting swelling yellowish alcohol stomach history abdomen of abdominal overload of skin of fluid,Gastroenterology
i feel malaise urine receiving loss pain dark yellow transfusion yellowish appetite fatigue itching lethargy skin receiving yellowing of injections abdominal of blood unsterile eyes urine lately,Gastroenterology
my main issue is one vomiting headache weakness altered of sensorium body side,Neurology
i have stomach pain cough chest pain vomiting acidity,Gastroenterology
i think it's wasting marital contacts muscle high patches in fever extra throat,Infectious
experiencing hunger nausea irritability palpitations and excessive vomiting headache and lips tingling sweating fatigue blurred vision slurred drying distorted anxiety speech,Endocrinology
i think it's of spots fatigue nausea joint loss vomiting pain pain behind over high back the appetite rash skin eyes pain malaise red headache body chills muscle pain fever,Infectious
i feel yellowing eyes abdominal skin vomiting pain yellowish of nausea appetite of loss itching lately,
i am having continuous eyes watering shivering sneezing chills from,Dermatology
experiencing rash pimples pus scurring blackheads skin filled,Dermatology
suffering from weakness muscle stiff movement neck walking painful swelling joints stiffness,Orthopedics
i feel swollen prominent vessels veins bruising swollen calf obesity on blood cramps legs lately,Cardiology
i have of appetite history of loss skin family yellowing nausea yellowish eyes,Gastroenterology
having blood mild chills of fever chest yellowing loss eyes fever lymph breathlessness sweating fatigue malaise phlegm sputum loss in of appetite vomiting nodes high weight swelled cough pain,Pulmonology
i feel pus blackheads pimples rash skin filled scurring lately,Dermatology
i am having joint joints walking pain pain hip painful neck swelling pain joint,Orthopedics
dealing with eyes joint fever diarrhoea urine of of mild pain nausea loss yellowing muscle abdominal dark pain appetite vomiting skin pain yellowish,Gastroenterology
feeling history loss eyes of appetite yellowish yellowing skin of family fatigue,Gastroenterology
suffering from like inflammatory peeling skin skin rash pain silver joint nails dusting,Dermatology
experiencing nose ooze crust rash yellow skin blister sore high around red fever,Dermatology
suffering from dizziness depression nails irritability enlarged mood puffy extremeties abnormal weight cold menstruation lethargy swings and and thyroid swollen gain hands brittle eyes face fatigue feets,Endocrinology
dealing with of vomiting side sensorium body altered weakness one,Neurology
i have vomiting spinning balance loss nausea headache unsteadiness movements of,
i have sputum fatigue cough pain malaise fast rusty rate chills sweating chest breathlessness high heart fever phlegm,Pulmonology
having abdominal overload yellowish distention abdomen swelling of of of alcohol pain skin fluid vomiting stomach consumption history,Gastroenterology
i feel watering chills eyes from shivering lately,Dermatology
experiencing micturition rash skin stomach pain urination itching spotting burning,Dermatology
dealing with joint peeling nails in rash nails dusting dents pain silver skin skin small like inflammatory,Dermatology
having dischromic itching skin rash patches,Dermatology
i am having sunken dehydration eyes diarrhoea vomiting,Gastroenterology
i think it's eyes loss abdominal of yellowing appetite yellowish nausea of pain vomiting itching skin,
having joint pain knee walking painful joints swelling neck pain pain,Orthopedics
suffering from muscle weakness abnormal rate diarrhoea excessive mood fatigue fast loss restlessness menstruation weight irritability sweating hunger heart swings,Endocrinology
i have loss dark pain pain appetite of vomiting muscle urine mild of skin abdominal diarrhoea yellowing nausea pain eyes yellowish joint fever,Gastroenterology
i have puffy abnormal and thyroid irritability nails cold enlarged swings lethargy fatigue mood menstruation hands weight face extremeties eyes and gain dizziness brittle swollen depression feets,Endocrinology
suffering from muscle pain fever vomiting headache high chills diarrhoea nausea sweating,Infectious
feeling weakness menstruation abnormal diarrhoea heart swings restlessness fast hunger rate sweating fatigue mood muscle excessive irritability,Endocrinology
i have discomfort bladder of urine micturition feel burning of continuous foul urine smell,Urology
having pain urine vomiting fatigue skin yellowish fever abdominal itching high dark weight loss,Gastroenterology
dealing with vomiting pain stomach cough on tongue chest pain ulcers,Gastroenterology
my main issue is patches muscle in throat contacts extra wasting marital,Infectious
i am having pimples scurring rash skin pus blackheads filled,Dermatology
dealing with dischromic rash nodal eruptions skin itching skin patches,Dermatology
suffering from pain constipation fatigue abdominal nausea belly look vomiting fever high pain (typhos) toxic chills diarrhoea headache,Infectious
i think it's blackheads skin pimples filled rash pus,Dermatology
feeling in joint rash skin dusting dents inflammatory skin pain small peeling nails silver nails like,Dermatology
feeling skin patches nodal skin eruptions dischromic itching rash,Dermatology
i am having pus scurring pimples blackheads filled,Dermatology
experiencing diarrhoea dehydration sunken eyes vomiting,Gastroenterology
i think it's skin burning rash itching stomach urination pain micturition spotting,Dermatology
i have puffy brittle irritability gain cold extremeties fatigue and menstruation lethargy enlarged weight eyes dizziness swings thyroid feets nails abnormal mood depression face hands swollen and,Endocrinology
my main issue is sputum fever family breathlessness mucoid high history cough fatigue,Pulmonology
suffering from consumption pain of of distention stomach skin overload alcohol swelling yellowish abdominal fluid history of abdomen,Gastroenterology
my main issue is burning spotting urination rash itching micturition skin,Dermatology
i think it's fatigue loss yellowish weight vomiting itching abdominal high urine dark fever skin pain,Gastroenterology
i think it's abnormal extremeties brittle enlarged swollen cold face hands dizziness and gain thyroid fatigue puffy nails mood depression eyes feets menstruation lethargy weight irritability swings and,Endocrinology
experiencing sunken dehydration vomiting eyes diarrhoea,Gastroenterology
having joints neck muscle swelling weakness stiff stiffness movement,Orthopedics
i have rusty fast sweating rate sputum chest breathlessness phlegm malaise pain cough high fever chills heart,Pulmonology
i feel skin fatigue pain yellowish vomiting loss abdominal weight urine itching high fever dark lately,Gastroenterology
experiencing muscle headache nausea fever sweating pain high diarrhoea chills vomiting,Infectious
feeling loss movements vomiting headache of nausea balance unsteadiness spinning,
my main issue is weakness joints stiffness painful walking stiff swelling neck movement muscle,Orthopedics
i am having dehydration diarrhoea vomiting,Gastroenterology
i feel nausea and anxiety sweating blurred irritability fatigue lips speech headache palpitations distorted excessive and slurred tingling vision vomiting hunger drying lately,Endocrinology
i feel gain weight hands thyroid brittle and menstruation dizziness depression mood swollen extremeties puffy eyes swings enlarged lethargy feets abnormal cold irritability and nails face lately,Endocrinology
my main issue is walking knee pain joint neck joint pain pain swelling hip joints painful pain,Orthopedics
suffering from diarrhoea vomiting dehydration eyes sunken,Gastroenterology
my main issue is crust around yellow rash skin nose red ooze blister sore,Dermatology
i have joint stomach appetite pain bleeding acute fever high dark abdominal yellowish pain urine eyes loss of fatigue yellowing failure vomiting liver coma of skin,Gastroenterology
feeling chest pain vomiting tongue stomach ulcers cough on pain,Gastroenterology
my main issue is stomach of abdomen fluid overload yellowish swelling skin consumption pain of alcohol history distention of vomiting abdominal,Gastroenterology
i feel speech nausea vision lips tingling headache and and blurred fatigue vomiting slurred excessive hunger anxiety distorted palpitations irritability drying sweating lately,Endocrinology
feeling vomiting of consumption overload fluid abdominal of distention stomach skin history swelling alcohol pain abdomen of yellowish,Gastroenterology
having urination micturition itching stomach spotting burning pain,Dermatology
my main issue is high chest pain sweating chills malaise breathlessness cough sputum fever heart rate fatigue rusty fast,Pulmonology
having sensorium vomiting altered headache,Neurology
having burning smell discomfort continuous urine feel urine bladder of micturition of foul,Urology
having spinning movements unsteadiness vomiting nausea balance loss of headache,
suffering from constipation nausea belly high vomiting chills abdominal fatigue toxic pain pain look (typhos) fever headache,Infectious
my main issue is obesity swollen bruising legs blood fatigue vessels swollen cramps,Cardiology
i am having dark eyes vomiting abdominal joint pain yellowing skin of pain yellowish nausea fatigue loss urine of appetite,Gastroenterology
suffering from dents joint pain silver peeling in nails skin like nails skin dusting rash small inflammatory,Dermatology
i am having diarrhoea of dark abdominal of eyes pain skin fever urine nausea vomiting joint pain yellowing appetite yellowish loss mild muscle pain,Gastroenterology
my main issue is unsteadiness headache movements loss balance vomiting spinning of,
dealing with yellowish abdominal of eyes pain vomiting itching loss skin appetite of yellowing nausea,
dealing with appetite in mild nodes of yellowing lymph blood vomiting sweating swelled malaise loss phlegm cough chills chest of fatigue loss sputum pain high weight fever fever eyes,Pulmonology
my main issue is throat in patches fever extra contacts muscle high wasting marital,Infectious
feeling hunger muscle heart mood irritability weight diarrhoea rate fast abnormal weakness swings fatigue menstruation restlessness excessive loss,Endocrinology
dealing with dehydration vomiting diarrhoea,Gastroenterology
having swings loss weight hunger fast mood irritability restlessness abnormal rate fatigue weakness muscle diarrhoea menstruation heart sweating excessive,Endocrinology
suffering from gases of pain loss of abdominal internal vomiting passage appetite itching indigestion,Gastroenterology
i think it's eyes vomiting of mild pain loss appetite of fever pain diarrhoea abdominal dark yellowish skin nausea muscle yellowing urine pain joint,Gastroenterology
my main issue is itching weight fatigue fever abdominal loss yellowish dark skin high pain vomiting urine,Gastroenterology
i have yellow nose crust around blister sore ooze skin red rash,Dermatology
having abdominal itching passage loss of of vomiting pain internal indigestion appetite gases,Gastroenterology
feeling pain chills pain joint nausea pain the pain headache behind fever vomiting appetite of muscle eyes malaise fatigue rash high skin back loss,Infectious
i feel palpitations excessive and headache sweating hunger fatigue speech irritability vomiting drying nausea anxiety lips distorted tingling vision blurred and slurred lately,Endocrinology
my main issue is dark abdominal yellowing joint muscle pain appetite loss nausea of pain mild pain vomiting of urine eyes diarrhoea fever,Gastroenterology
my main issue is feel of bladder burning urine of smell foul continuous micturition discomfort urine,Urology
i feel wasting fever patches high in muscle throat lately,Infectious
dealing with chest sputum high blood phlegm mild fever loss fever of swelled pain cough yellowing loss of lymph breathlessness eyes nodes chills in appetite weight vomiting sweating fatigue malaise,Pulmonology
feeling rash nodal patches eruptions itching dischromic skin skin,Dermatology
having chest sweating pain breathlessness,Cardiology
having yellowish itching weight fatigue fever vomiting dark urine skin high loss,Gastroenterology
experiencing peeling dusting skin silver nails in joint small like dents pain rash skin inflammatory nails,Dermatology
i feel abdominal appetite pain passage indigestion of of internal loss itching gases vomiting lately,Gastroenterology
my main issue is urine of loss appetite injections urine lethargy pain blood itching of unsterile dark receiving eyes abdominal malaise receiving fatigue transfusion yellow yellowing,Gastroenterology
i think it's blister yellow ooze fever around red nose rash sore high crust skin,Dermatology
having itching stomach pain micturition burning rash skin,Dermatology
i feel speech hunger and excessive blurred anxiety nausea distorted vision irritability vomiting headache palpitations slurred sweating fatigue lately,Endocrinology
i feel yellowing yellowish eyes vomiting nausea skin loss itching pain appetite of of abdominal lately,
having history high sputum mucoid fever breathlessness family fatigue,Pulmonology
i have (typhos) pain nausea headache belly constipation fatigue diarrhoea high toxic look fever chills abdominal pain vomiting,Infectious
i have pain in weakness back loss neck limbs balance pain of dizziness,Neurology
i feel yellow red rash ooze crust high nose sore blister fever skin around lately,Dermatology
i have nausea spinning movements of unsteadiness headache loss balance,
i am having patches wasting fever muscle in high throat,Infectious
i am having nose blister rash red ooze fever yellow sore high skin around crust,Dermatology
i am having pus filled rash skin pimples blackheads scurring,Dermatology
my main issue is throat muscle wasting marital patches high extra fever contacts in,Infectious
suffering from nausea of loss itching appetite yellowing pain vomiting abdominal of eyes,
feeling yellowing appetite itching dark urine blood loss unsterile receiving urine of yellowish pain skin transfusion malaise abdominal yellow receiving eyes injections of fatigue,Gastroenterology
suffering from appetite yellowing urine pain abdominal acute pain skin fever joint loss liver vomiting eyes fatigue bleeding of nausea of dark high yellowish failure stomach coma,Gastroenterology
experiencing thyroid irritability brittle mood fatigue and gain menstruation enlarged extremeties lethargy depression face puffy dizziness cold hands swings abnormal feets swollen weight and eyes nails,Endocrinology
i am having fatigue coma of appetite nausea loss urine pain vomiting dark failure yellowish stomach pain joint liver bleeding high abdominal fever yellowing eyes acute of skin,Gastroenterology
feeling excessive distorted vision indigestion irritability and acidity visual blurred headache disturbances hunger depression,Neurology
i think it's blood in chills fatigue sputum of vomiting sweating mild fever chest eyes phlegm pain swelled fever appetite lymph loss loss malaise cough of weight high breathlessness nodes yellowing,Pulmonology
my main issue is of pain behind rash loss high back pain body pain over fatigue eyes chills vomiting joint headache pain skin red appetite muscle nausea fever the spots malaise,Infectious
dealing with palpitations blurred slurred tingling nausea sweating drying vision distorted headache speech fatigue irritability hunger and and lips anxiety vomiting excessive,Endocrinology
i have vomiting eyes dehydration diarrhoea sunken,Gastroenterology
my main issue is distorted indigestion depression acidity visual excessive irritability and blurred neck disturbances stiff headache vision hunger,Neurology
i feel tingling and distorted fatigue nausea lips irritability speech palpitations vision sweating blurred excessive and vomiting hunger headache drying anxiety slurred lately,Endocrinology
i feel abdominal pain appetite fatigue vomiting urine skin yellowish joint loss pain of nausea dark lately,Gastroenterology
i think it's swelling movement painful muscle walking stiffness weakness joints,Orthopedics
having in marital muscle throat extra wasting patches contacts high fever,Infectious
i feel watering chills eyes from shivering lately,Dermatology
feeling history sputum family fever high breathlessness cough mucoid fatigue,Pulmonology
having rate restlessness excessive heart diarrhoea weakness irritability fast abnormal swings sweating loss muscle mood weight hunger menstruation,Endocrinology
my main issue is eruptions dischromic skin patches rash skin itching nodal,Dermatology
having dehydration sunken diarrhoea eyes,Gastroenterology
having chills pain diarrhoea headache nausea muscle sweating fever high vomiting,Infectious
i think it's spinning balance loss nausea movements vomiting unsteadiness headache of,
i think it's and nausea fatigue palpitations speech headache irritability vomiting drying blurred lips anxiety distorted and excessive slurred vision hunger sweating tingling,Endocrinology
dealing with swollen blood calf swollen vessels obesity bruising legs on veins prominent fatigue,Cardiology
dealing with urine pain dark fever yellowish fatigue skin abdominal vomiting high itching weight loss,Gastroenterology
i am having continuous shivering chills sneezing,Dermatology
feeling in back pain neck pain balance dizziness weakness limbs loss of,Neurology
suffering from fatigue pain yellow transfusion urine yellowing receiving appetite skin of dark lethargy eyes urine yellowish unsterile abdominal malaise blood receiving loss injections itching of,Gastroenterology
i am having scurring rash blackheads skin,Dermatology
i am having micturition pain stomach skin rash urination spotting itching burning,Dermatology
i feel vomiting sunken diarrhoea dehydration eyes lately,Gastroenterology
i feel ooze fever high skin crust rash blister yellow lately,Dermatology
dealing with peeling nails dents inflammatory skin skin like nails pain dusting in rash small joint silver,Dermatology
i think it's sunken vomiting diarrhoea eyes dehydration,Gastroenterology
my main issue is joints weakness painful muscle movement walking swelling neck stiff stiffness,Orthopedics
having breathlessness fever high history family sputum cough mucoid fatigue,Pulmonology
experiencing heart sweating chest phlegm cough fever breathlessness rate high rusty chills fast sputum pain malaise,Pulmonology
suffering from spotting micturition urination skin pain rash stomach itching burning,Dermatology
i think it's sensorium side body altered one weakness of vomiting,Neurology
experiencing extra marital patches throat fever contacts high in,Infectious
having lethargy itching lymph over mild fever high nodes malaise appetite red body spots headache skin swelled of rash loss fatigue fever,Infectious
i have dark eyes receiving urine receiving lethargy injections fatigue of appetite malaise itching skin yellow loss unsterile yellowing transfusion yellowish blood urine of,Gastroenterology
feeling on legs veins prominent cramps swollen calf fatigue obesity bruising,Cardiology
suffering from itching fatigue of appetite yellowish abdominal of skin malaise transfusion injections unsterile eyes yellowing pain receiving loss lethargy blood urine receiving dark,Gastroenterology
feeling vessels prominent blood cramps on legs swollen calf fatigue swollen veins obesity bruising,Cardiology
i am having chest fast cough heart phlegm chills fatigue malaise breathlessness pain rate high sputum fever rusty,Pulmonology
i think it's weakness altered headache body side of one vomiting sensorium,Neurology
i think it's skin nails like pain dents dusting skin rash nails peeling joint small silver in inflammatory,Dermatology
dealing with swollen bruising on vessels fatigue obesity swollen blood veins cramps prominent legs calf,Cardiology
feeling vomiting body altered side sensorium weakness one of headache,Neurology
feeling watering chills eyes continuous from sneezing,Dermatology
feeling high sputum mucoid breathlessness cough fever history family,Pulmonology
my main issue is joint like in skin dents peeling inflammatory nails rash pain silver dusting skin small nails,Dermatology
i am having yellowing appetite pain yellowish skin eyes of nausea itching loss of abdominal vomiting,
my main issue is nausea irritability vision headache and distorted blurred vomiting fatigue speech palpitations tingling slurred anxiety sweating and hunger excessive lips drying,Endocrinology
i have ooze yellow fever nose crust sore rash red around skin high blister,Dermatology
experiencing menstruation gain and swings eyes puffy dizziness nails hands abnormal enlarged swollen thyroid lethargy feets extremeties cold and brittle fatigue depression weight mood face irritability,Endocrinology
dealing with of over fever malaise pain eyes headache loss rash joint behind muscle pain chills appetite nausea fatigue spots back red vomiting pain high body pain the skin,Infectious
my main issue is rash burning urination skin stomach pain itching micturition spotting,Dermatology
suffering from yellowish itching loss skin weight vomiting urine pain abdominal dark fatigue,Gastroenterology
suffering from continuous from watering eyes sneezing shivering,Dermatology
my main issue is continuous bladder micturition of burning discomfort feel urine,Urology
experiencing restlessness swings weakness weight fast mood loss abnormal muscle rate heart menstruation hunger diarrhoea irritability excessive fatigue,Endocrinology
my main issue is vomiting pain breathlessness sweating chest,Cardiology
i have sweating chest pain breathlessness,Cardiology
i think it's micturition of discomfort burning bladder continuous feel urine,Urology
i am having on vomiting cough tongue stomach acidity ulcers pain pain chest,Gastroenterology
experiencing yellowing loss diarrhoea skin pain dark of pain joint yellowish urine mild of eyes appetite fever vomiting abdominal pain nausea muscle,Gastroenterology
dealing with ooze fever rash red around nose skin crust high yellow blister sore,Dermatology
i feel pressure nodes high redness muscle lymph throat of sneezing nose irritation sinus eyes headache congestion pain fatigue loss chills swelled phlegm smell malaise continuous runny pain of fever cough chest lately,Pulmonology
having excessive neck visual headache stiff vision indigestion acidity distorted irritability and depression hunger disturbances blurred,Neurology
feeling throat contacts marital patches fever muscle wasting extra high in,Infectious
i have behind high loss red chills headache spots rash malaise pain muscle pain of pain fever vomiting body back eyes skin the nausea over joint fatigue pain appetite,Infectious
i think it's dehydration sunken vomiting eyes diarrhoea,Gastroenterology
experiencing of malaise high fever chest yellowing sweating swelled of phlegm lymph pain weight loss chills mild appetite cough loss nodes in blood breathlessness fatigue vomiting sputum eyes fever,Pulmonology
suffering from sore blister ooze skin fever rash around yellow high nose red crust,Dermatology
i am having vomiting itching loss gases appetite abdominal passage pain of internal of,Gastroenterology
i feel yellowish vomiting dark loss fatigue skin high itching fever weight urine abdominal pain lately,Gastroenterology
having and headache fatigue distorted and slurred irritability excessive lips hunger drying palpitations tingling vision speech anxiety blurred nausea sweating vomiting,Endocrinology
i have hunger excessive depression indigestion visual disturbances stiff neck acidity headache irritability,Neurology
i think it's toxic (typhos) nausea belly look fatigue fever diarrhoea vomiting headache chills pain high abdominal constipation pain,Infectious
my main issue is appetite vomiting eyes skin itching yellowish pain of of abdominal yellowing loss nausea,
my main issue is pain nausea vomiting diarrhoea headache high fever chills muscle,Infectious
dealing with appetite weight fever cough swelled chest vomiting sputum of blood fatigue loss of phlegm in high malaise mild chills breathlessness loss sweating eyes pain lymph nodes fever yellowing,Pulmonology
i am having hunger mood fatigue loss irritability sweating menstruation weakness rate heart abnormal excessive swings weight muscle restlessness fast,Endocrinology
experiencing skin yellow lethargy of unsterile receiving appetite urine urine transfusion blood dark eyes receiving fatigue pain malaise abdominal loss itching yellowish of injections yellowing,Gastroenterology
suffering from yellowing high failure fever loss stomach liver nausea skin of yellowish of vomiting acute appetite dark coma joint urine pain eyes bleeding pain fatigue abdominal,Gastroenterology
i feel of pain in loss weakness limbs balance neck dizziness lately,Neurology
feeling fatigue swelled loss high headache body rash malaise fever lymph red fever itching lethargy of spots mild nodes skin appetite over,Infectious
i feel family of history appetite loss yellowish eyes nausea of skin fatigue yellowing lately,Gastroenterology
feeling anxiety vomiting drying distorted fatigue slurred sweating blurred headache vision irritability tingling and and hunger excessive speech palpitations lips,Endocrinology
i feel depression irritability puffy brittle abnormal lethargy hands enlarged fatigue dizziness feets extremeties and and weight swollen eyes thyroid cold nails menstruation mood face swings gain lately,Endocrinology
i think it's history high breathlessness mucoid fatigue family sputum cough fever,Pulmonology
experiencing behind vomiting fever the skin over of pain muscle pain back nausea high headache spots loss body chills rash eyes red malaise fatigue pain appetite,Infectious
dealing with of itching pain yellowing yellow loss skin eyes yellowish unsterile urine transfusion blood malaise appetite fatigue abdominal of lethargy injections receiving dark urine receiving,Gastroenterology
feeling of yellowing history family appetite loss fatigue nausea eyes yellowish of skin,Gastroenterology
i have high pain muscle headache vomiting chills fever diarrhoea sweating nausea,Infectious
having vomiting sweating chest pain,Cardiology
having eyes feets swollen and thyroid face nails enlarged brittle irritability and weight lethargy menstruation depression extremeties hands dizziness fatigue cold gain puffy swings mood abnormal,Endocrinology
i am having chest in yellowing sweating pain weight sputum vomiting of mild loss fever malaise loss nodes fever phlegm of eyes lymph fatigue swelled appetite blood cough chills breathlessness high,Pulmonology
suffering from filled pimples scurring pus blackheads,Dermatology
i think it's pimples skin rash filled scurring pus blackheads,Dermatology
my main issue is loss itching vomiting passage of pain abdominal internal of indigestion appetite gases,Gastroenterology
i feel from sneezing chills eyes shivering watering continuous lately,Dermatology
i am having urine receiving transfusion appetite yellow abdominal blood itching eyes skin fatigue of pain lethargy dark malaise unsterile receiving yellowing injections urine of yellowish loss,Gastroenterology
having headache irritability sweating vomiting vision hunger and and fatigue speech excessive lips anxiety drying slurred blurred nausea tingling distorted palpitations,Endocrinology
my main issue is vomiting loss balance of spinning headache movements nausea unsteadiness,
i have yellowish nausea eyes of of itching appetite pain loss vomiting abdominal skin yellowing,
my main issue is abnormal mood swings sweating hunger fatigue muscle weakness loss menstruation irritability rate excessive diarrhoea restlessness heart weight fast,Endocrinology
having abnormal heart swings irritability mood rate restlessness hunger loss menstruation weight excessive fast fatigue muscle diarrhoea sweating weakness,Endocrinology
suffering from diarrhoea pain (typhos) nausea high constipation pain toxic vomiting headache chills fever fatigue look abdominal belly,Infectious
i feel pain overload yellowish swelling fluid stomach skin abdomen distention of abdominal of vomiting lately,Gastroenterology
experiencing continuous from sneezing watering shivering chills eyes,Dermatology
i think it's eruptions dischromic nodal skin skin patches rash itching,Dermatology
dealing with walking joints pain pain pain swelling knee hip painful joint joint neck pain,Orthopedics
i think it's heart cough rate fever rusty sweating chest breathlessness sputum pain malaise phlegm fast chills fatigue high,Pulmonology
experiencing stiff excessive visual disturbances depression hunger distorted vision headache acidity indigestion blurred and neck irritability,Neurology
feeling rash urination spotting itching burning skin stomach micturition pain,Dermatology
suffering from fever yellow rash skin crust ooze blister high,Dermatology
i have disturbances stiff vision irritability and excessive distorted blurred hunger indigestion neck headache visual depression,Neurology
experiencing cramps blood swollen legs swollen vessels calf prominent on bruising fatigue veins obesity,Cardiology
feeling fever ooze rash high red sore nose crust yellow around skin,Dermatology
my main issue is fever chills sweating headache muscle diarrhoea pain vomiting high,Infectious
experiencing puffy swollen extremeties and swings menstruation dizziness feets nails hands depression fatigue cold weight lethargy brittle eyes mood irritability enlarged face gain and abnormal thyroid,Endocrinology
dealing with skin yellowing yellowish of itching eyes pain loss nausea abdominal appetite of,
dealing with history eyes family of fatigue yellowish appetite nausea skin yellowing of loss,Gastroenterology
i am having pain eyes of skin loss appetite malaise red chills behind joint over back body nausea headache pain high spots fever fatigue the rash pain muscle pain vomiting,Infectious
experiencing mild abdominal dark pain fever yellowing eyes yellowish vomiting pain pain nausea of muscle of urine skin diarrhoea appetite joint loss,Gastroenterology
i have acute of of appetite urine high liver pain vomiting yellowing loss dark fatigue skin coma fever yellowish pain eyes failure joint bleeding abdominal nausea stomach,Gastroenterology
i am having in small silver joint dents dusting pain like peeling skin nails rash skin nails inflammatory,Dermatology
suffering from urine eyes of of itching urine receiving dark yellowish yellow receiving transfusion malaise loss injections lethargy pain skin yellowing blood abdominal appetite unsterile,Gastroenterology
my main issue is altered of side one body headache sensorium weakness vomiting,Neurology
i feel small rash joint pain silver skin nails dents dusting like nails inflammatory in lately,Dermatology
experiencing burning of micturition of smell continuous foul feel urine urine,Urology
i have sweating vomiting breathlessness,Cardiology
dealing with pimples filled blackheads scurring skin pus rash,Dermatology
i am having yellow nose red ooze rash crust blister around fever sore high skin,Dermatology
i have sneezing shivering watering from chills eyes continuous,Dermatology
i think it's loss high swelled vomiting cough fever yellowing sputum nodes of phlegm loss of pain malaise chills fever mild fatigue blood chest eyes weight in appetite breathlessness lymph,Pulmonology
experiencing yellowish abdominal eyes skin yellowing pain of itching loss vomiting appetite of,
i feel eyes diarrhoea dehydration sunken lately,Gastroenterology
i have continuous sneezing shivering chills,Dermatology
suffering from urine bladder burning micturition feel urine of continuous discomfort foul of smell,Urology
i have skin pus filled blackheads pimples rash,Dermatology
i think it's nausea loss history skin yellowing family of of yellowish appetite fatigue eyes,Gastroenterology
suffering from stomach pain ulcers on cough pain acidity tongue chest,Gastroenterology
i feel vomiting balance of loss nausea headache spinning unsteadiness movements lately,
i have urine stomach appetite coma fever of abdominal dark eyes acute fatigue of skin high yellowish bleeding yellowing pain pain loss failure nausea joint liver,Gastroenterology
i am having discomfort micturition urine of burning bladder foul continuous feel smell urine of,Urology
suffering from abdominal yellowish weight loss fever high pain urine itching skin fatigue vomiting dark,Gastroenterology
experiencing of abdominal history abdomen stomach pain vomiting distention alcohol fluid of consumption skin of swelling overload yellowish,Gastroenterology
dealing with visual stiff vision excessive acidity hunger irritability blurred and distorted headache disturbances neck indigestion,Neurology
i feel scurring blackheads skin rash lately,Dermatology
feeling high vomiting dark pain nausea pain abdominal liver appetite yellowish joint stomach eyes of coma of failure fever urine bleeding skin loss yellowing acute,Gastroenterology
suffering from vomiting headache constipation abdominal high pain nausea chills belly fatigue pain (typhos) toxic look diarrhoea fever,Infectious
dealing with cough vomiting stomach acidity pain chest pain,Gastroenterology
i have vomiting yellowish nausea urine abdominal of muscle pain pain appetite diarrhoea eyes skin fever loss of yellowing pain joint dark mild,Gastroenterology
i have constipation nausea fatigue belly chills fever diarrhoea pain look abdominal pain (typhos) high vomiting toxic,Infectious
dealing with history of eyes yellowish family loss fatigue skin nausea yellowing of appetite,Gastroenterology
feeling loss abdominal vomiting pain yellowish appetite of yellowing skin urine eyes of fatigue nausea dark,Gastroenterology
having fatigue fever vomiting in malaise pain yellowing chest appetite of mild weight cough high breathlessness swelled blood sputum sweating nodes of eyes chills loss loss lymph fever phlegm,Pulmonology
i am having bruising calf prominent swollen swollen cramps legs blood obesity on veins vessels,Cardiology
having stomach spotting skin pain rash burning urination micturition itching,Dermatology
i think it's around high yellow crust sore fever ooze blister red nose,Dermatology
my main issue is appetite abdominal passage internal itching of indigestion pain vomiting of gases loss,Gastroenterology
having stomach acute bleeding abdominal eyes failure yellowish vomiting dark fatigue nausea of loss yellowing pain skin pain urine joint of appetite coma liver,Gastroenterology
feeling behind of headache joint spots chills fatigue back nausea malaise pain muscle skin loss pain eyes red over vomiting body pain rash appetite the pain,Infectious
my main issue is rash nose around crust high fever yellow sore ooze skin blister red,Dermatology
dealing with fatigue fever vomiting itching skin loss abdominal urine pain dark weight yellowish high,Gastroenterology
i think it's dark itching yellowing receiving unsterile injections pain of abdominal lethargy receiving yellowish yellow urine loss eyes appetite skin malaise urine blood transfusion fatigue of,Gastroenterology
i have fatigue of pain joint abdominal dark pain vomiting eyes yellowish of nausea loss urine yellowing appetite skin,Gastroenterology
i am having menstruation and swollen swings irritability nails extremeties thyroid enlarged dizziness feets lethargy and depression hands brittle puffy face fatigue weight mood abnormal cold gain eyes,Endocrinology
dealing with headache of body one altered weakness side vomiting sensorium,Neurology
feeling skin rash pus filled pimples scurring,Dermatology
having high marital muscle throat patches contacts fever extra wasting in,Infectious
i have loss weight diarrhoea mood abnormal hunger irritability fatigue fast restlessness swings excessive rate weakness menstruation heart muscle,Endocrinology
feeling of pain loss back pain dizziness neck weakness limbs in balance,Neurology
my main issue is urine abdominal of dark yellowing nausea joint loss pain skin yellowish vomiting of fatigue eyes appetite pain,Gastroenterology
i am having visual hunger stiff irritability indigestion neck excessive distorted blurred vision depression and disturbances headache acidity,Neurology
having of of yellowing pain vomiting yellowish itching abdominal appetite nausea loss eyes skin,
i think it's rash burning urination stomach pain spotting micturition skin itching,Dermatology
suffering from itching skin spotting urination rash stomach pain,Dermatology
feeling appetite injections yellowing of malaise blood receiving pain yellowish loss receiving fatigue yellow unsterile eyes urine of urine dark skin itching abdominal transfusion,Gastroenterology
i have rash malaise of swelled mild nodes over lymph fever loss body itching skin fatigue spots red appetite high fever lethargy headache,Infectious
i think it's history fluid of abdominal vomiting yellowish distention abdomen overload alcohol swelling stomach of of consumption pain skin,Gastroenterology
suffering from nausea vomiting abdominal loss eyes skin of of pain appetite itching yellowish yellowing,
my main issue is breathlessness vomiting pain sweating chest,Cardiology
suffering from pain balance pain back of weakness in limbs dizziness neck loss,Neurology
my main issue is blood urine urine loss malaise lethargy abdominal transfusion pain eyes unsterile skin receiving of receiving yellowish of yellowing appetite fatigue injections itching yellow dark,Gastroenterology
dealing with discomfort urine smell micturition feel urine of bladder foul of continuous burning,Urology
i have stiff vision irritability visual headache acidity disturbances depression and neck indigestion distorted blurred,Neurology
i feel chest fast rusty sweating chills rate fever breathlessness fatigue sputum malaise heart phlegm high cough pain lately,Pulmonology
dealing with red yellow sore ooze skin rash around high nose fever blister crust,Dermatology
i think it's feel burning of bladder urine continuous micturition discomfort,Urology
dealing with skin patches eruptions itching skin nodal rash dischromic,Dermatology
feeling swings dizziness depression extremeties weight thyroid irritability puffy feets nails cold mood abnormal gain and swollen face menstruation hands and brittle enlarged lethargy eyes,Endocrinology
my main issue is vomiting headache altered weakness sensorium one side of body,Neurology
having of skin eyes yellowish nausea loss appetite of yellowing fatigue,Gastroenterology
feeling loss swelled vomiting sweating high eyes blood pain weight nodes in fever appetite mild of chills breathlessness loss lymph malaise chest fever fatigue phlegm sputum yellowing of,Pulmonology
my main issue is continuous urine micturition bladder of of burning smell feel foul discomfort urine,Urology
dealing with puffy and menstruation mood extremeties face hands gain dizziness swings brittle depression weight and feets swollen enlarged nails eyes fatigue irritability abnormal cold thyroid,Endocrinology
experiencing painful walking stiff joints swelling weakness muscle neck,Orthopedics
having irritation nodes loss nose pressure pain pain swelled of lymph fever congestion continuous throat of sinus chills smell eyes malaise redness cough phlegm chest runny sneezing fatigue high muscle,Pulmonology
my main issue is skin itching yellowish yellowing abdominal of eyes appetite of pain loss vomiting nausea,
suffering from fatigue itching of skin urine dark malaise yellow lethargy loss pain receiving injections receiving yellowing eyes yellowish blood of urine unsterile appetite abdominal transfusion,Gastroenterology
i think it's pain itching skin stomach spotting urination rash,Dermatology
i am having mood sweating loss hunger muscle weakness heart fatigue abnormal restlessness rate diarrhoea fast weight swings excessive irritability menstruation,Endocrinology
i have in marital extra wasting fever patches throat contacts muscle high,Infectious
i think it's palpitations tingling vomiting sweating excessive and distorted and irritability vision fatigue anxiety speech headache hunger drying blurred lips slurred,Endocrinology
my main issue is the body nausea red high appetite of pain muscle behind pain pain spots back loss over pain skin fever malaise rash vomiting headache joint fatigue eyes,Infectious
having hunger irritability depression visual and stiff headache vision blurred distorted acidity indigestion neck disturbances excessive,Neurology
i think it's breathlessness fever fatigue history high mucoid family sputum,Pulmonology
having rash skin small nails dusting inflammatory in dents like peeling nails silver skin,Dermatology
my main issue is nausea of yellowish skin appetite eyes pain abdominal loss of itching yellowing,
having continuous irritation swelled fatigue of cough loss malaise nodes smell pain redness lymph sneezing eyes chest nose of congestion high muscle phlegm fever headache pain pressure throat sinus chills runny,Pulmonology
suffering from joint skin inflammatory silver rash in dents pain dusting like small nails nails,Dermatology
i am having chills heart pain sputum phlegm fatigue malaise chest high rusty cough fever fast sweating breathlessness rate,Pulmonology
i think it's shivering watering continuous from eyes chills sneezing,Dermatology
i am having spots rash swelled malaise loss high of itching over appetite lethargy lymph skin fever red fever nodes body fatigue mild headache,Infectious
dealing with yellowish urine weight abdominal fever high pain skin fatigue loss dark vomiting itching,Gastroenterology
dealing with muscle stiffness walking weakness stiff painful joints swelling neck movement,Orthopedics
i feel sweating diarrhoea menstruation restlessness mood fast fatigue excessive swings abnormal irritability rate weight hunger weakness muscle loss heart lately,Endocrinology
i feel red rash over headache mild body malaise lymph spots lethargy fever swelled skin fever fatigue high itching nodes lately,Infectious
having diarrhoea vomiting muscle pain chills fever high sweating nausea,Infectious
dealing with fever pain muscle joint vomiting mild dark nausea eyes skin yellowish abdominal of of pain diarrhoea loss urine yellowing appetite pain,Gastroenterology
dealing with acidity blurred neck stiff indigestion and hunger headache irritability distorted excessive depression vision,Neurology
i am having extra muscle fever marital wasting contacts high,Infectious
i am having urine nausea of coma high liver acute failure loss appetite abdominal yellowish yellowing pain vomiting of joint dark pain eyes bleeding fatigue stomach fever skin,Gastroenterology
i feel cough on vomiting acidity ulcers chest pain tongue lately,Gastroenterology
i am having chest breathlessness sweating pain vomiting,Cardiology
feeling pain indigestion abdominal gases appetite passage itching of internal vomiting of loss,Gastroenterology
i have of skin high rash malaise headache lethargy red fatigue itching fever loss body nodes spots over swelled appetite mild fever lymph,Infectious
dealing with swings sweating mood irritability diarrhoea fast menstruation abnormal muscle rate heart weight excessive hunger loss weakness fatigue,Endocrinology
i am having sweating pain vomiting muscle diarrhoea fever high chills headache nausea,Infectious
suffering from fever (typhos) nausea headache toxic high look constipation chills vomiting belly fatigue abdominal diarrhoea pain pain,Infectious
suffering from acidity chest pain cough tongue vomiting ulcers pain on stomach,Gastroenterology
my main issue is red skin swelled malaise loss nodes over headache rash fever mild appetite lymph itching lethargy fatigue fever body high of spots,Infectious
feeling prominent veins swollen bruising cramps calf fatigue legs on obesity,Cardiology
i think it's headache vomiting one body side of weakness,Neurology
i feel breathlessness vomiting chest pain sweating lately,Cardiology
experiencing burning discomfort feel bladder continuous of urine micturition,Urology
i think it's lymph weight of eyes nodes appetite vomiting chills in chest of yellowing phlegm sweating fever pain fatigue mild high blood fever loss loss swelled cough sputum malaise,Pulmonology
i have cold face fatigue swollen depression gain nails and dizziness brittle puffy lethargy and feets menstruation irritability abnormal hands thyroid weight eyes extremeties enlarged,Endocrinology
my main issue is visual disturbances irritability acidity neck stiff headache excessive vision hunger blurred and depression distorted,Neurology
feeling vomiting dark eyes yellowish loss yellowing of pain appetite fatigue nausea of pain abdominal joint skin urine,Gastroenterology
experiencing itching weight fatigue vomiting abdominal skin loss dark yellowish urine high pain fever,Gastroenterology
having swollen extremeties and and feets enlarged nails depression eyes dizziness mood swings fatigue gain lethargy brittle weight thyroid face irritability abnormal menstruation puffy cold hands,Endocrinology
suffering from continuous chills sneezing eyes from shivering watering,Dermatology
experiencing skin pain rash itching burning micturition stomach,Dermatology
dealing with appetite eyes skin family history of yellowish yellowing fatigue loss of nausea,Gastroenterology
i feel yellowing vomiting loss appetite eyes fever high joint skin pain of bleeding dark yellowish of stomach nausea pain urine coma fatigue abdominal lately,Gastroenterology
suffering from in marital extra patches fever contacts muscle throat wasting high,Infectious
i have eyes yellowish skin vomiting of yellowing appetite abdominal coma failure liver bleeding joint stomach nausea acute of fever loss pain high fatigue pain,Gastroenterology
i feel nausea high fever diarrhoea muscle sweating pain vomiting chills headache lately,Infectious
i think it's weakness painful stiff neck joints swelling stiffness muscle movement walking,Orthopedics
i am having receiving loss unsterile pain urine transfusion yellowish yellow yellowing injections blood eyes of dark abdominal receiving of lethargy malaise skin urine itching appetite,Gastroenterology
i am having vomiting skin abdomen fluid consumption distention yellowish alcohol of abdominal pain of history overload,Gastroenterology
i am having of discomfort feel smell urine bladder urine of continuous foul,Urology
i have loss pain pain dizziness weakness limbs in balance neck of back,Neurology
dealing with yellowing muscle vomiting nausea eyes pain appetite mild yellowish of of joint skin urine pain fever loss diarrhoea dark pain abdominal,Gastroenterology
experiencing fever lymph phlegm fatigue pain irritation chills smell pain muscle nose sinus of continuous chest eyes cough sneezing of nodes headache redness congestion runny swelled malaise throat high loss pressure,Pulmonology
dealing with filled pimples rash scurring blackheads skin pus,Dermatology
i have crust high red sore skin rash yellow fever nose around ooze blister,Dermatology
my main issue is marital throat contacts extra muscle fever patches in high wasting,Infectious
dealing with vomiting pain breathlessness chest,Cardiology
experiencing pain of limbs balance back loss pain dizziness in neck weakness,Neurology
dealing with chills sneezing eyes watering from continuous,Dermatology
dealing with of pain dark abdominal of appetite yellowing pain eyes urine vomiting nausea fatigue loss joint,Gastroenterology
i am having smell feel bladder continuous foul discomfort of urine urine of,Urology
experiencing fever heart high breathlessness sputum sweating fast rate rusty malaise fatigue cough chills pain chest,Pulmonology
i have lethargy appetite red skin of high fever body malaise headache itching over loss spots nodes swelled fatigue lymph rash,Infectious
dealing with appetite of yellowing vomiting loss muscle eyes mild abdominal pain dark diarrhoea of urine fever pain pain joint nausea,Gastroenterology
experiencing side one headache weakness vomiting body of,Neurology
i am having diarrhoea vomiting high nausea chills sweating muscle headache fever pain,Infectious
dealing with dehydration diarrhoea eyes sunken vomiting,Gastroenterology
feeling of abdominal nausea coma stomach fatigue dark yellowing liver loss acute of joint appetite urine skin bleeding fever eyes pain yellowish vomiting high pain failure,Gastroenterology
experiencing coma failure acute appetite bleeding fatigue vomiting nausea fever pain pain eyes dark high stomach of liver of joint yellowing urine loss abdominal,Gastroenterology
experiencing blackheads scurring skin rash filled pimples pus,Dermatology
having of itching nodes malaise lethargy loss over body swelled fever spots red appetite mild fever headache fatigue high lymph,Infectious
feeling walking painful pain joint pain pain swelling knee hip joints pain joint neck,Orthopedics
i have pain chest vomiting sweating,Cardiology
my main issue is vomiting chills yellowing chest swelled pain in phlegm weight high sputum of appetite lymph fatigue eyes fever breathlessness sweating malaise mild loss loss nodes fever blood of,Pulmonology
i have pain vomiting loss itching indigestion of internal passage of gases appetite abdominal,Gastroenterology
i have micturition foul urine of discomfort smell urine of continuous bladder burning feel,Urology
feeling fever high vomiting abdominal (typhos) fatigue diarrhoea toxic constipation nausea chills headache look pain,Infectious
my main issue is continuous micturition burning urine discomfort of bladder feel,Urology
having itching eruptions nodal dischromic patches skin,Dermatology
dealing with scurring skin pimples rash filled blackheads pus,Dermatology
i think it's headache distorted stiff and vision excessive depression irritability neck disturbances visual indigestion acidity blurred hunger,Neurology
having yellowish nausea loss skin family of fatigue appetite history,Gastroenterology
i feel of urine feel micturition burning continuous discomfort bladder lately,Urology
dealing with acute coma pain appetite of yellowish of urine bleeding high liver stomach skin vomiting fever abdominal eyes failure joint nausea dark fatigue loss pain yellowing,Gastroenterology
i am having vomiting itching high skin loss weight fatigue pain fever yellowish abdominal,Gastroenterology
feeling pain pain painful walking joints pain knee neck joint swelling joint pain hip,Orthopedics
having skin dark yellowish vomiting weight loss pain fever urine abdominal itching high,Gastroenterology
i feel enlarged nails gain weight face mood and lethargy dizziness brittle thyroid cold hands feets swings irritability fatigue extremeties menstruation depression and eyes puffy swollen abnormal lately,Endocrinology
my main issue is appetite loss indigestion vomiting abdominal of of pain passage gases,Gastroenterology
experiencing loss high itching fever urine yellowish dark weight abdominal vomiting pain skin,Gastroenterology
my main issue is muscle excessive heart hunger diarrhoea weight sweating loss rate irritability abnormal weakness fast fatigue menstruation restlessness,Endocrinology
my main issue is pain chills headache fever belly look high fatigue pain (typhos) toxic diarrhoea abdominal nausea vomiting constipation,Infectious
i have high fever mild lymph yellowing in cough sputum of loss breathlessness chills chest eyes malaise blood fatigue weight swelled nodes sweating appetite vomiting loss pain of fever phlegm,Pulmonology
i am having skin skin in dusting small silver like peeling nails inflammatory pain rash dents joint nails,Dermatology
my main issue is urine urine smell feel foul continuous micturition of of burning,Urology
suffering from pain pain yellowish appetite vomiting fatigue nausea skin yellowing eyes abdominal joint of of loss,Gastroenterology
having urine itching vomiting abdominal yellowish dark fever skin fatigue high pain,Gastroenterology
feeling crust nose around sore ooze skin blister yellow fever red rash high,Dermatology
my main issue is itching abdominal high yellowish fever loss urine vomiting pain skin weight dark,Gastroenterology
having pain skin loss vomiting liver eyes acute pain fatigue coma failure of dark of urine fever yellowing bleeding appetite yellowish high joint abdominal stomach,Gastroenterology
i have stomach rash urination itching skin burning spotting micturition pain,Dermatology
feeling discomfort of of foul urine micturition smell urine bladder burning continuous feel,Urology
having of yellowish swelling overload of of alcohol skin abdomen history consumption distention abdominal vomiting stomach pain fluid,Gastroenterology
i think it's scurring rash pimples blackheads pus skin filled,Dermatology
experiencing itching loss gases indigestion pain internal of passage appetite abdominal of,Gastroenterology
dealing with chills fatigue belly pain headache pain high abdominal nausea vomiting diarrhoea fever look constipation (typhos) toxic,Infectious
i am having red rash around skin sore crust yellow blister nose ooze,Dermatology
suffering from abdominal skin fatigue urine yellowish dark high pain vomiting fever loss weight,Gastroenterology
having appetite of eyes family fatigue loss yellowing of nausea yellowish skin history,Gastroenterology
suffering from stiff disturbances indigestion and vision headache visual excessive neck blurred hunger irritability acidity depression distorted,Neurology
i am having weakness mood swings heart excessive sweating hunger menstruation weight muscle loss abnormal rate fatigue fast irritability diarrhoea,Endocrinology
suffering from failure pain pain loss coma vomiting abdominal fever of eyes of nausea fatigue high dark urine liver appetite acute stomach joint bleeding yellowing,Gastroenterology
i have headache neck indigestion blurred and irritability hunger stiff excessive depression visual disturbances distorted vision acidity,Neurology
i have sputum appetite vomiting mild loss blood fever eyes high nodes chest swelled of malaise fever chills lymph yellowing fatigue phlegm sweating pain breathlessness of cough in,Pulmonology
experiencing nodal eruptions skin patches rash dischromic skin itching,Dermatology
i feel yellowing loss abdominal skin itching of of vomiting yellowish appetite nausea eyes pain lately,
experiencing blackheads filled pus scurring skin pimples rash,Dermatology
dealing with high phlegm malaise fast sputum fatigue breathlessness heart chills sweating pain chest cough rusty rate fever,Pulmonology
suffering from pain diarrhoea fever vomiting sweating muscle headache high chills nausea,Infectious
experiencing of itching appetite abdominal pain internal indigestion loss vomiting,Gastroenterology
my main issue is pain nausea back chills muscle rash behind pain eyes pain pain the vomiting joint malaise headache fever skin fatigue high appetite loss of,Infectious
suffering from calf swollen bruising legs on obesity cramps prominent blood swollen veins fatigue vessels,Cardiology
having headache skin spots nausea of over pain vomiting fever high red eyes pain the malaise chills pain body loss muscle rash appetite behind fatigue back joint pain,Infectious
suffering from obesity swollen legs swollen vessels blood on bruising veins cramps fatigue calf prominent,Cardiology
suffering from pain pain cough vomiting ulcers on tongue stomach chest,Gastroenterology
dealing with vomiting yellowing of of yellowish abdominal pain skin loss itching appetite eyes nausea,
experiencing appetite spots headache mild lymph fever nodes fever skin of high loss itching over malaise lethargy rash red body swelled,Infectious
i have fever wasting patches extra high contacts in marital throat muscle,Infectious
feeling muscle high vomiting headache sweating diarrhoea fever chills nausea pain,Infectious
i am having pain pain walking pain joint knee hip joint swelling painful joints pain neck,Orthopedics
experiencing pain yellowing yellowish unsterile abdominal blood receiving lethargy yellow appetite receiving skin eyes malaise injections of urine of itching dark loss transfusion urine,Gastroenterology
suffering from loss pain joint skin vomiting yellowish pain of nausea of dark eyes abdominal yellowing fatigue appetite urine,Gastroenterology
i am having painful joint swelling walking pain hip joint pain joints knee pain neck pain,Orthopedics
dealing with neck stiff painful joints muscle weakness movement stiffness swelling walking,Orthopedics
having fever extra high contacts wasting muscle marital in patches throat,Infectious
dealing with skin rash dents skin silver nails dusting joint like in nails small peeling pain inflammatory,Dermatology
my main issue is nausea eyes family fatigue loss yellowish of appetite of skin yellowing history,Gastroenterology
suffering from skin stomach itching spotting rash pain urination,Dermatology
my main issue is joints weakness swelling painful neck movement muscle stiffness stiff walking,Orthopedics
i think it's sore red crust yellow around fever blister rash high nose ooze skin,Dermatology
i think it's itching micturition pain burning rash stomach skin,Dermatology
experiencing micturition urination burning rash spotting skin itching,Dermatology
i am having knee pain pain pain painful joint joint hip walking pain neck,Orthopedics
i feel yellowing of dark fatigue appetite pain of loss eyes vomiting skin nausea yellowish abdominal pain joint urine lately,Gastroenterology
dealing with blurred indigestion depression stiff irritability hunger headache acidity neck disturbances visual distorted and excessive vision,Neurology
feeling vomiting eyes sunken diarrhoea dehydration,Gastroenterology
dealing with burning pain stomach spotting itching urination micturition,Dermatology
i feel chest vomiting pain breathlessness sweating lately,Cardiology
experiencing stomach vomiting pain cough ulcers acidity pain on tongue chest,Gastroenterology
having yellow appetite lethargy receiving malaise yellowing skin pain receiving of eyes of fatigue urine dark unsterile yellowish urine itching injections abdominal blood loss transfusion,Gastroenterology
dealing with fast heart rate sputum pain phlegm rusty cough chills fatigue chest malaise sweating breathlessness,Pulmonology
experiencing indigestion visual neck acidity vision distorted headache and irritability excessive disturbances hunger blurred stiff,Neurology
i think it's peeling small dents inflammatory silver rash dusting like skin in pain skin nails nails joint,Dermatology
my main issue is chest pain breathlessness sweating,Cardiology
experiencing nodal skin itching patches skin eruptions rash dischromic,Dermatology
experiencing filled rash pimples blackheads pus skin,Dermatology
feeling urine pain joint muscle yellowish of abdominal mild fever pain pain yellowing eyes skin vomiting nausea diarrhoea dark,Gastroenterology
i have eyes and face dizziness extremeties hands fatigue mood cold nails swollen menstruation lethargy thyroid puffy brittle feets abnormal swings gain weight irritability and enlarged depression,Endocrinology
experiencing pain dizziness balance loss pain neck in back weakness of limbs,Neurology
my main issue is nausea eyes loss itching yellowing pain of vomiting abdominal yellowish skin appetite of,
i feel history high sputum mucoid family fatigue fever breathlessness cough lately,Pulmonology
i feel lymph fatigue of swelled loss pressure sneezing muscle cough nose sinus eyes phlegm high redness runny malaise smell continuous congestion of nodes headache irritation pain chills chest pain throat fever lately,Pulmonology
i am having of itching appetite skin eyes yellowing vomiting loss yellowish nausea of,
i think it's urine foul discomfort burning feel micturition of of smell continuous bladder urine,Urology
i think it's sweating chest pain vomiting,Cardiology
i am having history overload swelling pain skin of yellowish abdominal consumption of fluid alcohol stomach vomiting,Gastroenterology
i have loss indigestion vomiting of appetite pain internal abdominal itching,Gastroenterology
feeling walking joint pain pain knee neck painful swelling pain joints,Orthopedics
i have swollen weight feets gain depression irritability dizziness thyroid cold puffy face fatigue eyes and brittle lethargy extremeties enlarged menstruation swings hands abnormal nails and mood,Endocrinology
experiencing of fatigue receiving dark loss injections urine lethargy urine yellow unsterile receiving blood pain skin of appetite yellowish eyes abdominal malaise itching yellowing transfusion,Gastroenterology
suffering from fatigue chills phlegm high cough pain sweating rusty breathlessness sputum rate chest heart fast fever malaise,Pulmonology
suffering from joint joints swelling knee pain painful neck pain walking pain joint hip pain,Orthopedics
dealing with joints joint painful walking knee neck pain pain swelling pain,Orthopedics
feeling distorted and irritability speech nausea vomiting hunger blurred fatigue vision lips sweating headache slurred and palpitations excessive tingling anxiety drying,Endocrinology
having of skin distention consumption swelling history of stomach pain vomiting abdomen of fluid overload alcohol abdominal yellowish,Gastroenterology
feeling diarrhoea of yellowish nausea pain fever vomiting yellowing joint appetite urine mild of abdominal muscle skin pain pain loss eyes dark,Gastroenterology
suffering from blood lethargy injections of pain yellow loss urine yellowish yellowing dark receiving skin eyes receiving itching unsterile abdominal fatigue malaise appetite transfusion urine of,Gastroenterology
my main issue is pain joints swelling pain walking knee joint pain hip neck painful joint pain,Orthopedics
i think it's feets cold weight fatigue extremeties abnormal and face lethargy and depression thyroid gain menstruation eyes puffy nails irritability enlarged swollen brittle hands dizziness,Endocrinology
i have mood gain and puffy swollen face feets enlarged abnormal thyroid nails and fatigue cold hands eyes brittle extremeties lethargy irritability depression menstruation weight swings,Endocrinology
dealing with diarrhoea headache high pain fever chills muscle sweating nausea,Infectious
having high malaise appetite lymph blood eyes vomiting chills swelled fever weight mild loss fever cough of in of pain fatigue phlegm breathlessness nodes loss chest sweating yellowing sputum,Pulmonology
feeling sensorium weakness side altered one headache body of,Neurology
i think it's vomiting of nausea eyes itching yellowing pain skin yellowish abdominal,
my main issue is limbs neck weakness in pain dizziness back loss pain balance of,Neurology
having foul of bladder urine burning urine of continuous micturition discomfort feel smell,Urology
i think it's skin loss abdominal pain vomiting fever urine itching high weight yellowish fatigue dark,Gastroenterology
having vision stiff irritability neck distorted disturbances acidity excessive headache hunger blurred visual and indigestion depression,Neurology
i have malaise loss receiving injections skin appetite dark urine eyes of lethargy pain abdominal of yellowish yellowing blood unsterile yellow itching receiving fatigue transfusion urine,Gastroenterology
having dehydration vomiting diarrhoea sunken eyes,Gastroenterology
my main issue is fatigue prominent veins bruising blood vessels on cramps swollen obesity calf legs swollen,Cardiology
feeling knee joints pain swelling joint joint neck hip pain painful pain walking pain,Orthopedics
having knee neck pain painful joints pain joint hip swelling pain walking pain joint,Orthopedics
experiencing in skin nails joint dents peeling rash inflammatory dusting small like skin pain nails silver,Dermatology
i have passage indigestion appetite pain abdominal of of gases vomiting loss,Gastroenterology
experiencing swollen gain nails fatigue mood weight and abnormal extremeties irritability menstruation enlarged swings depression thyroid brittle puffy dizziness face lethargy eyes,Endocrinology
suffering from urine bladder of of urine micturition burning smell foul feel continuous discomfort,Urology
i feel fever patches throat muscle marital in high extra wasting contacts lately,Infectious
suffering from itching eruptions rash nodal skin patches dischromic skin,Dermatology
experiencing of sensorium altered side vomiting one body weakness,Neurology
i think it's bruising vessels cramps swollen veins on fatigue prominent legs obesity swollen calf blood,Cardiology
i have spotting pain urination burning skin micturition itching stomach rash,Dermatology
experiencing breathlessness fever sweating malaise of weight vomiting pain lymph cough appetite phlegm loss yellowing swelled mild eyes high in chest of loss sputum chills fever nodes blood fatigue,Pulmonology
feeling red skin mild fatigue swelled loss lethargy nodes appetite headache itching high rash fever fever lymph over malaise spots body of,Infectious
feeling chest cough tongue on stomach acidity pain vomiting ulcers pain,Gastroenterology
suffering from diarrhoea of nausea pain of mild loss dark vomiting eyes yellowing appetite yellowish muscle abdominal fever joint skin pain pain urine,Gastroenterology
dealing with muscle weakness swelling painful movement joints neck walking stiff stiffness,Orthopedics
dealing with sweating chest breathlessness pain,Cardiology
feeling sweating irritability palpitations excessive slurred vomiting drying and nausea speech lips hunger tingling anxiety fatigue headache,Endocrinology
my main issue is muscle sweating pain high diarrhoea headache chills vomiting nausea fever,Infectious
my main issue is nausea eyes yellowing yellowish itching of of skin appetite pain loss abdominal vomiting,
i feel appetite pain of internal vomiting gases itching indigestion loss of abdominal passage lately,Gastroenterology
dealing with puffy depression dizziness extremeties nails swings fatigue menstruation gain and brittle enlarged weight irritability mood lethargy eyes swollen abnormal thyroid face,Endocrinology
dealing with one body weakness headache of side sensorium altered vomiting,Neurology
having joint hip knee pain pain pain walking joint pain neck painful,Orthopedics
dealing with fever pain chest chills sputum sweating high fast cough rate rusty phlegm malaise heart fatigue,Pulmonology
feeling fatigue high weight eyes pain appetite blood loss in mild of loss of malaise phlegm chills nodes sweating sputum cough vomiting lymph swelled fever chest yellowing fever breathlessness,Pulmonology
suffering from sputum breathlessness mucoid cough fatigue history family,Pulmonology
having dark fever vomiting joint pain appetite eyes abdominal urine yellowish pain mild yellowing muscle of nausea skin loss pain diarrhoea of,Gastroenterology
dealing with blackheads scurring pimples rash skin filled pus,Dermatology
dealing with yellowish pain loss high skin fever vomiting abdominal itching fatigue weight,Gastroenterology
i am having sneezing runny swelled high loss malaise fatigue headache pressure throat nose smell eyes muscle fever sinus of pain lymph irritation phlegm redness pain continuous chest of chills congestion nodes,Pulmonology
i am having ulcers tongue on cough pain chest pain acidity stomach,Gastroenterology
i feel chest vomiting sweating breathlessness pain lately,Cardiology
i am having urination spotting stomach skin itching burning pain micturition rash,Dermatology
i have urine discomfort of burning feel continuous micturition bladder,Urology
my main issue is in marital extra throat contacts muscle patches wasting,Infectious
i feel breathlessness sweating pain chest vomiting lately,Cardiology
i think it's of appetite vomiting pain loss gases abdominal indigestion of passage itching internal,Gastroenterology
i am having small pain inflammatory joint nails like peeling nails in dents rash skin silver dusting skin,Dermatology
my main issue is fluid yellowish alcohol history distention of of overload skin stomach of consumption vomiting swelling abdomen abdominal pain,Gastroenterology
experiencing swelling movement weakness muscle walking stiffness joints painful neck stiff,Orthopedics
i feel skin itching stomach spotting urination pain rash burning micturition lately,Dermatology
suffering from neck pain balance limbs back in weakness loss of pain dizziness,Neurology
suffering from rash patches nodal skin itching skin dischromic eruptions,Dermatology
suffering from throat contacts extra muscle marital fever wasting high in patches,Infectious
i think it's neck pain balance back dizziness of pain loss,Neurology
having neck painful stiffness swelling joints muscle stiff walking movement weakness,Orthopedics
i feel loss abdominal internal itching gases passage indigestion pain of of appetite lately,Gastroenterology
i feel yellowish loss vomiting skin pain high abdominal itching fever weight fatigue lately,Gastroenterology
dealing with pain look fatigue diarrhoea (typhos) constipation chills pain vomiting toxic nausea high fever abdominal belly headache,Infectious
suffering from sweating headache chills high vomiting nausea diarrhoea pain muscle fever,Infectious
feeling headache pain vomiting appetite pain rash high loss skin nausea muscle of red eyes fever back body over pain joint the behind fatigue spots malaise pain,Infectious
having loss back pain weakness pain of neck in limbs balance,Neurology
my main issue is loss stomach liver fatigue acute joint bleeding pain skin dark failure yellowing abdominal yellowish of eyes high nausea of coma fever pain vomiting appetite urine,Gastroenterology
i am having fatigue body high over lymph headache loss swelled fever malaise appetite spots skin lethargy red of nodes itching rash,Infectious
i have nausea sweating pain high fever vomiting headache chills muscle diarrhoea,Infectious
i am having eyes vomiting sunken dehydration,Gastroenterology
having bladder smell urine urine of discomfort feel of foul continuous,Urology
suffering from fever throat wasting extra high marital patches in contacts muscle,Infectious
suffering from menstruation abnormal heart weakness restlessness swings loss sweating rate fast muscle fatigue irritability mood diarrhoea weight,Endocrinology
having eyes lymph throat pain cough continuous of swelled redness sneezing fatigue congestion irritation smell runny sinus phlegm nose muscle fever high nodes pressure of malaise chest headache loss pain,Pulmonology
suffering from loss dark joint yellowish pain appetite yellowing eyes pain urine nausea of vomiting abdominal of skin,Gastroenterology
i think it's high family cough breathlessness mucoid fever sputum history,Pulmonology
i feel spinning balance headache unsteadiness movements loss nausea of vomiting lately,
i think it's nodal skin patches rash eruptions dischromic skin,Dermatology
i have swelling of alcohol yellowish fluid abdominal consumption overload of history skin distention of pain vomiting stomach abdomen,Gastroenterology
suffering from fatigue speech and blurred distorted drying palpitations headache lips sweating irritability vomiting nausea excessive and anxiety vision slurred tingling hunger,Endocrinology
feeling weight dark high fatigue pain vomiting itching yellowish loss urine skin fever abdominal,Gastroenterology
i feel of vomiting swelling skin stomach abdominal distention of history yellowish abdomen consumption fluid pain of overload alcohol lately,Gastroenterology
i think it's pain walking pain joints joint joint neck pain painful pain knee hip swelling,Orthopedics
i am having passage itching appetite indigestion loss abdominal vomiting internal pain gases of of,Gastroenterology
my main issue is redness continuous of loss nose nodes high irritation sinus fatigue smell congestion pressure lymph cough pain phlegm headache chest fever eyes runny muscle chills of malaise swelled sneezing pain throat,Pulmonology
having chest pain breathlessness vomiting,Cardiology
having spotting stomach skin itching pain rash urination,Dermatology
i have vomiting sweating pain chest breathlessness,Cardiology
suffering from red sore rash high fever skin around blister yellow crust ooze nose,Dermatology
feeling alcohol abdomen of skin yellowish distention pain of consumption stomach vomiting swelling of overload history fluid abdominal,Gastroenterology
i am having dizziness of pain weakness in loss limbs balance neck,Neurology
having indigestion loss pain itching of vomiting appetite passage of internal gases abdominal,Gastroenterology
i feel chest runny malaise high pressure of of pain chills swelled sinus smell pain congestion headache fatigue throat phlegm continuous loss irritation redness cough nose fever eyes nodes sneezing lymph muscle lately,Pulmonology
i have pain of of gases indigestion vomiting itching loss internal abdominal appetite passage,Gastroenterology
experiencing sunken dehydration vomiting diarrhoea eyes,Gastroenterology
i think it's of neck pain dizziness limbs weakness balance pain in back loss,Neurology
suffering from nails rash joint peeling dusting small nails pain in skin silver inflammatory dents like skin,Dermatology
my main issue is vision indigestion and neck acidity depression stiff irritability excessive visual blurred distorted hunger disturbances headache,Neurology
i am having cough tongue ulcers vomiting acidity stomach pain on,Gastroenterology
dealing with watering continuous from eyes sneezing chills,Dermatology
i have spots of mild skin lymph fever itching appetite nodes fever malaise fatigue high over red swelled loss lethargy rash body headache,Infectious
dealing with joints pain painful swelling pain neck joint walking knee joint pain hip pain,Orthopedics
i think it's tongue acidity chest stomach cough ulcers vomiting on pain pain,Gastroenterology
i am having chills chest sweating high breathlessness fever pain rate rusty malaise sputum fast fatigue phlegm cough heart,Pulmonology
dealing with abdomen overload of alcohol fluid history pain distention vomiting of yellowish skin abdominal consumption stomach swelling of,Gastroenterology
experiencing weight itching pain vomiting skin dark yellowish fever fatigue loss abdominal high urine,Gastroenterology
experiencing yellowing dark loss pain pain urine fatigue vomiting abdominal joint eyes appetite nausea skin yellowish of of,Gastroenterology
i feel chills eyes watering from continuous shivering sneezing lately,Dermatology
i am having continuous chills from sneezing shivering eyes watering,Dermatology
i am having back pain skin pain vomiting pain fatigue eyes rash chills red over pain behind nausea spots body fever muscle headache of joint appetite loss high the,Infectious
having skin itching loss pain yellowish abdominal weight vomiting high fever urine dark,Gastroenterology
having veins blood obesity on vessels legs calf cramps swollen fatigue bruising prominent swollen,Cardiology
feeling lymph loss high of yellowing appetite fever eyes chest malaise nodes loss fever breathlessness weight sputum sweating pain swelled fatigue cough phlegm in mild vomiting of blood chills,Pulmonology
my main issue is loss eyes skin appetite yellowish of history fatigue of nausea family yellowing,Gastroenterology
feeling of pain yellowish yellowing loss eyes vomiting appetite nausea skin abdominal of itching,
experiencing distorted hunger neck and stiff acidity excessive visual vision headache irritability indigestion blurred disturbances depression,Neurology
having loss abdominal passage appetite of vomiting itching of gases indigestion pain internal,Gastroenterology
i think it's extra muscle wasting contacts fever high marital,Infectious
experiencing blood mild yellowing of chest swelled fatigue in appetite high eyes chills breathlessness phlegm cough fever loss lymph sweating of sputum fever weight vomiting nodes loss pain malaise,Pulmonology
feeling neck hunger irritability depression and vision acidity excessive visual distorted headache blurred indigestion stiff disturbances,Neurology
i am having marital wasting high throat muscle contacts fever extra patches in,Infectious
i have movement walking muscle neck stiff painful joints stiffness swelling weakness,Orthopedics
feeling high breathlessness fever sputum family fatigue cough history mucoid,Pulmonology
experiencing fast breathlessness heart high cough rate phlegm chills fever fatigue pain malaise sweating sputum chest rusty,Pulmonology
experiencing weakness stiffness neck walking movement painful muscle stiff,Orthopedics
my main issue is feets gain mood fatigue swings weight swollen brittle depression face irritability abnormal cold and menstruation and hands nails extremeties puffy eyes dizziness enlarged lethargy thyroid,Endocrinology
i think it's sore blister skin ooze yellow high nose crust red rash around fever,Dermatology
dealing with sweating chest breathlessness vomiting pain,Cardiology
suffering from yellowish urine loss of coma liver skin of pain vomiting dark yellowing joint high abdominal fatigue acute stomach pain failure fever nausea bleeding appetite eyes,Gastroenterology
i have calf swollen fatigue legs vessels swollen obesity cramps blood bruising on prominent veins,Cardiology
my main issue is muscle sinus fatigue chest lymph runny of phlegm pressure of throat headache pain nodes sneezing loss chills eyes malaise congestion redness cough pain continuous swelled irritation nose smell,Pulmonology
suffering from altered weakness of sensorium side one body vomiting headache,Neurology
having high fever cough fatigue breathlessness mucoid sputum,Pulmonology
suffering from skin nausea of yellowish abdominal vomiting yellowing urine joint pain fatigue loss appetite eyes of dark pain,Gastroenterology
i think it's one headache altered vomiting body sensorium side of weakness,Neurology
i am having dehydration sunken vomiting diarrhoea eyes,Gastroenterology
suffering from headache body sensorium side of vomiting one weakness altered,Neurology
i am having burning rash pain stomach micturition spotting skin urination itching,Dermatology
i feel pain of appetite indigestion loss of passage internal itching vomiting gases abdominal lately,Gastroenterology
dealing with eruptions skin dischromic itching nodal patches,Dermatology
i am having muscle mild yellowing of of dark loss eyes appetite abdominal fever diarrhoea pain vomiting pain nausea urine skin yellowish,Gastroenterology
experiencing pain loss itching appetite of abdominal internal vomiting passage of indigestion gases,Gastroenterology
feeling throat nose malaise loss redness swelled sneezing fever runny sinus chest of muscle nodes congestion cough phlegm lymph continuous pressure irritation pain of chills eyes pain fatigue smell high headache,Pulmonology
feeling weight vomiting loss nodes chills lymph loss sputum fever fever eyes of yellowing sweating high mild of breathlessness pain cough chest appetite blood in swelled phlegm malaise fatigue,Pulmonology
my main issue is loss swings fast mood sweating irritability heart excessive rate menstruation hunger weakness muscle restlessness diarrhoea weight abnormal,Endocrinology
i feel vomiting sensorium side body weakness altered headache of one lately,Neurology
experiencing stomach nausea pain skin fever of joint dark eyes pain vomiting loss high appetite failure yellowing coma of urine yellowish abdominal bleeding fatigue liver acute,Gastroenterology
i have eyes urine fatigue yellowing yellowish pain of vomiting nausea abdominal skin of pain loss appetite dark joint,Gastroenterology
having excessive drying tingling hunger sweating lips and vomiting slurred vision and palpitations anxiety fatigue nausea blurred speech irritability headache distorted,Endocrinology
i feel peeling nails like inflammatory joint skin rash dusting dents pain in nails skin small silver lately,Dermatology
i have breathlessness cough phlegm mild weight eyes fever high swelled pain lymph appetite sputum malaise of yellowing fever of loss blood chills in sweating vomiting nodes chest loss,Pulmonology
i feel stiffness painful neck walking joints weakness muscle swelling movement stiff lately,Orthopedics
suffering from altered of headache sensorium weakness body one side vomiting,Neurology
suffering from joint knee joints pain pain pain pain hip swelling neck joint walking painful,Orthopedics
i feel eyes yellowish of of appetite skin yellowing loss history fatigue family lately,Gastroenterology
i am having smell urine bladder of discomfort urine continuous burning feel micturition of foul,Urology
dealing with nose blister fever ooze crust rash red around high sore yellow skin,Dermatology
dealing with pain skin skin peeling dusting silver rash in like small nails joint dents,Dermatology
i feel high pain diarrhoea chills headache fever sweating muscle nausea vomiting lately,Infectious
i feel eyes watering chills sneezing from continuous lately,Dermatology
i have peeling small dusting in dents rash silver nails skin inflammatory skin pain joint nails like,Dermatology
i am having red high blister yellow sore ooze fever nose rash skin crust around,Dermatology
my main issue is yellowish abdominal vomiting yellowing of of joint loss pain dark urine fatigue pain skin appetite eyes,Gastroenterology
i have headache nausea fever abdominal toxic belly pain chills vomiting look diarrhoea fatigue (typhos) pain high,Infectious
suffering from abdominal yellowish pain of skin alcohol stomach overload history vomiting of abdomen swelling of fluid distention consumption,Gastroenterology
having skin abdomen distention of of alcohol stomach fluid swelling overload abdominal history of yellowish consumption pain,Gastroenterology
experiencing sunken dehydration eyes vomiting diarrhoea,Gastroenterology
i have nails dents like in silver peeling nails skin dusting inflammatory rash skin joint small pain,Dermatology
feeling nausea appetite family of loss history yellowing fatigue of eyes,Gastroenterology
suffering from visual blurred excessive and depression headache indigestion distorted irritability vision disturbances hunger acidity,Neurology
having sunken dehydration diarrhoea vomiting eyes,Gastroenterology
feeling fever yellowing vomiting diarrhoea of skin eyes mild of pain muscle appetite pain joint yellowish dark urine nausea loss,Gastroenterology
having eyes nausea vomiting pain of skin of appetite loss yellowish abdominal yellowing itching,
experiencing sweating fever pain chills high eyes phlegm appetite fever blood loss vomiting sputum breathlessness yellowing of loss cough of chest lymph fatigue malaise swelled weight mild nodes in,Pulmonology
dealing with filled skin scurring pus rash pimples,Dermatology
i am having chest phlegm malaise sweating high cough chills rusty heart rate fever pain sputum fast fatigue,Pulmonology
i have mood excessive swings fatigue diarrhoea abnormal menstruation irritability muscle rate loss fast weight sweating weakness heart hunger,Endocrinology
i think it's headache red fatigue loss body mild malaise lethargy lymph high appetite itching spots of fever over fever swelled nodes,Infectious
my main issue is pain skin abdominal appetite loss yellowing eyes yellowish of vomiting of nausea itching,
i am having balance loss limbs back pain pain dizziness neck of weakness in,Neurology
dealing with of appetite pain yellowish abdominal vomiting nausea itching loss skin,
suffering from gases of internal of abdominal loss vomiting appetite itching pain passage indigestion,Gastroenterology
having dark loss bleeding acute coma of high yellowish joint nausea eyes fatigue skin liver abdominal yellowing vomiting failure fever stomach appetite pain pain of urine,Gastroenterology
suffering from nausea headache balance spinning of unsteadiness loss movements,
i have back skin pain loss vomiting headache rash over chills fatigue the appetite eyes spots body joint pain malaise behind red high fever of pain muscle nausea pain,Infectious
suffering from in limbs pain back pain weakness dizziness balance of loss neck,Neurology
i am having chills sneezing shivering continuous,Dermatology
suffering from loss of failure of bleeding joint urine appetite dark yellowish skin abdominal acute fever vomiting coma eyes fatigue pain liver yellowing high pain nausea stomach,Gastroenterology
i think it's spots appetite lethargy fever over mild high of body headache fatigue fever itching loss malaise red rash skin,Infectious
having throat muscle wasting patches high fever in,Infectious
having weight yellowish itching fever skin abdominal loss dark high urine fatigue vomiting pain,Gastroenterology
feeling of gases internal passage appetite indigestion vomiting itching pain loss of abdominal,Gastroenterology
i am having yellowing skin of fatigue nausea history eyes appetite family loss yellowish of,Gastroenterology
i feel vomiting balance loss movements of spinning unsteadiness headache lately,
i am having swollen blood vessels on legs swollen prominent veins obesity cramps calf fatigue,Cardiology
having of abdominal itching yellowish of pain appetite skin yellowing nausea eyes vomiting loss,
suffering from breathlessness vomiting chest sweating pain,Cardiology
i think it's phlegm malaise fatigue of chills sweating chest loss vomiting pain yellowing nodes mild in sputum fever eyes breathlessness cough blood weight appetite of high lymph loss fever swelled,Pulmonology
experiencing filled skin scurring rash pus pimples,Dermatology
i have eyes vomiting skin of yellowish appetite pain loss nausea of abdominal yellowing,
feeling loss vomiting unsteadiness balance headache movements of spinning nausea,
feeling loss unsteadiness spinning of vomiting headache movements nausea balance,
suffering from pain alcohol abdomen consumption swelling history skin stomach of vomiting overload fluid of of distention abdominal yellowish,Gastroenterology
i think it's mood swings fatigue rate diarrhoea irritability abnormal heart hunger fast muscle sweating restlessness excessive menstruation weakness,Endocrinology
i feel skin high loss urine abdominal yellowish dark weight fever pain itching fatigue lately,Gastroenterology
my main issue is chills breathlessness eyes nodes in cough high fever swelled of phlegm weight blood loss malaise sputum fever sweating fatigue yellowing appetite mild vomiting lymph of pain loss chest,Pulmonology
suffering from receiving receiving blood yellowish urine appetite dark of loss transfusion fatigue unsterile lethargy skin malaise pain yellowing eyes of injections yellow urine abdominal itching,Gastroenterology
i feel abdominal itching passage gases loss pain of of internal vomiting appetite lately,Gastroenterology
experiencing joints neck muscle walking weakness movement swelling painful stiffness stiff,Orthopedics
dealing with yellowish abdominal yellowing skin nausea pain vomiting loss appetite eyes of itching of,
feeling of vomiting passage loss of indigestion appetite gases pain itching internal abdominal,Gastroenterology
dealing with of appetite skin yellowing vomiting of itching nausea eyes yellowish loss,
i feel skin eyes vomiting of muscle yellowish dark diarrhoea nausea yellowing fever of urine pain abdominal pain appetite pain mild joint loss lately,Gastroenterology
suffering from yellowish abdominal loss high pain fatigue vomiting itching skin urine fever weight dark,Gastroenterology
i feel diarrhoea vomiting eyes dehydration sunken lately,Gastroenterology
having of limbs in pain loss balance weakness neck dizziness,Neurology
suffering from vomiting dehydration diarrhoea,Gastroenterology
i have sweating headache slurred vomiting excessive and distorted irritability speech anxiety tingling blurred drying nausea vision palpitations lips hunger and,Endocrinology
i have loss yellowish dark abdominal skin pain weight urine high fatigue fever itching,Gastroenterology
my main issue is visual disturbances vision stiff blurred indigestion depression acidity hunger headache irritability and excessive distorted neck,Neurology
my main issue is lymph fever swelled skin loss fever over of mild high lethargy itching appetite red spots body rash nodes fatigue malaise,Infectious
feeling skin pimples blackheads filled pus rash scurring,Dermatology
i have receiving of lethargy receiving unsterile blood fatigue loss urine urine yellowing eyes appetite transfusion malaise dark abdominal yellow skin of injections itching pain yellowish,Gastroenterology
having stomach history consumption pain abdominal of yellowish alcohol fluid distention of abdomen swelling of skin vomiting overload,Gastroenterology
dealing with of of pain skin consumption fluid distention alcohol vomiting history stomach overload abdominal yellowish of abdomen swelling,Gastroenterology
dealing with swollen vessels veins swollen prominent fatigue calf legs cramps obesity blood bruising on,Cardiology
i think it's blackheads skin pimples filled rash pus scurring,Dermatology
i am having fast swings menstruation irritability abnormal muscle restlessness rate diarrhoea heart hunger mood weakness loss sweating excessive fatigue weight,Endocrinology
having of yellowish of yellowing abdominal skin vomiting appetite pain itching loss eyes,
i think it's loss of pain skin appetite joint fever bleeding eyes fatigue pain coma yellowish abdominal yellowing failure urine high dark stomach liver vomiting of nausea acute,Gastroenterology
i think it's loss dark skin pain coma pain acute appetite liver fatigue stomach eyes urine abdominal joint yellowing of of failure vomiting nausea bleeding yellowish,Gastroenterology
suffering from of of pain nausea abdominal loss pain urine vomiting fatigue skin joint yellowing eyes yellowish appetite dark,Gastroenterology
feeling urine smell burning continuous micturition foul of bladder feel urine discomfort of,Urology
i am having eyes from chills continuous sneezing watering,Dermatology
suffering from blurred slurred vision vomiting distorted tingling drying and irritability anxiety lips nausea sweating and excessive hunger palpitations speech headache,Endocrinology
i feel abdominal nausea itching vomiting skin yellowish appetite loss pain of lately,
experiencing appetite loss vomiting internal passage pain of indigestion itching of gases abdominal,Gastroenterology
experiencing skin crust nose yellow ooze around fever high sore red rash,Dermatology
dealing with chest chills fatigue rate fast malaise high pain fever cough heart sweating sputum breathlessness rusty phlegm,Pulmonology
experiencing internal abdominal of itching appetite indigestion pain vomiting loss,Gastroenterology
experiencing nodes loss appetite fever fatigue fever red lethargy over headache of spots malaise swelled high skin lymph rash mild itching body,Infectious
i feel nose high chills headache of throat redness sneezing loss cough chest congestion eyes pressure muscle pain lymph smell phlegm sinus irritation runny continuous pain fatigue of fever swelled nodes malaise lately,Pulmonology
experiencing patches nodal skin dischromic rash skin eruptions,Dermatology
feeling walking neck movement painful stiffness weakness muscle stiff,Orthopedics
i have watering chills sneezing shivering from eyes continuous,Dermatology
dealing with smell of micturition continuous of feel bladder discomfort foul urine urine burning,Urology
my main issue is yellowish fatigue abdominal dark weight fever itching high skin loss vomiting pain urine,Gastroenterology
i am having skin nodal rash eruptions skin patches dischromic,Dermatology
i think it's pain in balance back loss weakness dizziness of limbs,Neurology
i think it's of coma joint pain acute fever skin of nausea abdominal dark yellowing high yellowish stomach loss fatigue urine appetite liver eyes failure pain vomiting bleeding,Gastroenterology
i feel pain stomach joint acute vomiting failure abdominal of of skin liver yellowing urine nausea eyes yellowish high fever pain loss coma bleeding appetite fatigue dark lately,Gastroenterology
feeling of loss pain yellowing eyes muscle nausea diarrhoea pain pain joint fever of mild urine vomiting appetite abdominal dark,Gastroenterology
i have shivering from continuous chills sneezing eyes watering,Dermatology
i think it's vomiting dehydration diarrhoea,Gastroenterology
my main issue is irritability distorted speech excessive anxiety hunger sweating nausea vision vomiting headache palpitations and fatigue blurred slurred,Endocrinology
experiencing blurred neck irritability disturbances and hunger visual acidity distorted depression stiff vision indigestion excessive headache,Neurology
suffering from cough pain pain chest acidity on tongue vomiting stomach ulcers,Gastroenterology
having sputum pain heart rate rusty malaise fatigue breathlessness phlegm high sweating fever chills chest cough fast,Pulmonology
suffering from visual irritability acidity and headache hunger disturbances neck distorted blurred vision depression stiff excessive,Neurology
having fatigue over high lethargy mild loss nodes fever itching of spots swelled appetite rash malaise fever red lymph skin headache body,Infectious
feeling peeling dents rash skin nails pain joint like dusting in inflammatory small nails skin silver,Dermatology
suffering from pain joint joint pain knee neck hip swelling walking painful pain pain joints,Orthopedics
feeling abdominal yellowing yellowish of nausea diarrhoea eyes urine loss mild muscle of pain vomiting appetite fever dark pain joint pain skin,Gastroenterology
dealing with in dizziness pain limbs pain back neck weakness,Neurology
i think it's ooze crust nose sore blister yellow red high fever around,Dermatology
i think it's and visual vision acidity excessive hunger disturbances depression stiff neck blurred irritability headache distorted indigestion,Neurology
my main issue is of lethargy blood yellowing eyes yellowish dark unsterile transfusion itching loss of malaise injections urine fatigue skin receiving receiving yellow pain abdominal urine appetite,Gastroenterology
i am having pain chills fatigue of rash malaise pain headache fever back the joint loss spots red pain pain appetite over skin nausea behind eyes body muscle high,Infectious
i think it's sweating vomiting speech palpitations excessive lips irritability blurred distorted and drying headache vision slurred hunger anxiety fatigue tingling and,Endocrinology
feeling fever chills sweating headache vomiting muscle pain high nausea,Infectious
experiencing scurring skin rash blackheads,Dermatology
feeling micturition urination skin pain spotting itching stomach rash burning,Dermatology
i have of appetite yellowing of blood fatigue eyes dark urine loss lethargy yellowish yellow receiving urine itching malaise receiving unsterile transfusion injections skin,Gastroenterology
i think it's nodes phlegm runny throat lymph eyes fever pain continuous irritation of muscle sneezing smell cough loss sinus congestion pressure chills pain headache high redness of swelled fatigue chest nose,Pulmonology
i am having abdominal of pain dark skin vomiting nausea urine eyes joint loss fatigue of yellowish appetite pain yellowing,Gastroenterology
i think it's depression menstruation swings weight lethargy hands fatigue dizziness cold eyes puffy irritability gain mood abnormal swollen feets enlarged and face extremeties brittle thyroid nails and,Endocrinology
i have micturition burning urine of discomfort foul continuous feel bladder urine smell of,Urology
my main issue is cough high mucoid breathlessness family fever history fatigue sputum,Pulmonology
dealing with altered sensorium headache vomiting one of weakness side body,Neurology
i think it's filled pimples skin rash blackheads scurring pus,Dermatology
having high nose crust red fever around blister sore yellow skin rash ooze,Dermatology
feeling spinning nausea unsteadiness vomiting loss movements of balance headache,
i am having sunken eyes diarrhoea vomiting dehydration,Gastroenterology
i have appetite skin yellowish loss eyes family history of nausea yellowing fatigue of,Gastroenterology
feeling sunken vomiting dehydration eyes,Gastroenterology
experiencing skin blackheads rash pimples scurring filled pus,Dermatology
i have eyes sunken vomiting dehydration diarrhoea,Gastroenterology
my main issue is pain joint pain swelling painful pain neck pain hip joint joints walking knee,Orthopedics
suffering from yellowish abdomen of vomiting skin of overload stomach of history consumption alcohol swelling abdominal distention pain fluid,Gastroenterology
my main issue is loss appetite yellowing pain joint vomiting fever mild of dark urine diarrhoea skin nausea yellowish muscle of pain eyes,Gastroenterology
experiencing burning continuous bladder smell of urine micturition feel of discomfort foul urine,Urology
i feel pain stomach tongue ulcers cough acidity on vomiting lately,Gastroenterology
i feel appetite vomiting sweating of sputum pain fever high loss phlegm blood chest fever eyes of cough yellowing loss weight mild fatigue swelled nodes malaise in lymph chills lately,Pulmonology
suffering from vomiting eyes diarrhoea sunken dehydration,Gastroenterology
having yellowish of of consumption abdomen swelling history distention of stomach overload vomiting skin fluid alcohol,Gastroenterology
having vomiting sensorium headache altered side weakness one of body,Neurology
my main issue is ulcers on cough vomiting pain stomach acidity tongue,Gastroenterology
having blood cramps swollen legs swollen fatigue obesity vessels bruising,Cardiology
i feel like nails silver in dusting rash pain skin skin nails small inflammatory dents peeling joint lately,Dermatology
i have phlegm fever pain chest mild of nodes fever malaise cough lymph breathlessness blood chills eyes appetite vomiting high sweating in sputum swelled yellowing of loss fatigue,Pulmonology
suffering from diarrhoea yellowing mild of pain pain appetite dark fever muscle pain loss urine nausea of yellowish eyes skin joint abdominal,Gastroenterology
dealing with loss vomiting pain in sputum sweating cough fever fatigue fever of eyes chest blood chills breathlessness yellowing nodes lymph appetite mild high loss phlegm swelled of malaise weight,Pulmonology
i feel loss unsteadiness movements of headache spinning nausea balance vomiting lately,
i have pus filled pimples blackheads scurring,Dermatology
i think it's pain vomiting diarrhoea headache fever muscle nausea chills high sweating,Infectious
i am having hunger and tingling palpitations lips fatigue slurred drying nausea distorted excessive anxiety vision blurred irritability speech sweating headache and vomiting,Endocrinology
i feel neck joints stiffness painful stiff weakness walking muscle swelling movement lately,Orthopedics
i feel excessive headache hunger stiff and indigestion irritability blurred acidity distorted depression neck vision lately,Neurology
i have skin rash pus filled blackheads pimples,Dermatology
i am having of yellowing skin of pain vomiting itching abdominal nausea loss yellowish appetite eyes,
experiencing loss appetite yellowish dark eyes yellowing fatigue failure coma nausea pain of urine of skin vomiting pain joint stomach acute abdominal liver bleeding,Gastroenterology
having swelling movement stiff stiffness neck joints muscle painful walking weakness,Orthopedics
i have mild dark of fever yellowish joint diarrhoea skin abdominal muscle vomiting loss nausea of pain pain pain eyes yellowing appetite urine,Gastroenterology
i am having itching dischromic eruptions nodal skin skin rash patches,Dermatology
having weakness side headache altered body of sensorium one,Neurology
feeling back pain eyes skin of chills malaise nausea joint pain the appetite pain muscle loss headache spots behind pain over fatigue vomiting rash body red,Infectious
i have skin history eyes nausea fatigue yellowish loss family of appetite of yellowing,Gastroenterology
i have appetite yellowing of abdominal pain of dark yellowish pain eyes joint vomiting loss nausea skin urine fatigue,Gastroenterology
dealing with eyes puffy swollen lethargy nails menstruation fatigue and irritability brittle swings cold and face gain abnormal feets hands dizziness mood depression weight thyroid enlarged extremeties,Endocrinology
experiencing toxic belly (typhos) constipation vomiting fatigue diarrhoea fever look pain abdominal headache chills nausea pain high,Infectious
dealing with skin history fatigue loss of of yellowing nausea eyes family yellowish appetite,Gastroenterology
i feel skin stomach itching pain micturition urination spotting burning rash lately,Dermatology
experiencing high red behind pain body pain fever pain back joint skin headache malaise nausea rash of eyes loss over appetite spots fatigue vomiting muscle pain chills the,Infectious
i have spotting pain urination itching micturition stomach burning,Dermatology
i have pain neck walking joints pain pain hip knee pain joint joint painful swelling,Orthopedics
dealing with skin skin rash eruptions dischromic itching nodal patches,Dermatology
suffering from appetite yellowing yellowish nausea vomiting eyes itching pain loss skin of abdominal of,
suffering from fatigue pain belly look toxic abdominal chills (typhos) vomiting high headache diarrhoea fever nausea constipation pain,Infectious
i think it's high patches in marital muscle contacts extra throat fever wasting,Infectious
i have sweating muscle chills vomiting headache diarrhoea high fever pain,Infectious
having yellowing appetite pain lethargy malaise dark yellow of urine loss fatigue blood urine receiving eyes of transfusion skin abdominal receiving itching injections unsterile yellowish,Gastroenterology
i feel pain loss itching of abdominal of passage vomiting indigestion appetite internal gases lately,Gastroenterology
feeling appetite mild rash of itching skin high red loss body lymph swelled fatigue headache malaise nodes lethargy over spots fever fever,Infectious
suffering from marital throat contacts high patches in fever extra,Infectious
i am having vomiting chest breathlessness sweating pain,Cardiology
dealing with swelling skin of of overload consumption yellowish fluid abdomen of history pain stomach vomiting alcohol distention abdominal,Gastroenterology
dealing with body altered of weakness side one headache sensorium vomiting,Neurology
i think it's sneezing watering from chills continuous shivering eyes,Dermatology
suffering from high fever yellow sore red skin nose rash blister crust ooze around,Dermatology
i am having dark appetite abdominal of skin nausea urine joint of loss fatigue yellowing pain vomiting pain yellowish eyes,Gastroenterology
i have mucoid breathlessness high fever sputum history family cough,Pulmonology
i have fatigue sweating blood lymph yellowing chills nodes in loss pain malaise swelled chest weight loss breathlessness phlegm mild appetite high of vomiting cough fever sputum of eyes fever,Pulmonology
feeling loss abdominal passage of vomiting indigestion of pain itching gases appetite internal,Gastroenterology
experiencing pain itching internal appetite of gases loss abdominal passage indigestion of vomiting,Gastroenterology
i feel weakness balance pain pain neck in loss of back limbs dizziness lately,Neurology
experiencing hands feets extremeties mood swollen enlarged menstruation fatigue gain irritability dizziness abnormal lethargy brittle depression and nails face puffy eyes weight cold swings thyroid and,Endocrinology
suffering from sweating fatigue high sputum malaise chest rate pain phlegm heart rusty fast chills fever breathlessness cough,Pulmonology
i have on bruising calf fatigue obesity swollen legs prominent cramps veins,Cardiology
feeling joint walking joints pain pain swelling neck pain painful hip pain knee joint,Orthopedics
feeling belly nausea diarrhoea headache constipation chills fever toxic (typhos) high abdominal fatigue look pain pain vomiting,Infectious
i have sensorium altered vomiting headache,Neurology
i feel stiff movement joints weakness stiffness neck walking swelling muscle painful lately,Orthopedics
my main issue is rash itching skin patches dischromic,Dermatology
feeling sneezing eyes shivering watering from continuous,Dermatology
i think it's sensorium vomiting one weakness body side of headache altered,Neurology
feeling muscle in wasting patches high fever extra throat marital contacts,Infectious
i feel hunger heart weight excessive fast irritability loss swings mood restlessness muscle diarrhoea weakness rate menstruation abnormal sweating fatigue lately,Endocrinology
i have dischromic patches skin itching rash skin nodal eruptions,Dermatology
feeling rate pain fever cough high rusty chest malaise fast chills phlegm fatigue breathlessness sputum heart,Pulmonology
experiencing appetite blood yellowish loss lethargy yellow yellowing fatigue of receiving eyes receiving itching urine transfusion pain malaise abdominal of injections unsterile skin,Gastroenterology
i have headache movements nausea spinning vomiting unsteadiness,
i have consumption overload abdomen abdominal fluid of stomach distention alcohol vomiting swelling of yellowish pain skin of history,Gastroenterology
i think it's high joint fever nausea pain skin yellowish vomiting appetite coma of pain dark fatigue of stomach eyes abdominal bleeding yellowing loss urine,Gastroenterology
i have nails feets depression brittle thyroid puffy and menstruation swollen irritability swings dizziness lethargy mood weight cold extremeties hands gain eyes enlarged abnormal and face,Endocrinology
experiencing fatigue high pain vomiting failure bleeding pain acute liver eyes urine of abdominal fever of yellowing appetite joint yellowish coma stomach dark loss skin,Gastroenterology
i am having cold gain eyes swollen extremeties lethargy depression irritability brittle abnormal weight mood thyroid face feets nails puffy and dizziness swings enlarged and hands menstruation,Endocrinology
i think it's skin pain loss eyes appetite malaise joint nausea spots behind the high back chills pain of rash pain fever pain body over headache red vomiting muscle,Infectious
suffering from of stomach yellowing dark loss coma pain failure acute vomiting fatigue joint liver urine pain skin nausea yellowish abdominal bleeding appetite eyes fever high of,Gastroenterology
i am having vomiting high sweating muscle headache chills pain fever diarrhoea,Infectious
experiencing itching dischromic skin rash eruptions patches skin nodal,Dermatology
feeling loss yellowing of skin nausea yellowish appetite history family of eyes fatigue,Gastroenterology
suffering from fast restlessness weight weakness abnormal loss diarrhoea swings menstruation irritability heart sweating rate fatigue hunger excessive mood muscle,Endocrinology
suffering from fever mild weight loss pain sputum fatigue appetite sweating lymph eyes of fever yellowing chest phlegm cough high malaise loss nodes blood swelled of breathlessness chills in,Pulmonology
feeling from watering eyes chills sneezing shivering continuous,Dermatology
dealing with pain pain pain joint hip swelling neck joint pain joints knee,Orthopedics
my main issue is walking hip pain joints swelling joint knee joint pain painful neck pain pain,Orthopedics
experiencing rash spotting urination skin stomach pain itching,Dermatology
i have skin lymph mild fatigue itching lethargy high rash over appetite of swelled nodes malaise loss spots red body headache fever fever,Infectious
i am having shivering chills from watering eyes sneezing continuous,Dermatology
experiencing watering continuous chills from shivering sneezing eyes,Dermatology
i am having sunken eyes diarrhoea vomiting,Gastroenterology
i have urine vomiting weight yellowish dark skin fatigue abdominal itching high fever loss pain,Gastroenterology
i feel filled blackheads pus pimples scurring lately,Dermatology
i have feets depression mood and menstruation fatigue irritability weight nails thyroid and gain brittle swollen swings puffy extremeties abnormal hands eyes face dizziness cold enlarged lethargy,Endocrinology
feeling pain constipation high look chills fatigue abdominal pain toxic headache nausea fever diarrhoea (typhos) belly,Infectious
experiencing pain pain yellowing pain of yellowish skin eyes nausea muscle vomiting joint dark fever diarrhoea abdominal mild urine,Gastroenterology
i feel weight pain high urine dark itching vomiting fever fatigue loss abdominal lately,Gastroenterology
i think it's history skin stomach consumption overload of abdomen vomiting abdominal yellowish pain swelling of fluid distention alcohol of,Gastroenterology
i think it's marital high wasting throat in extra fever contacts muscle patches,Infectious
feeling back dizziness in weakness pain of pain neck loss limbs balance,Neurology
i have yellowing eyes high failure skin acute bleeding pain fever vomiting pain joint fatigue stomach liver coma yellowish nausea abdominal appetite of of loss,Gastroenterology
dealing with fatigue on vessels swollen legs veins obesity bruising swollen prominent calf blood cramps,Cardiology
experiencing foul burning feel urine of of smell micturition continuous urine,Urology
i think it's blister red sore crust high rash around nose yellow fever skin ooze,Dermatology
dealing with of abdominal skin pain joint urine nausea appetite pain loss yellowish vomiting dark fatigue,Gastroenterology
feeling palpitations distorted drying and and slurred headache speech excessive anxiety lips nausea sweating vomiting irritability fatigue hunger blurred tingling vision,Endocrinology
i am having pressure fever of nose lymph congestion cough smell throat of continuous sinus swelled malaise headache sneezing irritation runny high redness pain muscle loss phlegm chest nodes eyes chills pain,Pulmonology
dealing with pain sputum cough chills chest heart rate sweating high breathlessness rusty phlegm fatigue fever fast,Pulmonology
suffering from of abdominal urine diarrhoea muscle nausea fever vomiting dark skin pain appetite joint yellowing yellowish of mild loss pain pain eyes,Gastroenterology
i think it's swollen swings face menstruation and mood and puffy feets nails thyroid depression abnormal enlarged fatigue hands cold extremeties eyes dizziness irritability lethargy brittle,Endocrinology
experiencing vomiting gases itching of indigestion of loss abdominal appetite pain passage internal,Gastroenterology
i have nausea vomiting headache spinning movements unsteadiness,
i think it's urine eyes dark injections loss unsterile yellowish fatigue skin receiving of yellow urine blood transfusion lethargy appetite malaise itching of receiving yellowing,Gastroenterology
having in pain back balance pain weakness of limbs loss neck dizziness,Neurology
my main issue is nausea high of skin joint abdominal acute failure yellowing yellowish appetite fatigue stomach fever pain bleeding liver of coma pain vomiting loss eyes,Gastroenterology
dealing with of the pain pain eyes vomiting fatigue behind rash pain fever muscle headache high nausea appetite chills loss joint pain skin back malaise,Infectious
experiencing pimples pus filled scurring blackheads rash skin,Dermatology
dealing with loss pain itching passage indigestion appetite abdominal internal of of vomiting gases,Gastroenterology
my main issue is vessels veins calf cramps bruising blood swollen legs prominent swollen fatigue obesity on,Cardiology
suffering from pimples pus rash filled skin scurring,Dermatology
feeling rash over red nodes lymph itching spots fever appetite skin fever mild lethargy malaise high body headache fatigue swelled loss of,Infectious
i have pain high chills fatigue heart phlegm chest cough rate breathlessness sputum rusty fever sweating fast,Pulmonology
having vomiting pain cough chest stomach pain acidity tongue ulcers on,Gastroenterology
i have pain chest sweating chills cough rate rusty heart malaise fatigue phlegm sputum fast fever high breathlessness,Pulmonology
i am having eruptions itching skin dischromic nodal skin patches rash,Dermatology
dealing with dischromic skin itching skin patches eruptions nodal rash,Dermatology
experiencing weakness stiffness walking stiff movement painful joints swelling muscle neck,Orthopedics
experiencing balance of dizziness loss in weakness back limbs pain neck pain,Neurology
suffering from smell chills continuous swelled irritation malaise throat of pain lymph pain eyes nose loss chest fever runny nodes pressure muscle congestion cough high sinus sneezing headache phlegm redness of fatigue,Pulmonology
dealing with marital extra wasting contacts high muscle fever,Infectious
i think it's irritation chills eyes pressure runny of high malaise sinus smell redness fever nose phlegm cough fatigue loss swelled pain muscle pain continuous sneezing lymph nodes of chest throat congestion,Pulmonology
feeling family appetite yellowing history yellowish of nausea skin of loss eyes fatigue,Gastroenterology
having legs vessels calf fatigue cramps on bruising swollen obesity veins blood prominent swollen,Cardiology
suffering from abdominal of history skin overload vomiting fluid pain yellowish swelling alcohol stomach consumption of,Gastroenterology
i am having dents in nails skin peeling pain silver small rash dusting inflammatory joint nails skin like,Dermatology
i feel fever contacts muscle in wasting extra marital high throat patches lately,Infectious
i think it's yellowish loss of skin nausea history family appetite eyes fatigue of yellowing,Gastroenterology
i feel fast breathlessness sputum rusty cough fatigue phlegm sweating pain fever chest high malaise heart rate lately,Pulmonology
having neck weakness limbs back pain in pain balance dizziness loss of,Neurology
i feel headache body sensorium of weakness side altered vomiting one lately,Neurology
suffering from palpitations slurred nausea irritability anxiety distorted lips fatigue vomiting excessive vision tingling sweating speech blurred and and headache drying hunger,Endocrinology
suffering from dischromic itching skin rash patches,Dermatology
feeling pain hip joint walking joint neck pain pain swelling painful knee pain joints,Orthopedics
my main issue is failure fatigue of vomiting dark yellowing urine pain nausea appetite loss bleeding of fever high coma acute liver joint eyes pain yellowish skin stomach abdominal,Gastroenterology
i think it's nausea chills diarrhoea sweating high muscle fever vomiting pain headache,Infectious
suffering from swollen vessels fatigue swollen legs blood bruising cramps obesity,Cardiology
having yellowing eyes nausea history of loss family appetite yellowish skin of,Gastroenterology
i have vomiting of pain skin nausea eyes yellowish loss abdominal of appetite yellowing itching,
feeling yellowing fatigue yellowish eyes joint of appetite nausea loss dark abdominal vomiting urine of pain skin pain,Gastroenterology
i think it's behind nausea high headache joint spots loss fever over pain pain eyes chills vomiting the skin back appetite muscle rash body of red pain fatigue pain malaise,Infectious
experiencing mood weakness weight muscle menstruation heart swings irritability hunger excessive diarrhoea abnormal fast rate fatigue sweating loss restlessness,Endocrinology
i feel menstruation feets irritability cold hands gain puffy and swings and thyroid swollen extremeties lethargy abnormal face brittle enlarged mood eyes weight depression dizziness nails lately,Endocrinology
my main issue is weakness fast weight irritability fatigue swings loss sweating mood abnormal heart muscle excessive rate hunger menstruation restlessness diarrhoea,Endocrinology
suffering from swollen vessels on bruising calf veins legs obesity fatigue swollen blood prominent cramps,Cardiology
having patches marital high extra fever muscle in throat contacts wasting,Infectious
i am having joint eyes of yellowing dark pain of yellowish loss nausea vomiting urine abdominal appetite fatigue skin pain,Gastroenterology
i feel itching lymph fatigue body fever red over nodes spots swelled mild rash appetite headache lethargy malaise high skin loss of fever lately,Infectious
my main issue is silver dents joint skin skin small in peeling rash dusting like nails pain inflammatory nails,Dermatology
feeling skin of fatigue fever headache vomiting over appetite nausea pain the body back spots pain muscle behind red rash eyes joint malaise loss high pain pain,Infectious
i think it's patches skin rash eruptions itching nodal skin dischromic,Dermatology
feeling vomiting of distention pain yellowish fluid abdominal abdomen alcohol history overload skin consumption of,Gastroenterology
i think it's anxiety blurred slurred nausea lips headache speech drying and excessive distorted sweating vision tingling palpitations irritability hunger and fatigue vomiting,Endocrinology
my main issue is bleeding nausea appetite skin loss joint liver yellowing stomach acute pain fatigue of high failure coma yellowish eyes vomiting of pain fever abdominal,Gastroenterology
dealing with swollen prominent blood legs vessels calf veins on obesity bruising swollen fatigue,Cardiology
suffering from stomach history alcohol fluid skin swelling yellowish overload consumption pain of abdominal distention of vomiting of abdomen,Gastroenterology
i think it's yellowing dark joint skin loss pain nausea abdominal appetite of pain urine vomiting yellowish eyes of,Gastroenterology
i feel ulcers stomach chest tongue on vomiting pain pain acidity lately,Gastroenterology
having rash nodal itching eruptions skin skin patches dischromic,Dermatology
dealing with skin itching eruptions nodal dischromic patches rash skin,Dermatology
feeling receiving malaise fatigue eyes urine abdominal skin transfusion yellowing appetite injections yellow receiving pain urine yellowish unsterile of of lethargy dark blood loss,Gastroenterology
feeling pain breathlessness sweating vomiting chest,Cardiology
my main issue is skin yellowing yellowish of nausea history eyes fatigue loss of appetite family,Gastroenterology
i have one side vomiting sensorium altered body of weakness,Neurology
experiencing vomiting sunken eyes dehydration,Gastroenterology
dealing with vomiting indigestion pain passage internal abdominal gases itching of,Gastroenterology
i have mild skin over fatigue body of nodes loss spots itching swelled lethargy malaise fever appetite rash red lymph fever high headache,Infectious
i have pain joint neck joints knee pain pain swelling hip joint pain,Orthopedics
i think it's nails pain like dents silver dusting skin in joint skin peeling nails small rash inflammatory,Dermatology
having fatigue malaise pain rate chills breathlessness phlegm fast chest heart high sweating rusty sputum fever,Pulmonology
i think it's vomiting chest breathlessness pain,Cardiology
dealing with chills pain sweating fever muscle diarrhoea nausea headache high vomiting,Infectious
i think it's bladder of continuous micturition feel urine discomfort burning,Urology
feeling swelling stiff muscle painful joints weakness stiffness movement neck walking,Orthopedics
experiencing skin fever of urine nausea loss yellowish of vomiting muscle pain dark pain yellowing mild eyes joint appetite diarrhoea,Gastroenterology
i am having chest vomiting pain breathlessness,Cardiology
having failure nausea liver pain vomiting eyes coma joint skin yellowish bleeding urine acute fatigue dark loss of yellowing fever pain appetite abdominal stomach of high,Gastroenterology
feeling breathlessness sweating vomiting,Cardiology
i feel chills pain fatigue nausea toxic (typhos) fever abdominal look diarrhoea headache belly pain high constipation lately,Infectious
having menstruation loss hunger fatigue weight excessive restlessness mood swings diarrhoea abnormal weakness muscle sweating irritability,Endocrinology
experiencing mood lethargy extremeties and weight dizziness feets gain thyroid brittle puffy cold hands face fatigue enlarged eyes swollen depression menstruation abnormal irritability swings and nails,Endocrinology
suffering from in silver nails inflammatory nails like dents joint skin small peeling dusting pain skin rash,Dermatology
suffering from skin nails silver dusting dents pain peeling in inflammatory small nails like skin joint rash,Dermatology
i think it's congestion of pain cough fatigue lymph muscle continuous chest nodes smell runny sneezing irritation swelled pain malaise sinus pressure headache redness phlegm throat nose chills of loss eyes,Pulmonology
i think it's unsteadiness headache loss spinning movements balance nausea vomiting of,
feeling pain walking neck pain joints hip knee pain swelling joint painful pain joint,Orthopedics
i have feets enlarged gain thyroid brittle cold lethargy fatigue and depression nails puffy eyes extremeties irritability dizziness abnormal weight face swings mood swollen hands menstruation and,Endocrinology
suffering from high look fatigue (typhos) toxic diarrhoea pain chills belly nausea headache constipation vomiting fever,Infectious
i feel feel urine discomfort burning bladder of smell urine foul continuous micturition of lately,Urology
suffering from burning micturition skin urination stomach rash spotting pain,Dermatology
i think it's chest vomiting pain sweating,Cardiology
i feel abnormal swings thyroid fatigue cold and enlarged dizziness gain menstruation nails hands brittle feets extremeties depression lethargy mood irritability swollen weight lately,Endocrinology
my main issue is joint pain swelling neck pain joints pain knee joint painful walking hip pain,Orthopedics
having receiving injections blood of lethargy loss appetite dark urine eyes transfusion receiving malaise of unsterile yellowing skin urine itching pain yellowish yellow abdominal fatigue,Gastroenterology
having lethargy irritability gain dizziness and feets extremeties weight mood swings menstruation depression puffy abnormal hands and swollen cold face fatigue thyroid nails brittle eyes enlarged,Endocrinology
i think it's breathlessness vomiting sweating chest pain,Cardiology
suffering from rash nose crust fever yellow around skin ooze high blister red sore,Dermatology
dealing with depression gain weight dizziness enlarged lethargy irritability feets swings swollen brittle mood cold fatigue and abnormal extremeties eyes menstruation face and hands puffy thyroid nails,Endocrinology
experiencing blackheads pus filled skin pimples scurring rash,Dermatology
suffering from pus blackheads rash skin scurring filled pimples,Dermatology
i feel chest sweating vomiting pain lately,Cardiology
having diarrhoea fever belly pain toxic headache high nausea (typhos) fatigue vomiting look chills constipation,Infectious
i think it's appetite yellowing yellowish pain of joint skin dark pain of vomiting nausea fatigue abdominal urine loss eyes,Gastroenterology
i am having muscle yellowish pain skin mild abdominal joint dark urine of eyes appetite loss yellowing nausea pain pain of fever diarrhoea vomiting,Gastroenterology
i have sensorium one altered weakness of body side headache vomiting,Neurology
i think it's rate chills fever phlegm chest rusty high cough sputum pain breathlessness fast fatigue sweating heart,Pulmonology
i have skin pain micturition itching urination rash stomach burning spotting,Dermatology
i feel vision neck visual indigestion headache irritability disturbances depression distorted acidity and excessive stiff hunger blurred lately,Neurology
i feel high of sweating appetite vomiting chills fever weight loss blood sputum eyes pain malaise mild breathlessness nodes swelled lymph in cough fatigue yellowing loss of fever chest phlegm lately,Pulmonology
having (typhos) vomiting headache fatigue fever pain belly toxic look nausea constipation high pain diarrhoea abdominal chills,Infectious
i think it's fatigue loss mild swelled yellowing in of high nodes sweating breathlessness sputum lymph malaise weight loss pain phlegm blood fever appetite chest eyes vomiting of fever cough,Pulmonology
i have tongue acidity chest ulcers pain cough pain on stomach,Gastroenterology
having chest sweating pain vomiting,Cardiology
experiencing chills the loss back nausea malaise pain spots over pain joint eyes muscle high of headache appetite pain red body skin fever pain vomiting behind rash fatigue,Infectious
i feel eyes continuous chills watering sneezing from lately,Dermatology
having acute yellowish vomiting yellowing high failure of fever fatigue liver abdominal coma eyes bleeding urine of skin loss stomach joint pain pain dark appetite,Gastroenterology
suffering from nose sore skin red around fever ooze crust rash blister yellow high,Dermatology
dealing with weakness balance pain limbs back of pain in loss neck,Neurology
suffering from abdomen skin distention yellowish stomach of abdominal pain history alcohol of swelling of fluid overload vomiting consumption,Gastroenterology
experiencing skin yellowish fatigue urine weight itching fever high vomiting dark loss,Gastroenterology
my main issue is of fever dark abdominal pain pain nausea eyes joint muscle diarrhoea yellowing mild pain of loss urine skin appetite yellowish,Gastroenterology
experiencing pain fever chest breathlessness rusty sputum fatigue rate cough high heart malaise phlegm chills fast,Pulmonology
feeling chills continuous shivering from watering eyes sneezing,Dermatology
dealing with dischromic patches skin nodal itching eruptions,Dermatology
i have sputum mucoid cough history high fatigue family fever breathlessness,Pulmonology
my main issue is loss high fatigue headache mild fever lymph appetite itching rash red swelled nodes body lethargy skin fever spots over of malaise,Infectious
i feel skin itching urination stomach spotting micturition pain burning rash lately,Dermatology
dealing with skin rash nodal itching dischromic skin eruptions patches,Dermatology
i am having balance headache vomiting loss spinning nausea movements of,
i think it's irritability indigestion vision and acidity blurred headache visual stiff disturbances depression neck hunger distorted excessive,Neurology
dealing with sweating vomiting pain chest breathlessness,Cardiology
i think it's fever diarrhoea pain abdominal urine of joint dark nausea muscle yellowish mild appetite of pain skin eyes pain yellowing loss,Gastroenterology
dealing with vision visual neck and disturbances depression blurred hunger irritability excessive distorted acidity stiff indigestion,Neurology
having small peeling skin joint nails rash in pain like silver skin dusting dents,Dermatology
having urine feel smell bladder foul discomfort urine of burning micturition continuous of,Urology
experiencing skin itching fever high body loss nodes appetite swelled lethargy spots rash lymph over of fever mild headache fatigue malaise red,Infectious
having headache movements balance loss vomiting spinning of nausea unsteadiness,
i have skin inflammatory small silver peeling skin joint in nails pain rash dents like dusting nails,Dermatology
i feel headache loss unsteadiness nausea balance of vomiting lately,
suffering from limbs in pain dizziness back balance of neck loss pain weakness,Neurology
i think it's internal passage itching abdominal loss gases pain vomiting of of appetite indigestion,Gastroenterology
i have yellowish transfusion yellow eyes receiving abdominal malaise fatigue receiving pain loss blood urine dark skin of injections of lethargy itching unsterile appetite urine yellowing,Gastroenterology
suffering from fatigue of abdominal eyes injections loss transfusion yellowish dark urine receiving pain receiving appetite of yellowing skin itching blood yellow urine lethargy unsterile malaise,Gastroenterology
suffering from appetite nausea skin urine eyes muscle dark of mild pain yellowish diarrhoea vomiting yellowing abdominal joint of fever pain pain loss,Gastroenterology
having pain itching abdominal fatigue dark urine fever loss vomiting high weight,Gastroenterology
my main issue is skin dischromic itching rash patches,Dermatology
my main issue is family fever mucoid sputum fatigue breathlessness history high,Pulmonology
my main issue is loss appetite fatigue of of skin history yellowing nausea eyes family yellowish,Gastroenterology
i feel fatigue loss blood appetite pain injections skin lethargy urine receiving yellow malaise of transfusion eyes yellowish yellowing of itching dark receiving abdominal urine unsterile lately,Gastroenterology
experiencing spotting micturition pain skin rash itching burning stomach urination,Dermatology
experiencing urination pain itching stomach rash micturition skin burning spotting,Dermatology
i think it's chills malaise chest fast heart breathlessness sputum fatigue pain fever sweating rusty high cough rate phlegm,Pulmonology
i am having neck joint joints swelling joint pain pain painful pain walking knee hip pain,Orthopedics
i feel sweating pain chest breathlessness lately,Cardiology
i am having around ooze rash yellow sore red high blister fever crust nose skin,Dermatology
suffering from of stomach urine yellowing pain bleeding acute eyes of abdominal pain joint fatigue loss nausea fever high dark failure appetite yellowish liver skin coma vomiting,Gastroenterology
i feel vomiting chest pain breathlessness lately,Cardiology
suffering from abnormal diarrhoea irritability excessive weakness fatigue swings sweating hunger muscle weight restlessness menstruation loss mood,Endocrinology
i think it's watering eyes shivering sneezing continuous from,Dermatology
i think it's body joint red fever rash over pain pain chills fatigue spots of pain back behind nausea headache appetite high muscle skin pain loss the vomiting malaise eyes,Infectious
feeling rate chills heart phlegm chest sweating rusty cough pain fast breathlessness malaise fatigue high sputum fever,Pulmonology
i have spots fever nodes mild swelled rash of lymph headache loss itching fatigue over malaise lethargy skin appetite fever body red high,Infectious
dealing with rusty breathlessness fever fatigue chills fast sweating phlegm heart sputum malaise chest pain high rate,Pulmonology
i feel nausea abdominal look toxic chills high pain headache fatigue diarrhoea belly (typhos) pain fever constipation lately,Infectious
dealing with and blurred hunger headache excessive disturbances neck vision distorted visual stiff depression acidity indigestion irritability,Neurology
my main issue is throat wasting patches contacts extra marital in high muscle fever,Infectious
feeling unsteadiness movements balance headache vomiting of loss nausea spinning,
i think it's filled scurring pus blackheads skin pimples rash,Dermatology
i think it's fever fatigue sputum high breathlessness mucoid cough family history,Pulmonology
i have sunken eyes diarrhoea vomiting dehydration,Gastroenterology
having muscle sweating restlessness weight weakness swings diarrhoea heart mood fast loss abnormal fatigue irritability rate menstruation,Endocrinology
i have headache of body side weakness altered vomiting one sensorium,Neurology
i think it's in balance back of limbs weakness pain dizziness loss,Neurology
suffering from vomiting pain chest on cough stomach ulcers tongue pain,Gastroenterology
i have eyes appetite receiving yellowing of dark transfusion injections itching blood skin fatigue abdominal of yellow unsterile receiving lethargy urine pain malaise loss yellowish urine,Gastroenterology
dealing with congestion fever pain of chest swelled continuous sinus sneezing high lymph of pressure loss nodes irritation redness eyes phlegm smell chills pain muscle malaise fatigue nose runny cough throat,Pulmonology
feeling movement joints stiff neck weakness painful swelling walking muscle stiffness,Orthopedics
i am having micturition burning spotting rash urination pain itching skin stomach,Dermatology
dealing with dischromic itching skin patches eruptions nodal skin rash,Dermatology
i think it's fever swelled nodes pain chills nose irritation fatigue lymph loss throat pressure continuous muscle redness of runny malaise phlegm chest headache pain sneezing smell cough congestion sinus high of eyes,Pulmonology
suffering from and mood and brittle dizziness face weight abnormal gain hands swollen menstruation fatigue puffy thyroid eyes depression feets cold irritability nails swings extremeties enlarged,Endocrinology
i have sputum fatigue fever breathlessness cough family history mucoid high,Pulmonology
i feel abdominal yellowish dark fever pain loss urine fatigue high itching weight skin lately,Gastroenterology
i think it's loss movements nausea headache unsteadiness balance spinning vomiting of,
suffering from eruptions dischromic skin patches nodal itching,Dermatology
having itching fatigue urine yellowish skin dark abdominal fever weight loss high pain,Gastroenterology
my main issue is redness pain of nose eyes continuous fever pressure of high smell swelled chills fatigue phlegm headache runny loss sneezing lymph nodes muscle chest sinus malaise throat irritation pain cough congestion,Pulmonology
i think it's blood cramps calf prominent on veins fatigue vessels obesity swollen bruising,Cardiology
experiencing body appetite loss headache spots fatigue fever rash skin swelled malaise over fever of red nodes mild itching high lymph lethargy,Infectious
my main issue is skin of yellowing loss pain vomiting appetite eyes abdominal nausea yellowish of,
experiencing fever skin ooze crust high rash around blister nose sore red yellow,Dermatology
i have skin blackheads pimples filled rash scurring pus,Dermatology
experiencing malaise of urine abdominal dark of yellowish injections loss urine skin unsterile pain eyes yellowing appetite blood fatigue yellow transfusion lethargy receiving itching receiving,Gastroenterology
having yellowish loss eyes of yellowing family nausea of fatigue appetite skin history,Gastroenterology
my main issue is breathlessness high sputum in yellowing weight of blood vomiting fatigue cough loss lymph sweating fever loss swelled chills chest of malaise appetite mild fever eyes pain nodes phlegm,Pulmonology
suffering from headache spinning nausea loss balance unsteadiness vomiting movements of,
dealing with skin appetite family nausea history yellowish of loss fatigue,Gastroenterology
my main issue is cough phlegm weight yellowing in swelled loss lymph breathlessness appetite fever fatigue malaise high sweating mild pain chest vomiting chills of eyes sputum blood of fever loss nodes,Pulmonology
i have rash scurring skin blackheads,Dermatology
i think it's side of one vomiting sensorium altered weakness headache body,Neurology
my main issue is breathlessness in of chest loss high fever malaise weight mild lymph appetite yellowing sputum of cough swelled loss fatigue pain fever sweating chills blood eyes nodes vomiting phlegm,Pulmonology
i think it's urine yellowing pain injections of blood urine fatigue unsterile malaise receiving yellowish yellow appetite eyes skin abdominal transfusion of lethargy dark loss receiving,Gastroenterology
dealing with continuous chills watering shivering sneezing from eyes,Dermatology
having rash skin itching eruptions nodal dischromic patches skin,Dermatology
my main issue is distention of of skin fluid history stomach swelling yellowish vomiting overload abdominal alcohol pain of abdomen consumption,Gastroenterology
i have neck pain hip pain knee painful joint walking pain swelling pain joint joints,Orthopedics
i think it's on veins calf legs obesity swollen blood fatigue prominent cramps swollen vessels,Cardiology
i think it's skin distention of pain vomiting of overload swelling abdomen yellowish fluid stomach abdominal,Gastroenterology
feeling of burning micturition continuous urine bladder feel discomfort,Urology
dealing with crust fever around red high ooze rash skin sore yellow nose,Dermatology
dealing with appetite fever vomiting weight of in pain yellowing mild fatigue malaise swelled high cough loss phlegm lymph eyes loss blood nodes sweating sputum chills of chest fever breathlessness,Pulmonology
dealing with continuous from watering eyes shivering sneezing,Dermatology
i have unsteadiness loss movements balance spinning headache of nausea,
suffering from chest breathlessness pain sweating,Cardiology
i am having family fever history mucoid breathlessness sputum high cough,Pulmonology
i have sputum mucoid high family fever cough history fatigue breathlessness,Pulmonology
i think it's headache body side vomiting altered weakness one sensorium of,Neurology
i think it's shivering continuous sneezing chills,Dermatology
i think it's red high sore nose skin fever rash blister around,Dermatology
i am having joint pain appetite of loss pain yellowing of nausea vomiting yellowish abdominal eyes fatigue skin,Gastroenterology
experiencing palpitations nausea fatigue and vomiting slurred hunger sweating headache vision lips excessive drying blurred distorted anxiety irritability speech and tingling,Endocrinology
having of itching over lethargy lymph malaise high body rash appetite nodes headache skin red swelled loss spots fever fatigue,Infectious
suffering from pain vomiting mild yellowing appetite eyes fever of of joint dark loss skin pain urine abdominal pain muscle diarrhoea yellowish,Gastroenterology
i am having loss back dizziness neck weakness in of pain limbs pain balance,Neurology
feeling urination rash spotting skin itching micturition burning,Dermatology
i think it's pain yellowish coma acute appetite fatigue high loss of abdominal joint vomiting skin of stomach yellowing eyes failure urine nausea fever dark liver pain bleeding,Gastroenterology
my main issue is nodal dischromic skin patches itching eruptions skin rash,Dermatology
feeling nodes skin swelled malaise fever lymph fever fatigue body lethargy high appetite red spots mild loss of over itching rash headache,Infectious
experiencing high abdominal itching dark pain yellowish fatigue fever loss vomiting weight urine skin,Gastroenterology
i am having blood of malaise loss appetite nodes swelled sputum chest phlegm fatigue loss sweating vomiting lymph chills eyes pain yellowing in mild breathlessness of fever cough weight,Pulmonology
i feel loss yellowish skin history eyes appetite family nausea yellowing of of lately,Gastroenterology
my main issue is balance movements nausea vomiting unsteadiness of headache spinning loss,
i have muscle contacts marital high in fever throat wasting patches extra,Infectious
i have eyes cold mood brittle hands irritability weight face thyroid and depression feets enlarged gain puffy dizziness menstruation swollen abnormal nails lethargy swings and extremeties fatigue,Endocrinology
suffering from depression face fatigue menstruation hands swollen lethargy weight extremeties and brittle mood swings cold gain feets nails irritability enlarged thyroid puffy eyes and abnormal,Endocrinology
my main issue is breathlessness loss yellowing fatigue chest sweating chills of vomiting fever mild appetite phlegm swelled eyes blood lymph of malaise cough fever sputum weight pain loss high in nodes,Pulmonology
my main issue is continuous eyes chills shivering from watering sneezing,Dermatology
experiencing transfusion skin urine appetite unsterile fatigue loss yellow of receiving abdominal pain eyes dark itching lethargy yellowish of yellowing blood injections malaise urine receiving,Gastroenterology
i feel loss eyes nausea yellowing pain of skin itching vomiting abdominal yellowish of appetite lately,
my main issue is rash fever blister red skin high around nose sore,Dermatology
suffering from skin dischromic eruptions skin nodal patches itching rash,Dermatology
suffering from calf prominent bruising swollen vessels fatigue swollen on legs obesity blood cramps veins,Cardiology
having swollen vessels legs bruising prominent on blood swollen calf veins obesity cramps,Cardiology
i have muscle diarrhoea vomiting headache sweating fever pain chills high nausea,Infectious
i am having in sweating of fever lymph malaise vomiting high swelled fatigue phlegm appetite of eyes mild blood loss yellowing cough loss breathlessness sputum chills fever pain nodes chest weight,Pulmonology
having yellowish pain liver high acute fatigue nausea vomiting bleeding of failure pain stomach dark abdominal skin coma appetite urine eyes of yellowing fever loss joint,Gastroenterology
i think it's breathlessness vomiting sweating chest pain,Cardiology
dealing with patches rash dischromic skin itching,Dermatology
dealing with from shivering chills sneezing watering continuous eyes,Dermatology
feeling yellow blister around red crust sore ooze nose skin fever rash high,Dermatology
i think it's joint small nails dusting pain dents like rash silver skin inflammatory skin nails peeling in,Dermatology
suffering from breathlessness sweating pain chest vomiting,Cardiology
i feel nose chest nodes throat of runny malaise headache continuous eyes pain redness cough high irritation chills loss pressure phlegm lymph muscle smell pain swelled congestion of fever fatigue sinus sneezing lately,Pulmonology
having of abdominal coma high fatigue pain fever failure joint yellowish urine acute loss stomach of yellowing vomiting dark bleeding liver pain eyes nausea appetite skin,Gastroenterology
i feel breathlessness pain chest sweating vomiting lately,Cardiology
my main issue is pain body pain joint skin behind fever headache back malaise appetite spots muscle rash nausea chills pain high of vomiting red pain loss over eyes the fatigue,Infectious
experiencing skin pimples pus blackheads rash filled,Dermatology
i have skin eruptions dischromic patches itching rash nodal skin,Dermatology
having small rash silver pain skin dents inflammatory skin in nails dusting joint like nails peeling,Dermatology
having fever nose runny smell congestion fatigue eyes cough pressure irritation chills headache high swelled nodes pain continuous sneezing pain loss lymph muscle phlegm redness sinus malaise of throat chest of,Pulmonology
having loss internal appetite of pain vomiting indigestion itching of abdominal gases passage,Gastroenterology
dealing with high of fever rash fever lymph lethargy red fatigue malaise nodes spots swelled loss mild skin over headache appetite body,Infectious
suffering from red pain eyes pain nausea vomiting appetite behind high of fever headache loss pain spots fatigue body back over malaise chills the rash joint muscle pain skin,Infectious
i feel one headache altered vomiting sensorium of side body weakness lately,Neurology
dealing with toxic pain fever (typhos) diarrhoea fatigue look nausea pain chills constipation vomiting high abdominal belly headache,Infectious
experiencing dusting pain rash skin nails peeling like silver joint inflammatory skin,Dermatology
experiencing history yellowing family loss skin of fatigue of appetite nausea yellowish eyes,Gastroenterology
i think it's fever dark loss appetite pain muscle of vomiting pain mild joint of diarrhoea urine yellowish skin pain nausea yellowing eyes abdominal,Gastroenterology
feeling history high sputum fatigue fever cough breathlessness family mucoid,Pulmonology
suffering from high (typhos) diarrhoea headache toxic chills look abdominal constipation pain fatigue pain nausea fever belly vomiting,Infectious
feeling abdominal skin yellowish eyes appetite vomiting loss of yellowing pain of nausea,
feeling fever fatigue breathlessness high family history cough,Pulmonology
i think it's sweating pain chest vomiting,Cardiology
feeling abnormal enlarged gain cold hands swollen depression and irritability lethargy feets thyroid face nails extremeties dizziness fatigue weight mood eyes and swings brittle puffy menstruation,Endocrinology
having and mood dizziness weight thyroid lethargy swollen enlarged and irritability feets abnormal cold gain face depression swings nails extremeties eyes brittle hands puffy menstruation,Endocrinology
i think it's nails silver joint skin rash nails like dents in pain small inflammatory peeling dusting skin,Dermatology
i am having one of vomiting headache sensorium side altered weakness body,Neurology
my main issue is weakness back limbs pain in of pain dizziness neck loss balance,Neurology
feeling stiffness weakness swelling painful joints neck movement stiff muscle walking,Orthopedics
having eyes family history of skin fatigue nausea yellowish yellowing,Gastroenterology
suffering from yellowish itching vomiting nausea appetite of of loss eyes yellowing skin,
feeling like skin joint in rash silver inflammatory nails pain small nails dents dusting skin peeling,Dermatology
experiencing altered headache vomiting sensorium,Neurology
experiencing lymph nodes of chills loss eyes pain in vomiting sweating blood high fever fever yellowing loss fatigue cough mild sputum breathlessness of swelled chest malaise appetite phlegm weight,Pulmonology
my main issue is crust nose fever red blister around yellow skin sore high rash ooze,Dermatology
dealing with distorted headache neck stiff depression vision disturbances and irritability hunger acidity indigestion blurred excessive visual,Neurology
i am having loss skin high malaise rash fatigue over pain red spots headache body chills the joint appetite pain fever pain nausea eyes of vomiting back behind pain muscle,Infectious
experiencing vomiting altered headache side one of weakness body sensorium,Neurology
i feel mucoid breathlessness fatigue sputum family fever cough high history lately,Pulmonology
suffering from pain dark of loss of yellowing yellowish joint skin appetite urine eyes fatigue nausea pain vomiting abdominal,Gastroenterology
i feel fatigue eyes nausea of pain abdominal yellowish appetite vomiting skin urine dark loss of yellowing lately,Gastroenterology
i think it's filled pimples pus blackheads skin scurring rash,Dermatology
i have swelled loss pain in malaise appetite yellowing nodes mild weight lymph fever sweating breathlessness cough blood of of high sputum eyes fever fatigue phlegm vomiting chest loss,Pulmonology
my main issue is abdominal urine skin pain fever vomiting high dark fatigue weight yellowish itching loss,Gastroenterology
my main issue is loss balance of vomiting nausea unsteadiness headache,
i have skin itching eruptions skin nodal rash,Dermatology
dealing with of skin mild over lymph fever spots appetite malaise body loss itching headache swelled nodes fatigue red lethargy rash,Infectious
dealing with sputum breathlessness fatigue malaise rusty chest cough chills phlegm fast sweating rate pain heart high fever,Pulmonology
i have chills eyes watering from continuous shivering sneezing,Dermatology
suffering from sweating fever diarrhoea muscle vomiting high pain chills nausea headache,Infectious
i think it's fatigue pain belly fever toxic vomiting chills diarrhoea (typhos) pain abdominal headache look high nausea,Infectious
i think it's gain enlarged swings and mood thyroid irritability abnormal swollen cold puffy brittle eyes nails menstruation feets lethargy extremeties face depression dizziness fatigue weight and hands,Endocrinology
i feel sore ooze blister nose red around high crust rash skin yellow fever lately,Dermatology
i have nose around high sore red yellow crust skin ooze rash fever blister,Dermatology
feeling abdominal loss of itching vomiting pain yellowing nausea of appetite eyes,
suffering from yellowing malaise phlegm chills weight appetite cough lymph sputum fatigue of loss chest vomiting in mild swelled blood loss of pain eyes nodes fever sweating breathlessness,Pulmonology
i have in neck back limbs pain of dizziness weakness balance loss pain,Neurology
i have mood loss muscle weight excessive fast hunger weakness heart fatigue diarrhoea sweating swings abnormal rate menstruation restlessness irritability,Endocrinology
having constipation belly pain headache fatigue fever vomiting abdominal high pain diarrhoea chills nausea,Infectious
suffering from speech vomiting sweating and anxiety fatigue hunger drying lips headache tingling palpitations blurred slurred nausea vision irritability and excessive distorted,Endocrinology
my main issue is pain look high nausea abdominal fatigue belly (typhos) pain vomiting chills toxic diarrhoea headache constipation fever,Infectious
suffering from headache high muscle nausea fever pain chills sweating vomiting diarrhoea,Infectious
feeling vomiting sunken dehydration eyes diarrhoea,Gastroenterology
feeling mood depression abnormal gain brittle face and hands irritability and eyes menstruation extremeties cold feets swollen thyroid enlarged dizziness nails puffy weight lethargy swings fatigue,Endocrinology
i think it's micturition urination pain stomach itching spotting burning,Dermatology
feeling diarrhoea eyes dehydration sunken,Gastroenterology
feeling fever contacts high marital in extra patches wasting throat muscle,Infectious
i feel pain chest on acidity cough pain stomach ulcers tongue vomiting lately,Gastroenterology
my main issue is movements balance of spinning headache loss nausea unsteadiness vomiting,
having eyes family appetite history loss of skin nausea yellowish yellowing of,Gastroenterology
having mucoid fatigue cough family history breathlessness sputum fever high,Pulmonology
suffering from appetite fatigue malaise itching skin mild of spots high headache rash over lymph fever nodes fever body swelled lethargy red loss,Infectious
dealing with pus blackheads rash filled skin pimples scurring,Dermatology
i have chills nodes mild malaise high cough in sweating sputum pain fatigue appetite phlegm loss yellowing of vomiting loss blood chest swelled eyes of fever lymph fever weight breathlessness,Pulmonology
i am having history yellowish fatigue loss of nausea skin appetite family,Gastroenterology
dealing with like skin small peeling joint in skin nails nails rash dents dusting pain silver inflammatory,Dermatology
feeling breathlessness sweating pain chest vomiting,Cardiology
i have pain fever nausea mild of yellowing urine pain pain of loss appetite diarrhoea skin yellowish dark vomiting abdominal eyes muscle joint,Gastroenterology
having congestion fatigue pressure nose sinus pain sneezing malaise fever throat loss cough swelled smell high continuous of muscle eyes chest redness irritation pain of runny phlegm nodes headache chills lymph,Pulmonology
having appetite loss lymph swelled malaise lethargy headache spots mild red over itching body skin of nodes fatigue rash fever fever high,Infectious
i am having peeling dents nails silver nails in small pain skin like dusting joint inflammatory,Dermatology
i think it's fatigue sweating chills rate fast malaise sputum fever heart chest pain phlegm rusty cough high,Pulmonology
suffering from vomiting eyes diarrhoea dehydration sunken,Gastroenterology
experiencing rate pain heart high sweating cough fatigue fever sputum rusty phlegm fast malaise breathlessness chills chest,Pulmonology
i have pain joint neck walking pain knee pain joints pain joint painful swelling hip,Orthopedics
experiencing appetite pain vomiting the muscle fatigue of spots fever red eyes back skin body chills over pain nausea loss headache pain joint high malaise behind rash pain,Infectious
i think it's vessels obesity fatigue blood prominent bruising cramps swollen veins legs swollen on calf,Cardiology
i think it's weight in nodes high of sputum yellowing malaise loss blood fatigue fever fever of loss chest sweating vomiting mild phlegm appetite chills eyes cough lymph pain breathlessness swelled,Pulmonology
suffering from nausea vomiting spinning movements balance of loss headache,
suffering from sneezing continuous chills eyes from shivering watering,Dermatology
dealing with stomach skin itching rash pain spotting urination,Dermatology
my main issue is blackheads scurring pus rash skin pimples filled,Dermatology
experiencing pain breathlessness chest sweating vomiting,Cardiology
having fatigue loss bleeding abdominal joint stomach skin nausea urine coma vomiting fever acute eyes appetite high pain dark pain of failure of yellowish yellowing liver,Gastroenterology
i am having look vomiting belly pain pain toxic abdominal high headache chills diarrhoea fatigue (typhos) fever constipation,Infectious
i have nausea sweating high fever chills pain vomiting muscle headache diarrhoea,Infectious
my main issue is pain abdominal vomiting fatigue chills nausea fever high look headache toxic (typhos) diarrhoea constipation,Infectious
i am having rash around nose ooze red high sore blister skin yellow crust fever,Dermatology
dealing with rash ooze blister crust fever high yellow skin,Dermatology
i think it's joints walking stiffness movement neck painful stiff swelling,Orthopedics
dealing with discomfort of feel urine urine continuous foul bladder smell of,Urology
feeling loss appetite indigestion itching of pain of internal abdominal passage vomiting gases,Gastroenterology
i am having belly constipation fever high diarrhoea vomiting headache fatigue nausea pain (typhos) chills look toxic,Infectious
i am having of dizziness balance back weakness in neck limbs loss pain pain,Neurology
i think it's in joint nails skin inflammatory pain small nails peeling skin dents rash,Dermatology
i feel fluid stomach alcohol swelling distention skin overload yellowish of consumption abdominal of vomiting abdomen of history pain lately,Gastroenterology
i am having fever weight skin urine loss high pain dark vomiting yellowish fatigue abdominal,Gastroenterology
i have muscle patches throat high wasting fever in extra contacts marital,Infectious
i have urine of malaise abdominal pain skin yellowish fatigue receiving eyes transfusion blood appetite itching loss receiving yellow urine injections lethargy unsterile yellowing of dark,Gastroenterology
i am having disturbances acidity excessive distorted vision and stiff neck irritability indigestion headache hunger blurred depression visual,Neurology
dealing with high history mucoid fever family cough sputum fatigue breathlessness,Pulmonology
i feel diarrhoea sunken vomiting dehydration eyes lately,Gastroenterology
i think it's fatigue history breathlessness fever sputum cough family mucoid high,Pulmonology
dealing with fever breathlessness sputum family high history mucoid cough fatigue,Pulmonology
feeling diarrhoea dehydration eyes vomiting sunken,Gastroenterology
suffering from dehydration vomiting eyes diarrhoea sunken,Gastroenterology
i think it's fatigue pain yellowish fever vomiting high itching skin weight loss abdominal,Gastroenterology
i think it's fatigue weakness muscle hunger swings restlessness loss diarrhoea sweating rate menstruation weight mood heart abnormal excessive fast irritability,Endocrinology
feeling red skin ooze sore around crust yellow blister rash nose,Dermatology
having joint pain joints neck painful knee joint swelling walking pain pain pain hip,Orthopedics
having joint of yellowing bleeding fatigue fever failure urine skin eyes loss liver high nausea pain abdominal dark coma pain stomach acute vomiting yellowish of appetite,Gastroenterology
i have sweating chest rate high breathlessness pain chills fever malaise cough fast sputum rusty heart phlegm fatigue,Pulmonology
i have extra fever wasting high muscle marital contacts,Infectious
i feel swelling walking painful muscle weakness stiffness neck stiff movement joints lately,Orthopedics
suffering from joint pain inflammatory dusting in like small rash skin peeling skin nails nails silver dents,Dermatology
suffering from pain joint knee painful pain swelling neck pain joints joint hip walking pain,Orthopedics
i feel chest rusty phlegm fever pain sputum chills high rate fast sweating heart fatigue malaise breathlessness lately,Pulmonology
my main issue is diarrhoea pain of of abdominal yellowing pain vomiting yellowish eyes pain muscle dark joint nausea appetite urine mild skin loss fever,Gastroenterology
i think it's spots nodes headache fever loss malaise rash swelled lethargy body skin itching appetite of mild lymph fever red high over,Infectious
i think it's muscle painful neck weakness movement swelling stiff stiffness walking joints,Orthopedics
i have eyes shivering sneezing watering continuous chills from,Dermatology
experiencing extra high in throat marital fever wasting patches contacts muscle,Infectious
experiencing loss nodes pain loss blood high eyes breathlessness fatigue sweating sputum of in fever cough phlegm appetite lymph yellowing vomiting malaise of mild chills fever swelled weight chest,Pulmonology
having shivering from eyes chills sneezing continuous watering,Dermatology
dealing with dark vomiting abdominal muscle eyes of pain urine skin mild joint yellowish pain loss fever nausea pain of yellowing appetite diarrhoea,Gastroenterology
i am having of body altered headache one side weakness sensorium vomiting,Neurology
suffering from toxic fatigue headache look diarrhoea constipation pain (typhos) fever chills nausea belly pain abdominal high vomiting,Infectious
i feel yellow pain appetite injections receiving fatigue itching transfusion yellowing skin eyes lethargy unsterile abdominal yellowish of blood malaise receiving of urine loss lately,Gastroenterology
suffering from vomiting high pain chills nausea fever diarrhoea headache sweating muscle,Infectious
i feel alcohol history distention overload abdominal stomach swelling of skin abdomen yellowish consumption vomiting pain fluid of of lately,Gastroenterology
i feel of fever in pain swelled appetite phlegm breathlessness vomiting nodes sweating yellowing malaise cough of loss eyes weight lymph chills loss fatigue blood mild fever high sputum chest lately,Pulmonology
having abdominal yellowish pain vomiting fever dark urine weight loss high itching skin fatigue,Gastroenterology
i think it's muscle high diarrhoea sweating nausea fever vomiting pain headache chills,Infectious
my main issue is heart rusty cough pain chest sweating chills fatigue high fever sputum breathlessness fast rate malaise phlegm,Pulmonology
dealing with skin of abdominal consumption distention pain of alcohol of vomiting history swelling yellowish fluid stomach overload abdomen,Gastroenterology
i am having eyes pain vomiting nausea fatigue of urine yellowish of abdominal joint yellowing dark skin pain loss appetite,Gastroenterology
dealing with wasting extra contacts patches throat high muscle in fever marital,Infectious
having nausea abdominal belly look fever chills vomiting fatigue toxic diarrhoea pain headache pain (typhos) constipation high,Infectious
i am having loss vomiting headache nausea of movements spinning unsteadiness balance,
i think it's cough pain of blood chills in breathlessness yellowing sputum nodes loss of chest eyes lymph swelled mild phlegm fever high fatigue appetite malaise loss fever sweating weight,Pulmonology
i feel extra fever marital in patches wasting high muscle contacts throat lately,Infectious
experiencing gases loss itching appetite abdominal passage of internal of pain vomiting indigestion,Gastroenterology
experiencing injections of fatigue receiving urine transfusion skin loss yellowing appetite blood pain yellow receiving urine eyes of unsterile malaise abdominal itching dark lethargy yellowish,Gastroenterology
suffering from sweating headache nausea diarrhoea fever vomiting high muscle pain chills,Infectious
having eyes of dark vomiting nausea pain yellowing fatigue joint skin urine abdominal yellowish pain,Gastroenterology
i am having limbs pain neck in balance pain weakness dizziness back loss of,Neurology
experiencing diarrhoea abdominal pain high vomiting fatigue chills (typhos) toxic fever look headache nausea constipation,Infectious
dealing with veins obesity swollen bruising legs fatigue blood swollen calf vessels on prominent cramps,Cardiology
my main issue is mild sweating lymph sputum pain of yellowing blood eyes fever chest cough loss nodes of vomiting chills phlegm swelled breathlessness weight loss fatigue malaise in appetite,Pulmonology
experiencing of loss yellowing appetite skin yellowish fatigue of nausea eyes,Gastroenterology
dealing with yellow around nose skin sore fever crust blister red rash high ooze,Dermatology
i feel headache nausea balance loss vomiting of unsteadiness lately,
i am having red nose high sore blister fever crust yellow around ooze,Dermatology
feeling diarrhoea dehydration vomiting sunken eyes,Gastroenterology
my main issue is pain acidity pain vomiting stomach chest cough on tongue ulcers,Gastroenterology
dealing with urine vomiting nausea of fever stomach coma yellowish pain fatigue pain bleeding dark loss appetite skin eyes of abdominal high yellowing joint,Gastroenterology
feeling swollen calf bruising obesity swollen cramps on legs fatigue prominent veins blood vessels,Cardiology
i feel chest breathlessness pain vomiting sweating lately,Cardiology
having neck weakness walking swelling painful movement stiff muscle stiffness joints,Orthopedics
i am having pain chills of swelled redness nose loss phlegm fever continuous of malaise headache sneezing nodes cough sinus irritation high chest eyes pain smell fatigue throat runny lymph congestion muscle pressure,Pulmonology
i am having of indigestion loss abdominal appetite gases itching vomiting passage of pain internal,Gastroenterology
feeling dehydration eyes diarrhoea sunken vomiting,Gastroenterology
i feel cough chest malaise breathlessness heart fatigue rate high chills pain sweating fever sputum phlegm rusty fast lately,Pulmonology
i feel loss nausea vomiting of itching skin yellowish eyes pain appetite abdominal yellowing of lately,
i am having breathlessness chest pain sweating,Cardiology
i am having acidity pain pain ulcers vomiting cough stomach tongue on chest,Gastroenterology
i think it's nausea belly diarrhoea (typhos) high look vomiting fever abdominal chills headache pain constipation fatigue pain toxic,Infectious
dealing with fatigue breathlessness high family sputum mucoid history cough fever,Pulmonology
my main issue is nodal patches rash skin skin eruptions dischromic,Dermatology
i am having thyroid fatigue mood weight depression and swollen lethargy cold nails irritability dizziness extremeties enlarged swings abnormal gain menstruation brittle feets hands,Endocrinology
having of pain chills headache smell loss throat eyes congestion cough continuous chest malaise phlegm sneezing pressure nodes lymph redness nose of fatigue high runny swelled sinus muscle irritation fever pain,Pulmonology
experiencing sweating headache diarrhoea vomiting fever high chills nausea pain muscle,Infectious
i am having neck pain pain pain swelling joints hip knee joint pain walking painful joint,Orthopedics
dealing with the pain eyes muscle headache fatigue high malaise skin fever pain pain of rash spots pain back behind chills red body vomiting over nausea appetite joint loss,Infectious
i think it's family mucoid breathlessness cough fatigue sputum high history fever,Pulmonology
suffering from ulcers chest vomiting stomach pain cough acidity pain on tongue,Gastroenterology
i am having loss cough fatigue in malaise of swelled blood yellowing sweating phlegm breathlessness pain chills vomiting mild sputum eyes fever lymph appetite fever of nodes loss chest weight high,Pulmonology
i have chills sneezing shivering continuous,Dermatology
dealing with irritability hunger excessive lips drying fatigue speech distorted headache and anxiety nausea blurred slurred sweating tingling and palpitations vision vomiting,Endocrinology
experiencing in balance back loss weakness dizziness pain limbs of,Neurology
i have headache sweating fever muscle chills high nausea pain diarrhoea vomiting,Infectious
i am having eyes loss urine pain skin dark pain joint abdominal yellowish nausea of fatigue appetite yellowing of,Gastroenterology
i have sweating fatigue palpitations drying distorted headache slurred excessive vision and blurred vomiting anxiety irritability tingling nausea speech hunger lips and,Endocrinology
suffering from blood bruising swollen legs calf on prominent cramps swollen veins obesity vessels,Cardiology
suffering from pain neck dizziness limbs of in balance weakness loss,Neurology
i have appetite yellow transfusion receiving dark of skin yellowing pain itching eyes yellowish lethargy receiving injections urine unsterile loss fatigue blood of abdominal malaise urine,Gastroenterology
i think it's stiff swelling muscle weakness joints movement stiffness painful walking neck,Orthopedics
suffering from yellowish itching urine abdominal malaise pain receiving of yellowing urine fatigue blood lethargy yellow unsterile skin injections transfusion eyes dark receiving,Gastroenterology
suffering from pain joint joint knee hip walking swelling joints painful pain pain,Orthopedics
i think it's injections urine lethargy itching receiving transfusion loss urine yellowing of fatigue appetite abdominal eyes of malaise pain receiving unsterile skin blood yellowish dark yellow,Gastroenterology
i am having (typhos) headache belly nausea toxic fever chills fatigue abdominal pain look constipation high diarrhoea pain vomiting,Infectious
i have feets face weight and cold depression nails puffy thyroid lethargy gain dizziness fatigue abnormal and eyes swings extremeties mood hands brittle enlarged swollen menstruation irritability,Endocrinology
i am having malaise chills fever rusty fast sputum phlegm high pain heart cough fatigue chest breathlessness sweating rate,Pulmonology
experiencing look headache pain constipation fever high nausea toxic pain abdominal chills fatigue (typhos) belly diarrhoea vomiting,Infectious
i have feel foul urine continuous urine smell of discomfort of bladder,Urology
feeling neck swelling pain joint knee joint joints hip pain walking painful pain pain,Orthopedics
dealing with eyes throat irritation runny chest malaise high lymph pain redness sinus muscle of of headache chills smell continuous phlegm congestion pressure swelled nodes fatigue pain fever nose loss sneezing,Pulmonology
having breathlessness family sputum history fever mucoid cough high fatigue,Pulmonology
i am having loss congestion high pain nodes redness smell irritation phlegm continuous of muscle cough pressure fever sneezing chills lymph chest throat swelled pain headache fatigue runny of eyes malaise nose sinus,Pulmonology
my main issue is pain of overload abdominal of skin alcohol consumption vomiting history yellowish stomach swelling fluid,Gastroenterology
my main issue is obesity veins vessels prominent legs fatigue swollen cramps swollen on blood bruising calf,Cardiology
i think it's over spots behind skin of nausea pain eyes vomiting joint fever malaise appetite rash high red muscle pain loss pain the headache pain fatigue body back,Infectious
dealing with on tongue ulcers cough stomach pain chest acidity pain,Gastroenterology
i am having pressure throat high fever nodes loss nose sinus chills cough runny redness of congestion fatigue irritation muscle eyes pain sneezing chest malaise lymph swelled smell phlegm headache of pain continuous,Pulmonology
my main issue is weakness swelling painful stiffness neck stiff joints walking movement muscle,Orthopedics
experiencing pain chest vomiting breathlessness,Cardiology
dealing with swollen legs blood swollen calf fatigue prominent obesity veins on bruising vessels cramps,Cardiology
i have throat patches in marital fever extra contacts muscle high wasting,Infectious
experiencing joint hip swelling pain pain pain knee joints pain joint neck,Orthopedics
my main issue is inflammatory rash joint like small nails skin pain silver dusting nails dents in,Dermatology
i have eyes extremeties dizziness puffy irritability weight fatigue lethargy swollen abnormal menstruation thyroid brittle and and cold nails hands enlarged mood feets face gain swings depression,Endocrinology
feeling receiving loss eyes skin receiving of urine malaise itching of fatigue pain yellowing yellow abdominal transfusion blood dark appetite lethargy urine injections unsterile yellowish,Gastroenterology
i feel pain vomiting fatigue loss in of mild swelled weight cough nodes sweating chills malaise fever of appetite breathlessness sputum chest eyes lymph phlegm loss yellowing blood fever high lately,Pulmonology
dealing with irritability disturbances acidity headache and distorted depression neck vision excessive indigestion hunger visual stiff blurred,Neurology
dealing with mild nodes blood pain swelled loss sputum chest cough of fever of fatigue phlegm chills malaise yellowing appetite weight eyes fever loss sweating vomiting lymph high in,Pulmonology
suffering from sputum breathlessness phlegm pain fatigue rusty chills high fast chest malaise rate fever cough heart,Pulmonology
feeling loss vomiting yellowish abdominal pain pain urine yellowing joint appetite of eyes skin of nausea dark fatigue,Gastroenterology
my main issue is fatigue joint pain of pain yellowing of dark skin yellowish abdominal eyes loss appetite vomiting urine,Gastroenterology
i have fever high breathlessness cough pain malaise sweating in fatigue eyes phlegm mild yellowing appetite sputum of blood chest chills swelled lymph fever vomiting weight nodes loss of loss,Pulmonology
feeling vomiting pain sweating chest breathlessness,Cardiology
suffering from of foul urine smell burning micturition bladder feel discomfort of continuous urine,Urology
dealing with sputum family history fever breathlessness cough high mucoid fatigue,Pulmonology
i have yellowing fever pain chills appetite cough fever phlegm breathlessness eyes sputum of sweating swelled nodes of lymph malaise chest in vomiting blood fatigue high loss mild loss weight,Pulmonology
i think it's obesity veins fatigue on cramps legs calf prominent bruising swollen,Cardiology
i feel skin dischromic rash eruptions patches nodal skin itching lately,Dermatology
feeling yellowing skin urine eyes fatigue nausea pain of appetite of dark vomiting joint yellowish loss,Gastroenterology
experiencing urine feel of urine micturition discomfort foul of continuous burning smell bladder,Urology
i am having of urine receiving injections itching yellow of urine yellowing fatigue eyes loss blood receiving pain appetite unsterile lethargy malaise transfusion abdominal dark,Gastroenterology
suffering from pain hip pain knee pain walking joint swelling joints painful joint,Orthopedics
i have abdominal skin fluid of consumption abdomen pain distention of overload swelling yellowish stomach of vomiting history alcohol,Gastroenterology
having pain eyes of nodes yellowing sputum mild chest blood fatigue swelled appetite fever malaise weight lymph sweating in phlegm high chills cough of breathlessness loss fever loss,Pulmonology
i am having eyes of loss urine unsterile skin receiving itching yellowing transfusion receiving of fatigue malaise dark appetite pain yellowish yellow lethargy urine blood abdominal injections,Gastroenterology
feeling urine skin nausea muscle pain eyes appetite pain abdominal yellowing fever vomiting dark of mild pain of diarrhoea joint loss yellowish,Gastroenterology
i feel dusting joint dents silver skin nails inflammatory small in skin pain rash nails peeling like lately,Dermatology
feeling vessels cramps obesity blood swollen veins on prominent fatigue calf bruising,Cardiology
i think it's bruising vessels calf on blood fatigue cramps veins obesity prominent swollen,Cardiology
having body weakness sensorium vomiting one side altered of headache,Neurology
feeling cough fever sputum phlegm sweating high pain fatigue malaise breathlessness chest rate rusty fast heart chills,Pulmonology
i think it's walking stiffness painful neck stiff movement joints swelling muscle weakness,Orthopedics
i think it's of fatigue yellowing family history appetite skin eyes yellowish of nausea loss,Gastroenterology
my main issue is appetite chest chills fever lymph sweating fever phlegm vomiting weight sputum yellowing loss high of eyes nodes of breathlessness swelled cough blood pain mild malaise loss in,Pulmonology
i am having fever nodes yellowing vomiting of blood chills fever breathlessness weight high in lymph of pain cough fatigue sweating eyes loss mild phlegm malaise appetite chest loss sputum swelled,Pulmonology
dealing with eyes blood appetite receiving lethargy urine abdominal itching loss pain of yellowing receiving urine of injections unsterile malaise dark yellow transfusion fatigue,Gastroenterology
i have chills eyes shivering from watering sneezing continuous,Dermatology
dealing with vomiting pain chest sweating breathlessness,Cardiology
i am having swollen on calf veins prominent swollen bruising obesity fatigue vessels legs blood,Cardiology
feeling stiff irritability neck blurred hunger distorted headache and disturbances vision visual depression acidity excessive,Neurology
experiencing ooze red blister yellow nose crust skin sore around rash,Dermatology
i think it's loss of balance unsteadiness headache spinning nausea vomiting movements,
i think it's skin loss yellowing lethargy yellowish of unsterile itching receiving receiving fatigue yellow malaise blood transfusion urine appetite urine dark of injections pain abdominal eyes,Gastroenterology
i feel yellowish joint of pain appetite urine abdominal pain dark of fever diarrhoea skin pain eyes mild yellowing muscle nausea loss vomiting lately,Gastroenterology
experiencing weight fatigue dark skin pain high fever urine yellowish loss vomiting itching abdominal,Gastroenterology
feeling inflammatory skin joint silver skin dusting like pain peeling rash nails,Dermatology
i have ulcers pain cough chest acidity stomach on pain tongue,Gastroenterology
feeling urine burning urine discomfort of continuous feel micturition smell foul of bladder,Urology
having chills pain muscle fever diarrhoea high nausea vomiting headache sweating,Infectious
having nausea of vomiting abdominal loss yellowing itching yellowish pain eyes skin of appetite,
i think it's of dizziness neck balance weakness in loss back pain pain limbs,Neurology
feeling in peeling rash skin inflammatory nails nails dents pain skin silver dusting like small joint,Dermatology
i have sore yellow blister nose red crust skin around rash ooze,Dermatology
dealing with dizziness neck limbs loss of in balance pain back weakness pain,Neurology
having hip pain joints swelling painful pain joint knee pain walking pain neck joint,Orthopedics
i am having weakness irritability heart rate abnormal sweating fatigue muscle loss hunger menstruation diarrhoea weight restlessness fast excessive,Endocrinology
i think it's pain cough stomach vomiting acidity pain chest,Gastroenterology
my main issue is vomiting nausea high fever muscle sweating diarrhoea pain headache,Infectious
feeling obesity vessels bruising swollen prominent veins calf blood cramps fatigue on,Cardiology
i have pain dark loss vomiting appetite of urine joint fatigue yellowish pain skin of abdominal eyes nausea yellowing,Gastroenterology
experiencing of feel discomfort urine urine of foul burning bladder micturition continuous smell,Urology
feeling coma bleeding pain appetite fever pain liver of failure of loss urine acute yellowish eyes abdominal joint vomiting stomach nausea fatigue yellowing high dark skin,Gastroenterology
i have mucoid high fever sputum fatigue breathlessness history family cough,Pulmonology
i am having vomiting sweating excessive irritability lips palpitations and tingling drying and nausea speech anxiety distorted slurred fatigue hunger vision blurred,Endocrinology
suffering from fatigue fever breathlessness mucoid family high cough history sputum,Pulmonology
i am having weakness back neck loss balance of in pain dizziness pain limbs,Neurology
having swelling painful muscle weakness neck stiff joints walking,Orthopedics
i have thyroid weight extremeties depression swings eyes menstruation hands puffy lethargy cold brittle face gain dizziness enlarged swollen feets and abnormal mood and nails irritability,Endocrinology
my main issue is family sputum fatigue mucoid breathlessness history fever high,Pulmonology
feeling bleeding pain liver nausea dark acute loss high abdominal of pain appetite coma urine failure fatigue stomach fever yellowish skin yellowing of eyes vomiting joint,Gastroenterology
i am having eyes pain yellowing dark yellowish abdominal pain of vomiting nausea joint fatigue skin urine,Gastroenterology
i am having yellowish skin history of consumption vomiting stomach abdominal alcohol pain swelling distention abdomen of of,Gastroenterology
i feel phlegm high swelled sweating fever nodes chills mild loss loss of appetite sputum vomiting cough eyes pain yellowing blood breathlessness in of malaise chest lymph weight fever lately,Pulmonology
i am having movements nausea loss of spinning vomiting unsteadiness headache balance,
suffering from yellowing abdominal liver high fever acute vomiting of urine fatigue appetite failure bleeding loss pain eyes of pain nausea stomach joint dark coma,Gastroenterology
i am having lymph high pain vomiting chills chest of loss weight fever sputum fatigue phlegm blood in eyes loss yellowing breathlessness swelled sweating appetite of malaise fever cough mild nodes,Pulmonology
i am having headache pain belly high diarrhoea toxic constipation nausea look vomiting chills abdominal fatigue fever pain (typhos),Infectious
i think it's dizziness menstruation depression nails and and eyes abnormal weight irritability extremeties thyroid cold feets mood gain swings swollen hands brittle lethargy enlarged puffy face,Endocrinology
i think it's burning rash urination stomach itching micturition spotting pain skin,Dermatology
i am having itching skin fever of over lethargy nodes fever malaise lymph red swelled spots headache fatigue appetite mild loss rash body high,Infectious
suffering from high cough fever fatigue breathlessness mucoid family sputum history,Pulmonology
feeling pain pain appetite over back fatigue spots malaise high behind of rash eyes pain vomiting loss pain fever red the chills nausea headache body muscle joint skin,Infectious
dealing with watering chills sneezing eyes from shivering continuous,Dermatology
having pain loss abdominal yellowing pain appetite urine fever nausea joint dark skin yellowish vomiting eyes diarrhoea of mild of pain muscle,Gastroenterology
feeling of itching fever rash lymph mild over spots swelled appetite nodes loss fatigue lethargy fever headache high red malaise body skin,Infectious
having diarrhoea vomiting eyes sunken dehydration,Gastroenterology
i have lips vomiting blurred and vision tingling irritability drying headache and sweating distorted excessive slurred nausea speech palpitations fatigue hunger,Endocrinology
i feel breathlessness pain vomiting sweating chest lately,Cardiology
i feel hunger and drying sweating fatigue palpitations anxiety nausea tingling speech headache lips excessive blurred vision slurred and vomiting distorted irritability lately,Endocrinology
having filled scurring blackheads pus rash skin pimples,Dermatology
dealing with unsteadiness vomiting spinning nausea of movements headache loss balance,
i have nausea loss unsteadiness vomiting movements headache spinning of balance,
having pain constipation diarrhoea nausea look (typhos) toxic fatigue belly chills headache vomiting fever high pain abdominal,Infectious
experiencing diarrhoea fatigue restlessness muscle swings menstruation heart abnormal loss rate hunger sweating mood weight irritability excessive fast weakness,Endocrinology
my main issue is acidity pain chest stomach vomiting cough pain,Gastroenterology
suffering from loss headache body rash malaise high red fever mild fatigue of swelled appetite spots over nodes lymph fever skin lethargy,Infectious
suffering from high loss swelled malaise lymph red fatigue fever spots of lethargy appetite nodes itching fever body mild headache over,Infectious
my main issue is malaise yellowish transfusion yellow unsterile lethargy eyes yellowing loss itching injections of blood urine receiving urine skin of pain receiving dark appetite abdominal fatigue,Gastroenterology
i feel palpitations excessive speech hunger slurred and vomiting sweating lips and nausea tingling headache fatigue irritability distorted vision blurred drying anxiety lately,Endocrinology
having vomiting of fever nausea dark urine loss eyes yellowish pain appetite yellowing of mild diarrhoea pain abdominal skin muscle pain joint,Gastroenterology
experiencing pain muscle fever chills nausea diarrhoea vomiting sweating high headache,Infectious
my main issue is eruptions nodal skin rash patches itching skin dischromic,Dermatology
having yellow nose high sore around crust skin rash blister fever ooze red,Dermatology
i am having pain like inflammatory small dents in skin dusting nails peeling silver joint nails,Dermatology
suffering from bruising cramps legs swollen on obesity prominent swollen calf veins fatigue vessels blood,Cardiology
my main issue is vomiting gases indigestion loss passage internal of abdominal appetite pain itching of,Gastroenterology
dealing with silver pain joint dusting dents rash skin peeling like nails inflammatory in small skin nails,Dermatology
i am having knee pain neck joint pain joints pain swelling hip pain joint,Orthopedics
having sensorium side altered body of weakness vomiting one,Neurology
my main issue is of history pain alcohol of distention skin yellowish overload vomiting swelling abdominal of abdomen consumption stomach fluid,Gastroenterology
i feel thyroid swings weight and lethargy hands cold enlarged nails fatigue eyes abnormal gain feets puffy and brittle depression menstruation mood irritability face dizziness extremeties swollen lately,Endocrinology
i think it's stiffness neck stiff joints swelling painful muscle movement weakness walking,Orthopedics
i think it's visual irritability distorted indigestion and hunger blurred acidity disturbances neck stiff depression vision excessive,Neurology
i think it's loss of passage abdominal gases pain of itching internal vomiting appetite indigestion,Gastroenterology
dealing with dark nausea abdominal yellowing yellowish fatigue of of loss pain urine appetite joint skin pain eyes,Gastroenterology
experiencing fatigue cough sputum history family mucoid fever breathlessness high,Pulmonology
having rusty sputum high pain phlegm chest chills rate breathlessness sweating fast cough malaise fatigue fever heart,Pulmonology
i have sweating vomiting pain breathlessness chest,Cardiology
suffering from vision irritability sweating speech fatigue distorted and tingling vomiting anxiety palpitations blurred and lips hunger excessive headache nausea drying slurred,Endocrinology
my main issue is neck indigestion disturbances irritability hunger vision blurred depression stiff excessive acidity distorted headache visual and,Neurology
i feel on cough pain chest stomach vomiting tongue acidity ulcers pain lately,Gastroenterology
having chills diarrhoea high nausea sweating muscle fever pain vomiting,Infectious
having continuous eyes watering from sneezing chills,Dermatology
i feel mild of loss spots rash swelled over red skin malaise itching high fatigue fever lymph body fever headache appetite nodes lately,Infectious
feeling stiff muscle stiffness movement neck weakness painful joints walking swelling,Orthopedics
i have on swollen vessels calf legs cramps veins obesity prominent blood swollen fatigue,Cardiology
experiencing stiff irritability excessive acidity depression headache disturbances visual neck indigestion hunger,Neurology
i have rash skin pain dusting inflammatory peeling joint silver skin nails like,Dermatology
i have passage indigestion loss appetite of vomiting gases internal of itching,Gastroenterology
i feel nausea headache appetite over pain fever muscle eyes pain high chills behind of joint spots back fatigue red pain body malaise the loss vomiting pain lately,Infectious
dealing with in rash nails dents joint nails skin skin pain inflammatory peeling small,Dermatology
my main issue is neck weakness swelling movement stiff joints muscle stiffness,Orthopedics
i am having malaise chest phlegm of cough breathlessness loss blood in pain sputum fever lymph eyes yellowing of fatigue swelled sweating appetite high loss weight chills vomiting nodes fever mild,Pulmonology
i feel shivering watering continuous chills eyes from sneezing lately,Dermatology
feeling fatigue sputum rate phlegm cough sweating malaise fast pain fever heart high rusty breathlessness chills chest,Pulmonology
i am having tongue pain cough chest vomiting pain on ulcers stomach,Gastroenterology
experiencing yellowish of family nausea loss fatigue appetite history skin,Gastroenterology
experiencing breathlessness high cough fever history family fatigue,Pulmonology
i have mucoid fatigue family fever history sputum cough high,Pulmonology
my main issue is appetite history yellowish loss yellowing eyes of nausea skin of fatigue family,Gastroenterology
i am having fatigue phlegm cough breathlessness high rusty chest pain fever chills sputum fast malaise rate sweating heart,Pulmonology
i have eyes watering continuous from sneezing shivering chills,Dermatology
suffering from disturbances neck acidity indigestion blurred vision headache and stiff visual distorted irritability depression,Neurology
i am having dehydration vomiting diarrhoea,Gastroenterology
suffering from pain knee joints joint pain painful hip pain walking neck swelling pain joint,Orthopedics
feeling high yellowish fever fatigue vomiting skin itching abdominal weight urine dark loss pain,Gastroenterology
i think it's micturition itching pain rash skin urination spotting stomach burning,Dermatology
suffering from extra muscle high throat in patches wasting contacts marital fever,Infectious
my main issue is extremeties menstruation feets swings lethargy nails and cold abnormal hands face eyes depression enlarged mood and irritability swollen fatigue brittle puffy thyroid dizziness,Endocrinology
suffering from fatigue pain fever of over pain pain chills rash high the headache muscle red appetite back joint skin body spots loss nausea pain vomiting behind eyes malaise,Infectious
my main issue is continuous urine feel of foul burning micturition of smell bladder discomfort urine,Urology
experiencing mood hands irritability puffy eyes dizziness and face extremeties gain brittle cold nails thyroid menstruation swollen weight and depression fatigue lethargy abnormal feets swings enlarged,Endocrinology
experiencing pain rash stomach itching skin micturition burning,Dermatology
dealing with chills watering sneezing eyes from continuous,Dermatology
my main issue is cough eyes pain swelled of congestion malaise continuous sinus fever pressure loss nodes high irritation muscle redness fatigue nose pain headache chills throat of lymph runny chest sneezing phlegm smell,Pulmonology
i feel loss limbs dizziness weakness back of pain balance in lately,Neurology
suffering from like rash in inflammatory peeling skin nails skin silver dents joint pain nails small dusting,Dermatology
suffering from skin urination rash stomach itching pain spotting,Dermatology
feeling pain swelling joint joint neck painful pain joints knee pain hip walking pain,Orthopedics
suffering from high fatigue yellowing of mild chills loss nodes weight pain appetite chest in vomiting loss swelled breathlessness sputum blood fever cough of lymph malaise eyes sweating fever phlegm,Pulmonology
i feel anxiety fatigue headache hunger nausea excessive and distorted vision and blurred sweating vomiting speech irritability tingling slurred drying lips palpitations lately,Endocrinology
suffering from in nails nails skin skin peeling dents inflammatory rash pain silver joint small dusting like,Dermatology
experiencing hunger vision disturbances irritability and blurred indigestion visual neck excessive acidity distorted stiff headache depression,Neurology
feeling throat fever high patches extra marital in contacts,Infectious
i think it's skin nails nails rash peeling in skin small inflammatory silver dusting dents joint like pain,Dermatology
my main issue is pain pain stomach of yellowish bleeding skin abdominal appetite high joint loss of vomiting failure fever acute fatigue liver coma urine eyes nausea yellowing dark,Gastroenterology
experiencing of pain joint urine skin loss fatigue appetite abdominal dark nausea pain yellowish eyes yellowing of vomiting,Gastroenterology
experiencing walking pain knee neck pain joints swelling joint joint pain pain painful hip,Orthopedics
i feel veins on blood swollen legs vessels calf bruising fatigue prominent obesity swollen cramps lately,Cardiology
feeling pain spotting itching stomach skin rash micturition burning urination,Dermatology
having neck stiffness stiff swelling painful joints walking movement,Orthopedics
experiencing from sneezing shivering eyes continuous chills watering,Dermatology
i think it's weakness side of headache altered one vomiting sensorium body,Neurology
having history cough fatigue sputum mucoid family high fever,Pulmonology
suffering from foul urine of bladder of smell micturition continuous burning discomfort urine feel,Urology
dealing with family cough breathlessness fatigue history fever high sputum mucoid,Pulmonology
i think it's behind joint malaise high pain nausea rash spots pain the red over of pain muscle skin back pain body eyes fever appetite chills fatigue loss headache vomiting,Infectious
my main issue is of runny pain nodes of chest nose swelled high irritation phlegm continuous lymph redness chills sneezing sinus throat malaise smell headache pain muscle loss congestion fatigue fever eyes pressure cough,Pulmonology
dealing with swollen bruising fatigue calf obesity vessels on blood cramps veins legs prominent swollen,Cardiology
having neck knee painful walking pain joint pain joints hip joint pain swelling pain,Orthopedics
suffering from yellowish pain eyes abdominal fever skin of urine dark joint pain fatigue yellowing liver nausea of failure acute high coma loss appetite vomiting bleeding stomach,Gastroenterology
having of skin spots itching lethargy fever rash lymph appetite loss body fatigue high malaise mild swelled over red nodes fever headache,Infectious
having and fatigue excessive distorted blurred slurred palpitations irritability headache speech vomiting drying hunger vision lips anxiety tingling nausea and,Endocrinology
i think it's abdominal loss skin appetite of of bleeding yellowish eyes vomiting fatigue fever pain yellowing coma failure stomach acute high pain dark joint nausea urine liver,Gastroenterology
experiencing peeling skin nails in like dusting dents rash nails silver pain small joint inflammatory skin,Dermatology
dealing with sweating chest vomiting breathlessness pain,Cardiology
i have of loss yellowing of skin nausea yellowish fatigue eyes family history appetite,Gastroenterology
having muscle high patches throat contacts fever marital in extra wasting,Infectious
experiencing urine weight skin loss dark itching yellowish fatigue vomiting high fever,Gastroenterology
my main issue is joints muscle neck walking swelling stiff stiffness weakness movement painful,Orthopedics
i think it's weight restlessness diarrhoea rate abnormal muscle loss swings hunger fatigue weakness heart menstruation mood irritability fast sweating excessive,Endocrinology
my main issue is tongue ulcers acidity pain chest cough vomiting stomach on pain,Gastroenterology
suffering from mood hunger swings weight sweating menstruation restlessness muscle loss abnormal fast heart diarrhoea excessive weakness fatigue rate irritability,Endocrinology
having mild malaise red lymph body loss itching nodes swelled of fatigue over headache fever skin spots appetite fever high rash,Infectious
suffering from skin dischromic patches rash itching,Dermatology
experiencing skin eruptions rash dischromic patches nodal itching skin,Dermatology
i think it's urine micturition bladder of foul urine of burning feel continuous discomfort smell,Urology
my main issue is pain spotting urination stomach itching burning micturition,Dermatology
feeling dark fever yellowish skin urine fatigue itching abdominal weight loss high pain,Gastroenterology
suffering from urination burning micturition rash pain stomach spotting itching skin,Dermatology
having anxiety vomiting excessive blurred distorted sweating speech nausea and drying hunger lips fatigue tingling slurred vision irritability and palpitations,Endocrinology
feeling gases vomiting itching of indigestion pain appetite passage internal of abdominal loss,Gastroenterology
experiencing sweating vomiting chest pain,Cardiology
my main issue is sinus loss of redness chest high throat nose phlegm congestion pressure pain chills nodes lymph runny eyes smell of headache muscle fatigue pain malaise swelled fever cough irritation,Pulmonology
feeling malaise fever fatigue high phlegm of of throat eyes pain loss chest congestion pain irritation sinus sneezing headache muscle cough pressure redness continuous nose runny chills smell,Pulmonology
i have passage vomiting of internal itching loss indigestion appetite gases of,Gastroenterology
feeling altered weakness one sensorium vomiting side body of,Neurology
feeling fatigue bruising on blood cramps swollen legs veins swollen calf vessels prominent,Cardiology
suffering from eyes chest lymph fatigue redness of malaise irritation high phlegm throat of muscle pain sneezing pressure runny cough nose continuous sinus nodes swelled headache smell loss chills congestion pain fever,Pulmonology
i feel from watering continuous shivering eyes sneezing chills lately,Dermatology
feeling weakness neck back pain of limbs balance loss in pain dizziness,Neurology
i am having dusting rash joint silver skin dents nails like peeling inflammatory skin nails small in pain,Dermatology
dealing with weight rate hunger mood weakness menstruation heart diarrhoea loss sweating fatigue swings irritability restlessness muscle fast abnormal excessive,Endocrinology
i am having vomiting appetite dark nausea yellowing urine loss stomach pain fatigue of pain abdominal yellowish liver acute coma eyes bleeding of joint skin fever high failure,Gastroenterology
feeling pain muscle cough of phlegm nodes malaise runny sinus high redness fever nose lymph eyes irritation throat smell pressure headache swelled of fatigue congestion loss chest continuous chills sneezing pain,Pulmonology
suffering from of sensorium headache body side weakness altered vomiting one,Neurology
i feel weight yellowing sputum of mild vomiting sweating fever chills lymph fever pain of cough swelled loss high blood breathlessness loss in chest fatigue nodes phlegm eyes malaise appetite lately,Pulmonology
i am having of overload consumption swelling history alcohol abdominal stomach abdomen of distention yellowish pain skin of fluid,Gastroenterology
my main issue is eyes sunken dehydration diarrhoea vomiting,Gastroenterology
suffering from mild chills lymph fever swelled fatigue vomiting high eyes phlegm sputum yellowing loss of cough sweating appetite pain malaise of weight fever breathlessness chest loss nodes in blood,Pulmonology
my main issue is fever high abdominal itching yellowish vomiting dark pain fatigue loss weight urine skin,Gastroenterology
feeling passage vomiting of gases loss internal itching abdominal appetite pain of,Gastroenterology
i feel ulcers cough acidity stomach pain pain vomiting chest on tongue lately,Gastroenterology
dealing with skin skin rash dischromic eruptions patches itching nodal,Dermatology
experiencing breathlessness vomiting chest pain sweating,Cardiology
suffering from pain vomiting passage loss appetite itching of internal of gases abdominal,Gastroenterology
my main issue is fatigue restlessness heart weakness excessive muscle irritability mood menstruation loss rate sweating hunger diarrhoea swings weight fast abnormal,Endocrinology
i have spots back of muscle red the pain appetite joint vomiting over behind pain fever fatigue pain chills eyes body nausea skin pain loss rash high headache malaise,Infectious
i have unsterile yellowish urine dark of itching receiving blood yellow loss urine malaise lethargy receiving skin abdominal yellowing transfusion injections fatigue eyes of appetite pain,Gastroenterology
experiencing blood loss unsterile abdominal eyes pain malaise of injections appetite yellowing skin urine yellow of fatigue lethargy receiving yellowish itching transfusion receiving urine dark,Gastroenterology
i am having joint silver in nails small like dents skin inflammatory pain nails rash dusting,Dermatology
dealing with pain sweating breathlessness chest vomiting,Cardiology
dealing with fluid stomach alcohol of yellowish history abdomen of abdominal vomiting swelling of pain consumption overload skin distention,Gastroenterology
i am having in muscle extra throat wasting high fever marital patches contacts,Infectious
i feel cough high fever sputum mucoid fatigue breathlessness lately,Pulmonology
i am having chills fever vomiting pain high belly nausea pain diarrhoea fatigue (typhos) look headache abdominal toxic,Infectious
having hunger depression neck disturbances visual blurred vision indigestion and excessive distorted irritability stiff headache,Neurology
my main issue is dehydration vomiting diarrhoea eyes sunken,Gastroenterology
experiencing diarrhoea eyes vomiting sunken,Gastroenterology
i have fever blister around yellow high skin rash crust sore red ooze nose,Dermatology
my main issue is of skin of overload of abdominal yellowish alcohol consumption history distention abdomen stomach vomiting pain fluid swelling,Gastroenterology
i have muscle walking joints neck weakness stiff stiffness swelling painful movement,Orthopedics
suffering from eyes rash spots nausea appetite high body pain skin muscle fatigue chills over pain of fever behind vomiting loss back the red malaise headache pain,Infectious
i have puffy feets weight and thyroid mood nails swollen lethargy brittle swings hands enlarged menstruation eyes face extremeties irritability gain depression and abnormal cold fatigue,Endocrinology
experiencing high extra wasting fever in patches muscle contacts marital throat,Infectious
experiencing appetite sputum mild loss breathlessness vomiting yellowing fever blood loss chills nodes eyes weight of lymph sweating cough of malaise swelled chest fatigue phlegm pain in,Pulmonology
experiencing high in muscle fever throat extra contacts marital patches wasting,Infectious
i feel around rash crust ooze red skin blister sore nose yellow lately,Dermatology
experiencing dizziness abnormal swings brittle mood face gain lethargy puffy swollen fatigue depression extremeties thyroid eyes enlarged and irritability menstruation nails weight,Endocrinology
i have knee pain walking neck pain pain joint joints swelling joint hip painful pain,Orthopedics
my main issue is pain belly vomiting high constipation (typhos) fever diarrhoea fatigue toxic headache look chills nausea,Infectious
i feel excessive mood fatigue loss fast diarrhoea muscle weight restlessness heart irritability sweating menstruation swings rate abnormal hunger weakness lately,Endocrinology
i am having distention vomiting of stomach skin of of swelling yellowish history overload abdominal consumption abdomen pain alcohol fluid,Gastroenterology
i am having movement stiff weakness joints painful neck walking stiffness muscle swelling,Orthopedics
my main issue is overload alcohol fluid yellowish of distention stomach abdomen consumption history of abdominal vomiting of pain skin swelling,Gastroenterology
i think it's neck stiffness painful joints muscle movement weakness stiff swelling walking,Orthopedics
my main issue is pain joint dark skin yellowish urine of abdominal muscle vomiting pain loss eyes fever mild of diarrhoea nausea yellowing pain appetite,Gastroenterology
suffering from mood swings fatigue weight diarrhoea restlessness weakness irritability abnormal heart excessive loss menstruation sweating rate muscle fast hunger,Endocrinology
i am having restlessness fatigue hunger abnormal mood swings muscle menstruation loss heart diarrhoea rate fast weakness excessive irritability sweating weight,Endocrinology
i feel micturition bladder foul of discomfort feel urine continuous burning urine of smell lately,Urology
i feel pain fever muscle headache diarrhoea vomiting high sweating nausea chills lately,Infectious
i am having chest vomiting breathlessness pain sweating,Cardiology
my main issue is appetite nausea of of failure eyes fever abdominal bleeding liver fatigue yellowish pain pain high loss yellowing acute dark vomiting stomach skin urine coma joint,Gastroenterology
i am having pain breathlessness vomiting chest sweating,Cardiology
i feel obesity vessels swollen prominent swollen legs blood fatigue bruising veins calf cramps on lately,Cardiology
i think it's gases itching passage internal abdominal loss of of vomiting appetite pain indigestion,Gastroenterology
feeling hip joint pain knee pain painful neck walking joints swelling pain,Orthopedics
i am having appetite pain high eyes coma bleeding yellowish liver of fever acute loss failure dark urine skin vomiting of yellowing nausea abdominal stomach fatigue,Gastroenterology
feeling stomach spotting micturition pain itching burning urination,Dermatology
dealing with pain receiving urine lethargy itching loss transfusion blood fatigue malaise unsterile dark skin receiving of yellowing appetite urine yellowish injections yellow abdominal eyes of,Gastroenterology
dealing with chest vomiting pain breathlessness sweating,Cardiology
feeling pimples skin scurring pus rash blackheads filled,Dermatology
i am having continuous smell high nodes headache pain congestion of malaise redness runny pressure irritation chest phlegm fatigue of lymph fever nose throat sinus swelled muscle pain cough loss sneezing eyes,Pulmonology
i have skin yellowish history of nausea family appetite of fatigue eyes yellowing loss,Gastroenterology
my main issue is fever high nausea pain vomiting chills headache diarrhoea muscle sweating,Infectious
feeling of weakness body vomiting altered side sensorium one headache,Neurology
having abdominal high fatigue skin itching loss pain urine dark yellowish vomiting weight fever,Gastroenterology
my main issue is nausea fatigue excessive vomiting vision slurred sweating irritability distorted drying tingling anxiety and lips blurred headache palpitations and hunger speech,Endocrinology
experiencing chest vomiting pain sweating breathlessness,Cardiology
experiencing cough ulcers pain pain tongue chest vomiting acidity stomach on,Gastroenterology
i am having look chills fever high pain nausea pain (typhos) constipation headache diarrhoea belly toxic abdominal fatigue,Infectious
dealing with vomiting abdominal pain loss joint yellowish yellowing of appetite pain nausea eyes skin fatigue of,Gastroenterology
dealing with stomach skin burning spotting rash itching pain urination micturition,Dermatology
having diarrhoea sunken eyes vomiting,Gastroenterology
suffering from pus pimples rash filled scurring blackheads skin,Dermatology
feeling headache altered sensorium of weakness side vomiting body one,Neurology
i feel pus scurring filled rash blackheads skin pimples lately,Dermatology
experiencing cough mucoid breathlessness high sputum history family fever,Pulmonology
i feel scurring pus skin filled pimples rash blackheads lately,Dermatology
i think it's blurred excessive fatigue vision headache vomiting sweating and and drying irritability tingling slurred distorted hunger palpitations lips speech nausea anxiety,Endocrinology
i feel loss in pain pain back weakness of limbs balance neck dizziness lately,Neurology
my main issue is chest high phlegm chills fatigue breathlessness rate sputum cough sweating pain malaise heart fever rusty fast,Pulmonology
my main issue is (typhos) fatigue toxic pain vomiting diarrhoea pain constipation belly nausea headache chills fever look abdominal high,Infectious
feeling in dusting joint like peeling nails nails small skin pain silver dents skin rash inflammatory,Dermatology
i have the of pain spots pain appetite muscle body over eyes fever nausea chills malaise pain headache joint vomiting pain loss red high back behind fatigue skin rash,Infectious
i think it's congestion nodes phlegm fatigue continuous eyes chills loss muscle swelled runny pain headache chest of pain of cough redness pressure sinus smell nose throat lymph irritation sneezing malaise,Pulmonology
i have eyes vomiting diarrhoea dehydration sunken,Gastroenterology
i feel pain loss skin yellowish vomiting dark high fever fatigue weight urine itching abdominal lately,Gastroenterology
i am having fatigue veins calf swollen vessels on legs prominent cramps swollen blood bruising obesity,Cardiology
i have receiving dark loss receiving abdominal urine fatigue injections skin malaise unsterile appetite transfusion lethargy eyes blood itching pain yellowing urine yellowish of yellow of,Gastroenterology
having swings abnormal restlessness menstruation mood weakness irritability heart fast rate loss weight excessive sweating diarrhoea fatigue muscle hunger,Endocrinology
feeling fever headache diarrhoea pain high muscle sweating nausea vomiting chills,Infectious
suffering from breathlessness fatigue cough history mucoid family fever sputum high,Pulmonology
having internal abdominal of pain itching indigestion appetite gases of passage vomiting loss,Gastroenterology
suffering from tongue vomiting on pain cough acidity stomach pain chest ulcers,Gastroenterology
i feel pimples filled blackheads rash pus skin lately,Dermatology
experiencing loss indigestion of vomiting appetite internal itching passage pain abdominal of gases,Gastroenterology
i am having loss pain vomiting eyes skin appetite of yellowing itching abdominal of yellowish nausea,
suffering from of neck balance limbs in pain pain back loss dizziness weakness,Neurology
i am having irritability hands enlarged swollen nails lethargy thyroid gain puffy abnormal depression and eyes brittle dizziness feets swings and menstruation face mood extremeties weight cold,Endocrinology
feeling veins blood bruising on fatigue calf obesity prominent swollen vessels cramps,Cardiology
i have pain yellowing nausea dark skin eyes abdominal appetite pain of fatigue loss of joint urine yellowish,Gastroenterology
dealing with fast malaise heart fatigue cough rate sweating high pain chest phlegm fever chills breathlessness rusty sputum,Pulmonology
i feel phlegm heart chills fast fatigue malaise rusty sweating fever high cough breathlessness rate sputum chest pain lately,Pulmonology
i am having blackheads skin rash scurring filled pus pimples,Dermatology
i am having cold and puffy weight hands dizziness irritability enlarged brittle depression extremeties thyroid mood and gain menstruation fatigue face feets lethargy swings nails eyes abnormal swollen,Endocrinology
experiencing blister sore fever crust ooze red rash around nose skin yellow high,Dermatology
i am having walking neck swelling painful stiff muscle weakness joints,Orthopedics
dealing with stomach overload abdomen distention fluid vomiting consumption alcohol swelling history yellowish of of pain skin of abdominal,Gastroenterology
i am having side vomiting of body one headache weakness,Neurology
i am having and blurred and sweating slurred palpitations drying distorted hunger tingling irritability nausea vision headache anxiety fatigue speech vomiting lips excessive,Endocrinology
i think it's continuous urine micturition feel discomfort burning bladder of,Urology
i am having hunger stiff distorted and acidity disturbances vision irritability headache depression visual excessive blurred neck,Neurology
having sunken dehydration eyes vomiting diarrhoea,Gastroenterology
i am having sneezing watering shivering continuous from eyes,Dermatology
feeling excessive menstruation fast weight swings heart mood abnormal irritability weakness hunger rate muscle diarrhoea restlessness fatigue loss sweating,Endocrinology
dealing with abdominal indigestion of gases of appetite vomiting loss pain passage,Gastroenterology
feeling phlegm heart fever high chills breathlessness chest rate fatigue pain fast cough sputum malaise sweating rusty,Pulmonology
feeling nodes congestion swelled of sneezing of smell fatigue pain sinus loss chills cough pain pressure continuous phlegm throat chest irritation lymph malaise fever redness runny muscle headache nose high eyes,Pulmonology
i think it's loss pain urine fever skin yellowing liver acute vomiting eyes appetite coma high bleeding of abdominal joint of pain nausea failure stomach dark yellowish,Gastroenterology
suffering from swings rate restlessness fatigue weakness weight menstruation irritability mood muscle fast excessive diarrhoea heart loss abnormal hunger,Endocrinology
i have rash skin micturition stomach urination spotting pain itching burning,Dermatology
feeling appetite vomiting pain skin dark mild of urine muscle pain pain eyes abdominal yellowing fever nausea of yellowish loss joint diarrhoea,Gastroenterology
i feel sore red blister skin yellow high nose ooze crust around rash fever lately,Dermatology
having swelling muscle stiffness movement joints stiff neck weakness,Orthopedics
dealing with of spinning nausea balance vomiting movements unsteadiness loss,
experiencing itching pain indigestion passage vomiting of of loss abdominal gases internal appetite,Gastroenterology
dealing with sputum loss appetite chest nodes fatigue chills weight breathlessness phlegm lymph in malaise yellowing swelled loss sweating fever eyes pain high mild of blood of vomiting fever,Pulmonology
i am having sunken dehydration eyes diarrhoea,Gastroenterology
i think it's chest stomach pain acidity cough vomiting pain,Gastroenterology
suffering from menstruation abnormal fatigue irritability heart loss muscle fast hunger mood sweating swings weakness rate diarrhoea restlessness excessive weight,Endocrinology
feeling high sneezing pain pain lymph of continuous cough throat headache phlegm redness congestion malaise runny fever irritation sinus muscle chest eyes of nose chills pressure loss smell nodes swelled,Pulmonology
i feel skin dusting inflammatory nails small like silver rash nails peeling dents skin in lately,Dermatology
i have headache high chills sweating vomiting pain fever nausea diarrhoea muscle,Infectious
i am having phlegm redness fever chills congestion pain muscle continuous sneezing chest of pain throat nose eyes lymph irritation high fatigue smell loss malaise of nodes swelled headache sinus pressure runny,Pulmonology
i feel of passage vomiting gases abdominal loss internal itching of pain appetite lately,Gastroenterology
having appetite pain gases vomiting loss itching indigestion of passage abdominal internal of,Gastroenterology
i am having inflammatory nails skin in small skin rash dents nails peeling joint pain,Dermatology
i am having dizziness limbs back balance loss neck in of pain pain weakness,Neurology
feeling watering continuous shivering from eyes chills sneezing,Dermatology
i think it's pain stomach pain ulcers chest acidity on cough vomiting tongue,Gastroenterology
having skin scurring blackheads pimples pus rash filled,Dermatology
experiencing high chest swelled yellowing mild eyes phlegm of loss sputum appetite sweating malaise chills vomiting loss weight blood pain of in lymph cough fever nodes fever fatigue,Pulmonology
dealing with gases loss passage abdominal indigestion appetite vomiting pain of of,Gastroenterology
dealing with itching eruptions patches rash skin dischromic nodal skin,Dermatology
having tingling nausea hunger distorted and vomiting fatigue slurred headache irritability vision drying lips excessive palpitations anxiety blurred and speech,Endocrinology
experiencing weakness movement swelling stiffness muscle stiff joints neck walking painful,Orthopedics
dealing with calf on legs swollen obesity fatigue bruising cramps vessels veins prominent blood swollen,Cardiology
feeling abnormal lethargy feets mood depression weight fatigue gain enlarged and puffy and swings dizziness irritability face menstruation thyroid cold brittle hands extremeties nails swollen eyes,Endocrinology
i am having muscle contacts high wasting marital throat extra fever in patches,Infectious
i have rash filled pimples scurring pus blackheads skin,Dermatology
i have visual vision depression acidity neck and stiff blurred distorted headache disturbances indigestion hunger excessive irritability,Neurology
i feel vomiting pain chest breathlessness lately,Cardiology
i am having on cough acidity vomiting pain tongue chest ulcers,Gastroenterology
i have palpitations vision vomiting speech and irritability headache lips tingling blurred anxiety fatigue excessive drying distorted sweating hunger nausea and slurred,Endocrinology
feeling chest ulcers acidity tongue stomach pain cough pain vomiting on,Gastroenterology
experiencing breathlessness sputum malaise sweating cough chest rusty high heart pain chills fatigue rate fast fever,Pulmonology
suffering from abnormal swings hunger muscle restlessness fast heart menstruation loss mood sweating weakness excessive weight diarrhoea rate irritability,Endocrinology
my main issue is dizziness balance neck of pain back pain loss,Neurology
i have in balance pain weakness neck limbs loss of dizziness,Neurology
suffering from muscle throat high wasting fever in patches,Infectious
feeling marital fever throat wasting in high contacts patches extra muscle,Infectious
dealing with stiffness painful muscle neck weakness movement stiff swelling joints walking,Orthopedics
i am having walking swelling joints movement stiff neck stiffness painful,Orthopedics
my main issue is gases indigestion appetite of loss vomiting of abdominal internal passage itching pain,Gastroenterology
feeling nodal skin patches dischromic skin itching rash eruptions,Dermatology
i am having stomach itching pain skin micturition burning rash,Dermatology
i am having calf blood veins swollen legs prominent cramps vessels obesity fatigue swollen on bruising,Cardiology
i feel cough mucoid fever high fatigue history sputum breathlessness family lately,Pulmonology
my main issue is neck excessive depression acidity blurred headache vision indigestion and distorted disturbances visual stiff hunger,Neurology
i think it's joints pain joint swelling walking pain knee hip neck pain painful,Orthopedics
having nausea of unsteadiness balance loss headache vomiting,
having abdominal chills headache fatigue (typhos) high diarrhoea constipation nausea vomiting toxic pain belly look pain fever,Infectious
i have fatigue swelled spots skin fever nodes high headache fever over itching mild body malaise lymph of rash loss red appetite lethargy,Infectious
i have muscle vomiting diarrhoea nausea headache pain fever chills high,Infectious
my main issue is lethargy fatigue receiving yellow transfusion loss malaise of skin receiving urine blood pain yellowing itching appetite urine abdominal unsterile of eyes yellowish injections dark,Gastroenterology
suffering from like skin dents nails joint dusting small peeling nails rash inflammatory silver skin pain in,Dermatology
feeling fatigue over appetite swelled rash fever headache fever skin loss lethargy mild itching of high red nodes body lymph malaise spots,Infectious
i think it's nodal eruptions rash dischromic skin skin patches itching,Dermatology
i am having urine yellowish skin pain weight itching abdominal high fatigue dark fever vomiting loss,Gastroenterology
feeling internal indigestion vomiting passage gases loss of abdominal appetite itching pain of,Gastroenterology
i feel joint skin dents nails silver nails rash peeling like pain small dusting inflammatory in skin lately,Dermatology
i think it's lymph fever sinus malaise muscle headache throat sneezing eyes swelled chills runny pain loss pressure of chest continuous redness of congestion high nose irritation smell nodes pain phlegm fatigue,Pulmonology
having burning micturition spotting rash pain itching urination stomach skin,Dermatology
i feel chest fatigue sputum high pain phlegm chills heart fast rate sweating fever cough rusty breathlessness lately,Pulmonology
feeling of internal gases passage loss vomiting appetite indigestion itching of,Gastroenterology
i think it's vomiting pain sweating chest,Cardiology
experiencing pimples filled skin scurring pus rash blackheads,Dermatology
having swollen cramps blood obesity fatigue legs vessels bruising swollen,Cardiology
experiencing unsteadiness loss of vomiting balance headache nausea,
my main issue is chest vomiting breathlessness pain sweating,Cardiology
dealing with of eyes yellowish pain abdominal yellowing skin vomiting nausea itching,
dealing with joint pain vomiting yellowish of eyes yellowing abdominal loss dark pain urine nausea skin appetite of fatigue,Gastroenterology
i am having swollen prominent cramps vessels bruising obesity veins on blood legs calf fatigue swollen,Cardiology
i have of movements balance unsteadiness nausea headache vomiting loss spinning,
suffering from loss of abdominal itching vomiting yellowing yellowish nausea pain eyes of skin appetite,
i think it's hunger vomiting headache distorted tingling and blurred and excessive lips speech vision nausea irritability anxiety drying slurred palpitations fatigue,Endocrinology
feeling sweating pain breathlessness chest vomiting,Cardiology
i feel over fever fatigue appetite swelled spots nodes lymph malaise fever loss rash lethargy red high body mild skin of itching lately,Infectious
i think it's rash blackheads skin scurring,Dermatology
having high weight loss fever skin urine dark abdominal fatigue yellowish itching pain vomiting,Gastroenterology
i am having movements unsteadiness headache vomiting of nausea spinning loss balance,
suffering from pain chills high abdominal diarrhoea vomiting fatigue pain look (typhos) constipation toxic belly headache fever,Infectious
suffering from nausea fatigue excessive hunger palpitations speech distorted and headache and irritability anxiety drying tingling blurred slurred vision sweating lips,Endocrinology
feeling over high red itching of headache spots mild fatigue appetite skin fever malaise nodes lymph swelled rash lethargy fever loss body,Infectious
i have the high over chills behind back headache pain body nausea of malaise spots fatigue pain eyes skin fever appetite pain vomiting loss joint rash red,Infectious
my main issue is limbs balance in loss neck back weakness pain of pain dizziness,Neurology
i am having pain of abdominal skin nausea yellowish of yellowing itching appetite vomiting loss eyes,
having pain phlegm redness smell nodes irritation malaise loss of fatigue high chills of sneezing congestion cough eyes chest nose fever muscle lymph throat runny continuous swelled sinus pressure pain headache,Pulmonology
i feel of urine pain eyes pain yellowing fatigue appetite abdominal skin dark loss of joint vomiting nausea yellowish lately,Gastroenterology
experiencing one body vomiting weakness sensorium side of altered headache,Neurology
dealing with chills watering from eyes continuous sneezing,Dermatology
dealing with bleeding of urine of fatigue stomach joint liver appetite loss vomiting dark fever eyes coma yellowing pain failure high abdominal acute nausea pain,Gastroenterology
my main issue is speech and irritability tingling excessive fatigue headache palpitations sweating distorted slurred blurred lips hunger and drying vomiting nausea vision,Endocrinology
i have tongue on acidity cough vomiting pain ulcers chest,Gastroenterology
having sputum fever fatigue high mucoid family breathlessness history,Pulmonology
i have malaise loss spots headache body fatigue fever red of rash appetite swelled high mild lymph itching over lethargy fever nodes skin,Infectious
my main issue is pain vomiting acidity cough chest stomach pain,Gastroenterology
feeling weakness swelling stiffness joints movement walking painful muscle,Orthopedics
i think it's the vomiting chills pain red behind loss muscle fatigue high pain eyes appetite body nausea fever rash skin spots pain malaise pain of joint back over headache,Infectious
suffering from of movements headache unsteadiness loss balance vomiting spinning,
i am having pain eyes vomiting of nausea abdominal itching skin yellowish loss of yellowing appetite,
feeling pain skin distention history abdominal consumption abdomen of overload yellowish of swelling stomach alcohol fluid vomiting of,Gastroenterology
experiencing bleeding pain urine yellowish acute of vomiting appetite failure abdominal fever joint nausea of liver fatigue yellowing skin stomach pain high dark coma eyes loss,Gastroenterology
having abdominal pain nausea fever look pain headache fatigue toxic diarrhoea belly (typhos) vomiting high chills constipation,Infectious
dealing with of headache one side vomiting weakness altered body sensorium,Neurology
dealing with pain chest on vomiting acidity cough tongue ulcers,Gastroenterology
i think it's headache of high pressure fatigue pain continuous cough pain chest phlegm sneezing loss runny lymph sinus throat chills irritation eyes swelled nose malaise nodes fever of smell muscle redness congestion,Pulmonology
dealing with pressure swelled throat congestion high phlegm headache pain sinus nose continuous muscle smell fever chest redness chills loss nodes lymph irritation cough of pain runny sneezing malaise eyes of,Pulmonology
experiencing headache muscle vomiting chills sweating nausea fever pain high,Infectious
dealing with mild of pain yellowish appetite muscle fever loss joint yellowing abdominal dark vomiting skin nausea diarrhoea pain of eyes urine pain,Gastroenterology
i am having headache vomiting side weakness one of sensorium body altered,Neurology
my main issue is filled scurring skin pimples blackheads pus rash,Dermatology
experiencing skin malaise transfusion receiving of receiving appetite yellowing fatigue loss urine urine unsterile of itching pain lethargy dark yellow abdominal injections yellowish blood eyes,Gastroenterology
i am having knee hip walking neck pain pain pain swelling joints painful joint joint pain,Orthopedics
suffering from pain painful joint swelling neck pain joints joint knee pain hip pain walking,Orthopedics
experiencing excessive drying tingling speech distorted irritability anxiety and and sweating hunger fatigue slurred nausea palpitations blurred headache vision lips,Endocrinology
suffering from nausea pain pain diarrhoea vomiting high headache fatigue toxic abdominal chills belly constipation look fever (typhos),Infectious
i have on tongue cough pain vomiting pain stomach ulcers chest acidity,Gastroenterology
having and swings eyes extremeties puffy fatigue feets brittle face and swollen depression nails cold thyroid irritability dizziness abnormal mood lethargy enlarged hands menstruation,Endocrinology
i feel vomiting nausea abdominal of loss yellowish pain appetite itching skin lately,
my main issue is skin itching burning rash micturition urination spotting,Dermatology
feeling bladder of urine micturition urine foul of discomfort burning feel smell continuous,Urology
i am having transfusion pain urine fatigue receiving malaise injections eyes itching yellowish urine yellowing loss blood receiving abdominal of lethargy of unsterile appetite dark yellow skin,Gastroenterology
having swelled fever blood loss yellowing loss mild sputum malaise phlegm high sweating in fatigue lymph breathlessness of nodes of pain weight appetite cough chest eyes vomiting fever,Pulmonology
feeling abdominal urine yellowish pain of appetite pain loss vomiting fatigue of nausea yellowing skin eyes dark joint,Gastroenterology
having of abdominal skin yellowish yellowing nausea fatigue of urine appetite dark loss vomiting eyes pain,Gastroenterology
dealing with balance neck of dizziness back pain loss pain,Neurology
i have pressure fever continuous runny of fatigue loss chills smell pain headache of sneezing pain congestion redness chest muscle phlegm swelled nose high eyes nodes cough sinus irritation throat lymph,Pulmonology
i feel on acidity stomach vomiting pain cough tongue ulcers chest pain lately,Gastroenterology
feeling loss abdominal of of fatigue eyes yellowish pain urine dark joint yellowing vomiting nausea skin appetite pain,Gastroenterology
i have altered weakness sensorium of one vomiting body side headache,Neurology
i feel excessive speech blurred distorted vomiting slurred palpitations irritability drying and anxiety nausea and lips tingling hunger vision sweating headache lately,Endocrinology
i am having distorted slurred and hunger vomiting vision palpitations headache excessive nausea sweating anxiety irritability speech blurred fatigue,Endocrinology
my main issue is burning bladder discomfort micturition of continuous smell urine foul of feel urine,Urology
having fatigue chills pain vomiting fever skin loss malaise body nausea eyes rash red over pain of headache high behind pain back the appetite spots muscle,Infectious
having dehydration vomiting diarrhoea sunken eyes,Gastroenterology
my main issue is prominent veins swollen on legs obesity cramps calf fatigue bruising swollen blood vessels,Cardiology
experiencing back loss pain dizziness in weakness of balance limbs,Neurology
i have throat wasting contacts patches fever high extra muscle marital in,Infectious
i think it's extra high patches throat marital contacts in fever,Infectious
suffering from appetite in breathlessness mild weight eyes chills yellowing fever phlegm lymph chest loss loss fever of swelled sputum vomiting malaise nodes of sweating pain high fatigue blood cough,Pulmonology
dealing with nausea acute bleeding appetite high fever dark loss failure skin stomach pain of urine liver of fatigue pain yellowish joint abdominal coma eyes yellowing,Gastroenterology
dealing with continuous sneezing eyes from shivering watering chills,Dermatology
dealing with hunger distorted excessive and irritability blurred disturbances depression headache visual neck stiff acidity indigestion vision,Neurology
i have throat of chest cough phlegm fatigue muscle chills loss lymph pressure headache nose swelled eyes fever redness smell pain malaise irritation of pain runny high sneezing continuous sinus congestion nodes,Pulmonology
my main issue is dehydration eyes diarrhoea sunken vomiting,Gastroenterology
my main issue is continuous shivering chills sneezing,Dermatology
dealing with body side of one sensorium headache altered weakness,Neurology
i feel fever swelled lethargy spots body nodes fever headache over rash high red mild fatigue malaise skin itching lymph lately,Infectious
my main issue is side body vomiting sensorium altered one weakness of,Neurology
experiencing failure stomach eyes loss dark of skin bleeding coma appetite joint high pain of fever urine pain nausea liver vomiting abdominal yellowish yellowing acute fatigue,Gastroenterology
i feel discomfort feel of foul urine urine micturition smell of continuous burning bladder lately,Urology
dealing with and sweating speech vision irritability tingling and palpitations slurred excessive drying anxiety hunger distorted nausea blurred lips fatigue vomiting,Endocrinology
feeling rash pimples pus blackheads skin filled scurring,Dermatology
i have fever family history mucoid cough breathlessness sputum high,Pulmonology
i have irritation pressure high redness smell lymph of headache fever malaise chest throat continuous loss eyes of congestion chills runny sneezing muscle fatigue pain sinus nodes nose phlegm cough pain swelled,Pulmonology
i am having nausea joint muscle appetite of fever dark of pain mild vomiting loss skin yellowing pain urine yellowish eyes pain abdominal diarrhoea,Gastroenterology
i think it's sneezing chest fatigue high redness headache of irritation continuous pain loss eyes muscle cough nodes of pain congestion smell nose chills pressure sinus fever swelled runny phlegm throat lymph,Pulmonology
experiencing appetite body high fatigue fever red loss of swelled itching malaise headache fever lymph rash lethargy nodes spots over skin mild,Infectious
dealing with unsteadiness balance movements loss headache nausea of spinning,
i have urine skin of fatigue yellow lethargy itching receiving injections yellowish eyes malaise abdominal pain unsterile dark urine receiving blood transfusion yellowing,Gastroenterology
feeling rash pain pain red loss muscle fever headache skin body fatigue pain eyes high back chills pain of behind over joint malaise nausea spots appetite the,Infectious
suffering from excessive vision stiff hunger blurred distorted neck and acidity headache irritability depression indigestion,Neurology
dealing with urine pain vomiting joint dark muscle nausea appetite yellowing abdominal loss of mild skin of pain diarrhoea pain fever yellowish eyes,Gastroenterology
i think it's cough history sputum high fever fatigue breathlessness family mucoid,Pulmonology
i think it's sunken eyes diarrhoea vomiting dehydration,Gastroenterology
feeling pus skin rash pimples filled scurring,Dermatology
i am having vomiting abdominal of pain of abdomen distention of skin history overload swelling fluid yellowish alcohol consumption stomach,Gastroenterology
experiencing pain of stomach vomiting alcohol abdominal of skin consumption overload swelling fluid yellowish history,Gastroenterology
feeling receiving skin fatigue pain urine itching of lethargy blood appetite abdominal yellow of eyes loss urine malaise receiving transfusion yellowish yellowing injections unsterile dark,Gastroenterology
experiencing nose fever skin rash blister yellow ooze around high sore red crust,Dermatology
i feel menstruation excessive fast mood weight rate muscle sweating weakness heart fatigue swings irritability diarrhoea loss abnormal hunger restlessness lately,Endocrinology
i am having skin rash eruptions skin dischromic itching nodal patches,Dermatology
i feel rate pain heart sweating breathlessness high phlegm malaise rusty chest cough fever chills fatigue sputum fast lately,Pulmonology
my main issue is dischromic itching eruptions nodal patches skin,Dermatology
i am having vomiting tongue stomach chest on pain acidity cough pain ulcers,Gastroenterology
having gases abdominal of of indigestion internal passage itching appetite loss vomiting pain,Gastroenterology
my main issue is mucoid breathlessness cough fatigue sputum high fever,Pulmonology
i feel high yellow ooze crust blister skin nose sore around fever rash red lately,Dermatology
feeling gases loss pain indigestion of vomiting abdominal itching passage of appetite internal,Gastroenterology
i have eyes phlegm fatigue headache redness congestion of pain muscle pain swelled fever irritation throat smell cough malaise sinus lymph sneezing chills pressure of continuous chest nodes loss runny nose high,Pulmonology
i feel movement swelling stiff muscle neck painful joints stiffness walking weakness lately,Orthopedics
i think it's sweating fever heart chest rate high rusty chills pain breathlessness malaise cough phlegm fast sputum,Pulmonology
i think it's high skin vomiting fatigue fever abdominal itching pain loss yellowish weight,Gastroenterology
i think it's yellowish of history fluid vomiting stomach of skin overload swelling distention consumption of abdomen alcohol,Gastroenterology
i am having of swelled nodes cough mild eyes in pain sputum yellowing lymph malaise weight appetite blood chills vomiting sweating high loss loss fever fatigue chest phlegm of breathlessness fever,Pulmonology
dealing with vomiting eyes diarrhoea dehydration sunken,Gastroenterology
i feel headache fever vomiting muscle nausea high chills pain diarrhoea sweating lately,Infectious
i feel pain rash stomach urination itching burning micturition spotting skin lately,Dermatology
my main issue is urine joint coma yellowing yellowish fatigue vomiting bleeding appetite liver fever skin acute stomach loss pain failure eyes of pain of dark abdominal high,Gastroenterology
having vision fatigue slurred excessive blurred and hunger palpitations speech tingling nausea distorted drying sweating anxiety lips and vomiting irritability,Endocrinology
i have headache high lethargy fever body skin fever fatigue appetite red swelled rash nodes mild lymph malaise over of spots loss,Infectious
i think it's fever sore high red yellow nose crust skin around blister ooze rash,Dermatology
i have blood itching injections urine loss abdominal of yellowing skin dark eyes yellow urine unsterile pain receiving appetite fatigue lethargy yellowish of transfusion malaise receiving,Gastroenterology
experiencing of abdominal urine yellowing skin yellowish joint pain diarrhoea nausea eyes muscle pain fever mild vomiting dark pain,Gastroenterology
having yellowing of urine yellow itching receiving urine blood of abdominal appetite skin receiving transfusion eyes unsterile lethargy loss pain malaise yellowish dark fatigue injections,Gastroenterology
suffering from micturition stomach pain itching skin spotting burning urination rash,Dermatology
my main issue is weight high skin fever pain abdominal loss dark urine itching vomiting fatigue yellowish,Gastroenterology
i feel high extra fever muscle wasting marital contacts lately,Infectious
i am having appetite acute eyes of pain stomach abdominal of pain urine yellowish joint loss liver dark skin coma yellowing fatigue vomiting failure bleeding nausea,Gastroenterology
my main issue is skin filled scurring rash pus pimples blackheads,Dermatology
i am having high vomiting sweating nausea chills headache muscle fever pain diarrhoea,Infectious
my main issue is indigestion depression distorted neck irritability vision blurred headache and excessive acidity stiff hunger,Neurology
i feel irritability stiff indigestion headache and distorted vision disturbances depression visual hunger blurred acidity neck excessive lately,Neurology
having prominent cramps legs veins fatigue swollen vessels blood bruising swollen on calf,Cardiology
i think it's pain loss pain neck dizziness of back balance,Neurology
my main issue is hunger fast diarrhoea excessive abnormal mood restlessness fatigue rate loss irritability swings heart menstruation sweating muscle weakness weight,Endocrinology
i am having breathlessness family history sputum mucoid fever fatigue high,Pulmonology
suffering from runny sneezing eyes sinus pain of continuous malaise congestion phlegm smell muscle loss irritation cough redness high of throat pressure headache chest chills pain fever nose fatigue,Pulmonology
i am having continuous from watering eyes sneezing chills shivering,Dermatology
i think it's around ooze yellow fever skin nose red blister crust high sore rash,Dermatology
dealing with irritation pain of muscle congestion chills fever eyes swelled malaise pressure runny phlegm sneezing headache loss continuous lymph nose pain smell high nodes cough redness chest throat sinus fatigue of,Pulmonology
experiencing dizziness in pain pain weakness balance of neck limbs back loss,Neurology
i feel fatigue irritability hunger excessive restlessness sweating diarrhoea swings muscle mood loss abnormal weakness menstruation weight lately,Endocrinology
i am having sweating pain vomiting breathlessness chest,Cardiology
suffering from dizziness lethargy puffy depression eyes cold brittle menstruation face hands fatigue abnormal feets weight and swings thyroid enlarged and extremeties nails swollen irritability mood gain,Endocrinology
i have pain spots pain pain rash skin the headache back joint pain appetite behind malaise of muscle over fatigue nausea chills loss body high fever eyes vomiting red,Infectious
i am having eyes abdominal fever skin pain dark vomiting pain yellowish of muscle loss urine appetite joint of mild pain diarrhoea yellowing,Gastroenterology
i feel of yellowing vomiting dark pain loss nausea of joint fatigue skin eyes urine yellowish appetite lately,Gastroenterology
i feel eyes fatigue nausea of skin history of loss yellowing family appetite yellowish lately,Gastroenterology
having chills eyes watering from continuous shivering sneezing,Dermatology
i feel diarrhoea dehydration vomiting sunken eyes lately,Gastroenterology
i feel fatigue high headache loss red fever lymph over nodes itching spots lethargy rash body swelled fever of appetite mild malaise skin lately,Infectious
i am having cough mild yellowing chills of loss high chest of phlegm lymph blood loss malaise sputum nodes fever in swelled vomiting eyes fever pain breathlessness appetite weight fatigue,Pulmonology
i am having rash stomach skin urination micturition burning spotting pain itching,Dermatology
feeling of history overload pain abdominal of of yellowish alcohol stomach abdomen swelling distention fluid skin consumption,Gastroenterology
experiencing sweating rate chills chest fatigue fast cough heart malaise breathlessness fever pain rusty high sputum,Pulmonology
feeling itching vomiting nausea loss skin of of pain yellowish yellowing appetite eyes abdominal,
i think it's swelling muscle stiffness stiff weakness movement neck joints,Orthopedics
feeling pain gases vomiting of passage loss abdominal internal appetite indigestion of itching,Gastroenterology
experiencing chills muscle vomiting nausea sweating headache diarrhoea pain,Infectious
i have skin filled rash blackheads pimples scurring pus,Dermatology
suffering from joints hip joint swelling pain pain painful neck pain knee walking,Orthopedics
having fever yellowish dark fatigue weight pain abdominal loss urine skin vomiting itching high,Gastroenterology
i have of pain indigestion internal itching vomiting appetite abdominal loss,Gastroenterology
dealing with high pain (typhos) vomiting constipation fatigue chills fever pain belly headache abdominal diarrhoea look toxic nausea,Infectious
my main issue is loss neck pain pain back dizziness of balance,Neurology
i have history fatigue yellowish of eyes family skin yellowing nausea,Gastroenterology
dealing with cramps swollen on blood calf prominent swollen obesity veins bruising legs fatigue vessels,Cardiology
i have itching urination pain micturition burning stomach skin rash spotting,Dermatology
i have loss yellowing lethargy transfusion itching skin fatigue of abdominal yellow receiving yellowish receiving of urine appetite malaise eyes pain blood unsterile injections,Gastroenterology
dealing with gases abdominal vomiting loss indigestion of of passage appetite itching internal pain,Gastroenterology
i think it's neck knee swelling joint painful pain hip walking pain pain joint joints pain,Orthopedics
i have high marital extra muscle in patches throat fever wasting contacts,Infectious
feeling pain back of loss neck weakness balance dizziness pain limbs in,Neurology
i have cold thyroid and menstruation nails feets puffy hands face eyes brittle and abnormal fatigue enlarged weight lethargy extremeties mood depression irritability gain swings swollen dizziness,Endocrinology
having in limbs weakness loss pain balance of neck dizziness,Neurology
feeling disturbances visual indigestion neck irritability vision stiff and acidity distorted excessive hunger depression blurred,Neurology
i am having pain vomiting chest breathlessness,Cardiology
i have runny cough pressure of pain nodes swelled fever throat headache fatigue sinus phlegm congestion of loss sneezing eyes smell lymph muscle irritation chest high continuous pain nose redness chills,Pulmonology
having look constipation chills pain fever pain headache toxic vomiting fatigue nausea diarrhoea high abdominal belly (typhos),Infectious
suffering from sweating vision and speech anxiety irritability nausea blurred headache fatigue hunger palpitations excessive vomiting distorted slurred,Endocrinology
experiencing sunken eyes diarrhoea vomiting,Gastroenterology
i am having excessive anxiety speech vision and and irritability fatigue palpitations drying vomiting lips blurred tingling sweating nausea hunger slurred distorted,Endocrinology
having balance loss headache nausea spinning movements unsteadiness of,
having over itching fatigue of lymph skin loss appetite swelled fever rash nodes malaise red body fever spots mild lethargy high,Infectious
i have bladder feel burning smell urine micturition of continuous foul urine of discomfort,Urology
i feel breathlessness chest pain sweating vomiting lately,Cardiology
feeling of high eyes loss fever liver pain of abdominal bleeding stomach acute fatigue coma dark appetite skin failure nausea urine yellowish vomiting yellowing,Gastroenterology
my main issue is swelling joint knee walking neck painful pain pain joints pain hip joint pain,Orthopedics
feeling cough sputum family fatigue fever history breathlessness mucoid high,Pulmonology
experiencing diarrhoea sunken dehydration eyes,Gastroenterology
feeling unsteadiness headache balance loss spinning nausea vomiting of movements,
having neck in weakness dizziness loss pain balance limbs of,Neurology
i am having and and irritability vision fatigue palpitations speech distorted vomiting slurred anxiety tingling excessive drying hunger headache sweating blurred lips nausea,Endocrinology
feeling skin itching high weight urine fever pain abdominal loss yellowish dark fatigue,Gastroenterology
dealing with yellowish vomiting fever joint pain appetite pain diarrhoea dark yellowing abdominal muscle eyes nausea pain urine skin loss mild of of,Gastroenterology
i am having chest phlegm sputum heart chills cough malaise fatigue rusty pain rate breathlessness fever sweating high fast,Pulmonology
dealing with dischromic patches skin itching rash skin nodal eruptions,Dermatology
i feel vomiting loss balance of unsteadiness nausea spinning headache movements lately,
i am having skin skin patches rash eruptions dischromic nodal,Dermatology
having fatigue high headache mild skin malaise fever swelled over body rash loss spots appetite lymph lethargy of red itching nodes fever,Infectious
experiencing skin nodal eruptions skin itching rash patches dischromic,Dermatology
i have of alcohol stomach overload skin of abdomen yellowish of consumption vomiting abdominal fluid pain swelling distention history,Gastroenterology
having sore around blister yellow nose skin ooze red crust rash,Dermatology
i have continuous smell redness pain nose congestion fatigue malaise headache nodes lymph muscle runny high pressure eyes fever phlegm chest chills throat cough sneezing pain swelled loss of sinus irritation of,Pulmonology
having pain sweating heart chest chills fever sputum phlegm breathlessness fast malaise high rate fatigue cough rusty,Pulmonology
dealing with chills sweating malaise heart fever chest sputum pain rusty breathlessness fast fatigue high cough rate phlegm,Pulmonology
suffering from skin mild pain yellowish eyes appetite of pain abdominal muscle loss fever joint of urine vomiting yellowing dark pain nausea,Gastroenterology
feeling dark of yellowish of pain pain loss vomiting joint nausea fever urine muscle yellowing abdominal mild eyes appetite diarrhoea skin pain,Gastroenterology
my main issue is malaise sweating fast pain phlegm sputum heart breathlessness rusty high chills fever fatigue rate cough chest,Pulmonology
experiencing loss nose swelled sinus sneezing of pain continuous fatigue malaise phlegm pain congestion runny high irritation smell redness fever chills lymph throat pressure eyes cough chest nodes muscle of,Pulmonology
i feel fever diarrhoea vomiting pain yellowing of joint abdominal yellowish of urine loss eyes muscle pain nausea dark skin pain mild appetite lately,Gastroenterology
suffering from look constipation toxic fever nausea fatigue diarrhoea pain pain belly chills headache vomiting (typhos) high abdominal,Infectious
i think it's high lethargy spots fever fatigue over body fever skin of rash itching appetite red malaise loss mild headache,Infectious
i think it's balance of headache spinning movements loss nausea vomiting unsteadiness,
i feel cough pain heart phlegm fatigue malaise chest rusty sweating chills breathlessness rate sputum fast lately,Pulmonology
suffering from yellowish fatigue skin fever weight loss dark high urine vomiting itching,Gastroenterology
i feel urine transfusion of pain lethargy loss of appetite itching yellow eyes malaise dark receiving urine abdominal blood unsterile injections fatigue yellowing receiving lately,Gastroenterology
my main issue is slurred speech sweating fatigue excessive and palpitations lips vomiting vision anxiety headache blurred and tingling irritability drying distorted hunger nausea,Endocrinology
i am having loss spinning nausea of movements vomiting headache balance unsteadiness,
dealing with vomiting coma appetite fatigue dark abdominal acute liver bleeding skin pain yellowish loss fever yellowing of joint nausea pain of eyes high urine stomach failure,Gastroenterology
my main issue is fatigue bruising on obesity legs veins cramps calf prominent swollen,Cardiology
i think it's slurred headache speech distorted lips and irritability blurred vision nausea anxiety vomiting fatigue tingling and sweating palpitations excessive hunger drying,Endocrinology
suffering from weakness dizziness limbs of balance back loss pain neck pain in,Neurology
suffering from pain vomiting tongue stomach acidity cough pain on chest ulcers,Gastroenterology
suffering from eyes watering shivering chills from,Dermatology
i am having sweating pain vomiting headache nausea diarrhoea muscle high fever,Infectious
i have spotting pain burning urination skin itching micturition stomach rash,Dermatology
having distention overload yellowish of fluid stomach of abdomen skin vomiting swelling pain abdominal,Gastroenterology
experiencing of nausea yellowish appetite yellowing skin family of loss eyes history,Gastroenterology
i think it's restlessness weight abnormal mood heart fast loss fatigue swings rate muscle irritability sweating menstruation diarrhoea weakness,Endocrinology
suffering from eyes of nausea family history skin fatigue yellowing yellowish,Gastroenterology
my main issue is loss unsteadiness balance movements nausea headache vomiting of spinning,
i feel weakness body headache altered side of sensorium one vomiting lately,Neurology
suffering from and neck disturbances excessive irritability depression acidity headache blurred indigestion stiff distorted vision visual hunger,Neurology
suffering from acidity pain tongue ulcers pain on chest cough stomach,Gastroenterology
my main issue is eyes dark joint diarrhoea of muscle abdominal yellowing of yellowish nausea skin pain appetite urine mild vomiting pain loss fever pain,Gastroenterology
my main issue is sputum mucoid history cough fatigue family high breathlessness fever,Pulmonology
i think it's eyes diarrhoea dehydration sunken,Gastroenterology
my main issue is pain skin red chills behind pain malaise loss body of pain joint fever nausea over appetite eyes the muscle rash back high spots pain headache vomiting,Infectious
feeling abdomen consumption distention vomiting abdominal skin of swelling yellowish of history pain stomach alcohol of,Gastroenterology
dealing with pain sweating breathlessness chest vomiting,Cardiology
experiencing spots body lymph lethargy high appetite nodes red headache of malaise itching mild fatigue fever fever loss swelled over,Infectious
dealing with of foul discomfort feel urine bladder smell continuous of urine,Urology
feeling vision neck blurred visual stiff hunger indigestion disturbances headache and acidity irritability excessive depression distorted,Neurology
i think it's fever cough mucoid breathlessness fatigue history family high sputum,Pulmonology
suffering from lymph smell sneezing redness irritation pressure continuous cough malaise of congestion phlegm of chills swelled runny pain fatigue eyes fever nose nodes sinus muscle throat high pain chest headache loss,Pulmonology
i think it's patches high throat muscle in fever wasting,Infectious
having bruising obesity prominent fatigue swollen cramps legs swollen blood vessels calf veins on,Cardiology
i feel nose blister sore around red crust skin rash ooze yellow lately,Dermatology
feeling vomiting joint of pain urine fatigue pain appetite bleeding loss dark fever nausea coma liver eyes yellowing stomach acute of abdominal high failure,Gastroenterology
experiencing nausea of family loss eyes fatigue yellowish history appetite yellowing of skin,Gastroenterology
i feel neck pain joint swelling painful pain knee hip pain joints joint walking pain lately,Orthopedics
suffering from pain headache constipation fever abdominal vomiting toxic fatigue pain belly nausea look chills diarrhoea (typhos) high,Infectious
i think it's rash pimples skin pus blackheads filled scurring,Dermatology
experiencing skin nodal itching skin rash dischromic patches eruptions,Dermatology
experiencing blurred fatigue and drying lips anxiety hunger speech nausea and palpitations slurred headache vomiting distorted vision irritability excessive tingling,Endocrinology
having dark abdominal muscle diarrhoea yellowing yellowish vomiting of fever loss mild appetite urine of nausea skin joint pain pain eyes pain,Gastroenterology
i feel pain swelling joint joint painful walking hip joints neck pain pain lately,Orthopedics
my main issue is eruptions dischromic skin itching rash nodal skin patches,Dermatology
having ulcers chest pain tongue cough stomach vomiting pain on,Gastroenterology
my main issue is sneezing chills from shivering watering continuous eyes,Dermatology
i think it's nails peeling rash inflammatory joint nails in silver pain dents skin skin like dusting small,Dermatology
i am having pain fatigue pain red rash back chills vomiting eyes high pain of fever skin body appetite spots joint behind headache the pain nausea muscle over loss malaise,Infectious
experiencing itching weight abdominal vomiting fatigue yellowish dark skin pain urine loss,Gastroenterology
i think it's skin skin dents inflammatory peeling dusting silver rash in pain like nails small joint nails,Dermatology
having chills fatigue vomiting toxic pain high (typhos) abdominal constipation look pain diarrhoea nausea belly headache fever,Infectious
i think it's red fatigue appetite swelled itching rash fever skin spots malaise loss mild lymph fever body lethargy high over of headache nodes,Infectious
experiencing coma skin yellowing fatigue of vomiting appetite loss bleeding pain abdominal nausea pain yellowish eyes joint of fever stomach urine dark high,Gastroenterology
feeling continuous watering eyes from sneezing shivering,Dermatology
i am having side of vomiting sensorium weakness body altered one,Neurology
experiencing stomach pain spotting urination itching skin rash,Dermatology
dealing with muscle fever high nausea sweating pain diarrhoea chills headache,Infectious
i feel appetite internal of pain vomiting loss passage itching of gases abdominal indigestion lately,Gastroenterology
my main issue is stomach tongue cough chest pain pain acidity ulcers on,Gastroenterology
dealing with neck pain joint joint swelling joints walking pain painful pain knee hip pain,Orthopedics
i have swelling walking weakness stiffness neck muscle joints stiff painful movement,Orthopedics
having urine abdominal joint nausea yellowish vomiting dark pain fatigue pain of skin yellowing eyes,Gastroenterology
i feel pain like dusting nails peeling dents in silver joint skin small rash inflammatory nails skin lately,Dermatology
experiencing dehydration diarrhoea vomiting,Gastroenterology
feeling vomiting body sensorium weakness side of headache altered one,Neurology
i feel small inflammatory skin in skin pain nails dusting rash joint peeling silver like nails dents lately,Dermatology
i have fever chills pain vomiting diarrhoea high headache muscle nausea sweating,Infectious
i think it's of yellowish history loss fatigue nausea skin of family yellowing eyes appetite,Gastroenterology
i feel rash skin pus blackheads pimples filled scurring lately,Dermatology
dealing with vomiting pain high chills nausea sweating diarrhoea muscle fever headache,Infectious
dealing with small peeling inflammatory skin skin nails nails like rash in dusting dents silver,Dermatology
i think it's family of fatigue yellowing loss eyes history appetite of nausea,Gastroenterology
i feel abnormal heart diarrhoea muscle hunger swings menstruation irritability rate weakness weight restlessness fast sweating mood excessive fatigue loss lately,Endocrinology
my main issue is smell cough lymph pain malaise congestion nose continuous swelled headache of phlegm muscle eyes of chest runny loss sinus throat pressure nodes pain irritation sneezing fever fatigue redness chills high,Pulmonology
suffering from mild of muscle nausea pain yellowish appetite abdominal pain fever loss diarrhoea of yellowing skin urine vomiting eyes dark,Gastroenterology
i think it's weakness restlessness weight heart abnormal mood muscle fatigue loss fast sweating diarrhoea rate irritability swings menstruation,Endocrinology
i think it's around rash nose yellow fever blister skin crust red high sore ooze,Dermatology
having speech hunger and nausea vision and tingling palpitations irritability blurred distorted fatigue excessive lips slurred vomiting sweating anxiety drying headache,Endocrinology
feeling ulcers cough stomach tongue acidity on vomiting pain,Gastroenterology
having malaise rate chest high rusty fast sputum chills breathlessness pain heart phlegm cough sweating fever,Pulmonology
having lethargy skin lymph appetite over red loss of nodes itching spots fever fever high mild malaise headache swelled fatigue body rash,Infectious
experiencing knee pain joint pain pain neck hip painful joint walking pain,Orthopedics
my main issue is appetite fever yellowing acute of bleeding eyes urine loss high yellowish fatigue failure joint nausea vomiting abdominal skin dark liver pain coma of pain stomach,Gastroenterology
having smell of of feel micturition bladder continuous foul urine urine discomfort burning,Urology
i am having yellowish transfusion yellow urine blood urine injections receiving appetite fatigue unsterile receiving lethargy of skin of dark yellowing eyes loss itching malaise,Gastroenterology
i have burning itching spotting skin micturition rash urination,Dermatology
i am having of indigestion itching of gases passage appetite pain vomiting abdominal internal loss,Gastroenterology
i have limbs pain pain balance weakness of back neck loss in,Neurology
feeling mild loss body red malaise high fever swelled over fatigue of spots lymph itching appetite headache fever nodes lethargy,Infectious
i feel breathlessness chest pain vomiting lately,Cardiology
dealing with joint dark fatigue pain eyes pain appetite nausea loss yellowish of of abdominal skin urine vomiting yellowing,Gastroenterology
dealing with joint nausea of body pain pain skin malaise over loss spots muscle eyes appetite the chills red rash fatigue pain pain back fever behind high vomiting headache,Infectious
my main issue is rash pus pimples skin blackheads scurring filled,Dermatology
my main issue is itching of nodes over high lymph red skin headache fever appetite malaise fever fatigue rash body swelled spots loss mild lethargy,Infectious
suffering from chest vomiting sweating pain,Cardiology
experiencing lethargy fatigue body nodes mild high of spots loss swelled appetite skin fever headache rash fever red lymph malaise over itching,Infectious
i have rash micturition itching pain skin burning stomach,Dermatology
i am having cough headache runny muscle smell sinus congestion sneezing of eyes fatigue nose continuous high fever of malaise pain irritation chest pressure throat redness phlegm loss pain chills,Pulmonology
having around red sore nose yellow crust fever blister ooze high,Dermatology
i have dischromic eruptions nodal skin patches skin rash,Dermatology
dealing with dehydration vomiting sunken eyes diarrhoea,Gastroenterology
experiencing dusting pain skin dents rash in skin joint nails peeling like inflammatory silver small nails,Dermatology
dealing with pain of internal indigestion itching passage gases vomiting abdominal,Gastroenterology
suffering from pimples skin filled pus blackheads rash scurring,Dermatology
experiencing itching of of nausea pain abdominal skin loss yellowish appetite yellowing vomiting eyes,
i have pain abdominal yellowish abdomen stomach overload consumption history distention of vomiting skin fluid swelling of alcohol of,Gastroenterology
dealing with yellowish eyes of skin nausea appetite of family history yellowing fatigue loss,Gastroenterology
my main issue is blackheads rash skin scurring,Dermatology
dealing with pain pain neck joint painful swelling pain knee walking hip pain joint joints,Orthopedics
having of of failure bleeding coma fatigue eyes nausea urine liver joint abdominal appetite skin vomiting fever stomach pain pain dark yellowish acute high yellowing loss,Gastroenterology
i think it's skin mild loss pain appetite vomiting nausea muscle abdominal of pain eyes of diarrhoea joint yellowish yellowing fever pain,Gastroenterology
having wasting marital throat in contacts extra high muscle patches fever,Infectious
suffering from blackheads rash scurring skin filled pus pimples,Dermatology
dealing with internal indigestion of appetite pain abdominal vomiting itching loss,Gastroenterology
i am having nodal dischromic itching eruptions patches skin rash skin,Dermatology
my main issue is abdominal nausea of yellowish vomiting failure loss dark coma pain eyes fever stomach appetite yellowing skin fatigue bleeding urine liver of high acute,Gastroenterology
dealing with sneezing continuous chills shivering,Dermatology
suffering from blurred sweating and tingling vomiting lips irritability hunger slurred headache speech and fatigue anxiety drying distorted palpitations nausea vision excessive,Endocrinology
suffering from dehydration vomiting sunken diarrhoea eyes,Gastroenterology
dealing with headache red skin malaise mild rash lethargy high over fever fever body loss lymph swelled itching nodes spots appetite of,Infectious
i think it's dents small skin dusting peeling pain skin silver joint rash nails in inflammatory nails like,Dermatology
i think it's abdominal nausea yellowing loss yellowish vomiting skin appetite pain of of itching eyes,
feeling sputum chills fatigue pain fast high breathlessness cough phlegm malaise chest rusty heart sweating rate fever,Pulmonology
experiencing urination micturition skin itching burning spotting rash,Dermatology
suffering from pain bleeding abdominal yellowing stomach acute dark eyes appetite of of liver skin failure loss coma high joint urine pain vomiting nausea yellowish fever fatigue,Gastroenterology
i feel urine fatigue high fever itching yellowish abdominal dark loss skin weight vomiting pain lately,Gastroenterology
having cough breathlessness high sputum fatigue family history fever mucoid,Pulmonology
i am having cough sputum fever history family mucoid fatigue breathlessness high,Pulmonology
having vomiting pain nausea dark appetite yellowing urine of loss skin yellowish of abdominal joint pain eyes,Gastroenterology
having side one altered vomiting sensorium body of weakness,Neurology
i think it's bruising calf swollen legs prominent vessels on veins swollen obesity blood fatigue,Cardiology
i am having eyes diarrhoea dehydration sunken vomiting,Gastroenterology
having muscle weakness joints stiff stiffness swelling neck movement,Orthopedics
experiencing continuous sneezing chills shivering,Dermatology
my main issue is abdominal pain eyes nausea joint yellowing vomiting urine dark skin of of pain appetite loss yellowish,Gastroenterology
i am having of abdomen abdominal distention pain skin vomiting overload fluid of swelling yellowish stomach,Gastroenterology
i have fever chills rusty sputum high heart fatigue sweating malaise chest cough pain rate breathlessness fast phlegm,Pulmonology
i have pain chest vomiting breathlessness sweating,Cardiology
feeling vomiting pain stomach on tongue acidity chest cough ulcers pain,Gastroenterology
i think it's of spinning unsteadiness loss nausea balance movements headache vomiting,
my main issue is peeling small inflammatory rash nails pain skin dents skin joint dusting like nails in silver,Dermatology
i have cramps vessels swollen calf veins legs blood swollen on bruising prominent fatigue obesity,Cardiology
i am having appetite nausea diarrhoea skin urine of pain of fever vomiting abdominal muscle loss eyes yellowing pain pain mild dark yellowish joint,Gastroenterology
i am having nodes throat nose pain loss sinus redness cough fatigue malaise pressure muscle lymph continuous congestion eyes sneezing high phlegm headache smell fever swelled runny chest of of irritation pain,Pulmonology
experiencing fatigue of history yellowing family appetite eyes skin of loss yellowish nausea,Gastroenterology
suffering from altered headache sensorium vomiting,Neurology
dealing with swelling stiff muscle stiffness painful movement weakness joints neck walking,Orthopedics
having smell of urine burning of urine continuous foul feel micturition,Urology
experiencing appetite high red lethargy malaise fever rash fever mild nodes of lymph fatigue swelled itching loss skin over body spots,Infectious
i feel high rash blister red nose fever skin around sore lately,Dermatology
suffering from itching abdominal loss eyes appetite yellowing yellowish pain nausea vomiting of skin of,
i have pain pain pain pain hip neck joint walking joints painful swelling joint knee,Orthopedics
suffering from in extra throat contacts patches muscle wasting marital,Infectious
i feel irritability hands puffy brittle and gain nails dizziness eyes enlarged feets fatigue swings cold lethargy weight and extremeties face thyroid swollen abnormal depression mood menstruation lately,Endocrinology
dealing with scurring rash pimples skin pus filled,Dermatology
feeling eyes diarrhoea sunken vomiting dehydration,Gastroenterology
dealing with scurring blackheads rash pus filled skin pimples,Dermatology
i think it's of history of fluid distention vomiting skin abdomen yellowish consumption swelling pain abdominal of stomach overload alcohol,Gastroenterology
i am having skin fatigue receiving pain malaise lethargy yellowing abdominal dark eyes yellowish urine appetite itching loss injections unsterile receiving blood of transfusion of,Gastroenterology
i feel muscle weight menstruation sweating restlessness heart loss hunger weakness irritability mood diarrhoea fast fatigue rate abnormal excessive swings lately,Endocrinology
my main issue is skin stomach of fever dark pain yellowing abdominal appetite pain urine eyes high joint yellowish loss bleeding vomiting nausea coma fatigue of,Gastroenterology
i feel pain vomiting muscle headache chills fever sweating nausea high lately,Infectious
my main issue is of urine smell micturition discomfort feel bladder urine foul continuous burning of,Urology
having spinning headache movements loss balance vomiting unsteadiness of nausea,
experiencing dehydration eyes vomiting sunken diarrhoea,Gastroenterology
i think it's walking movement weakness painful swelling stiffness joints muscle,Orthopedics
suffering from and sweating blurred speech headache nausea and hunger fatigue vision palpitations lips distorted tingling anxiety drying vomiting irritability excessive slurred,Endocrinology
feeling swollen bruising calf cramps veins fatigue on legs swollen prominent obesity blood vessels,Cardiology
i am having stomach swelling of abdomen skin overload vomiting fluid of alcohol yellowish pain consumption history abdominal distention of,Gastroenterology
feeling body pain malaise spots fatigue joint behind vomiting chills nausea high fever red loss muscle pain the over appetite headache pain of eyes pain back,Infectious
feeling extremeties irritability weight cold swollen brittle thyroid nails gain depression lethargy hands enlarged mood swings menstruation dizziness and feets abnormal fatigue,Endocrinology
having vomiting loss yellowish abdominal nausea yellowing of appetite pain eyes of skin,
experiencing yellowish nausea loss yellowing appetite of skin itching pain of abdominal eyes,
i have skin itching dischromic nodal patches eruptions skin rash,Dermatology
i have mucoid history fatigue fever family breathlessness cough high sputum,Pulmonology
i have puffy extremeties cold brittle feets irritability swings fatigue lethargy nails and hands menstruation swollen abnormal gain dizziness and face enlarged eyes mood weight thyroid depression,Endocrinology
feeling vomiting high diarrhoea chills fever headache sweating pain muscle nausea,Infectious
feeling chills watering eyes continuous sneezing shivering from,Dermatology
i feel prominent veins calf on swollen cramps legs fatigue swollen obesity blood vessels bruising lately,Cardiology
dealing with continuous sneezing from watering eyes shivering chills,Dermatology
i think it's indigestion hunger acidity stiff visual vision disturbances blurred depression distorted irritability headache excessive neck and,Neurology
i have history fatigue breathlessness mucoid family cough sputum,Pulmonology
having fatigue fever history high sputum family cough breathlessness mucoid,Pulmonology
having stiff stiffness walking joints neck painful movement muscle weakness swelling,Orthopedics
i have on ulcers vomiting stomach pain acidity cough chest pain tongue,Gastroenterology
having sunken dehydration diarrhoea eyes vomiting,Gastroenterology
dealing with malaise mild body appetite swelled fever fever headache loss of high lethargy lymph red over fatigue spots skin rash itching nodes,Infectious
having itching rash burning urination spotting micturition skin,Dermatology
feeling bleeding fatigue of vomiting fever stomach pain high nausea appetite acute yellowing loss skin abdominal yellowish dark liver urine coma failure eyes of,Gastroenterology
having history appetite nausea family yellowish of loss skin fatigue,Gastroenterology
my main issue is over appetite headache lymph fever spots skin rash malaise of mild loss lethargy nodes fatigue fever body swelled high red itching,Infectious
suffering from headache loss spinning movements vomiting nausea balance of unsteadiness,
my main issue is urine yellowish appetite vomiting nausea abdominal muscle pain of joint dark of mild yellowing loss fever diarrhoea eyes pain pain skin,Gastroenterology
having fatigue abdominal loss vomiting urine weight pain yellowish dark skin itching,Gastroenterology
having burning smell of micturition bladder feel continuous urine urine foul discomfort of,Urology
i have cough pain ulcers chest stomach on tongue vomiting acidity pain,Gastroenterology
experiencing yellowing pain skin yellowish vomiting bleeding liver nausea of dark urine of pain fatigue abdominal stomach failure loss coma high joint appetite eyes acute fever,Gastroenterology
dealing with diarrhoea muscle sweating nausea chills pain headache vomiting,Infectious
dealing with discomfort bladder of feel urine micturition burning continuous,Urology
suffering from hip painful pain pain joint pain joint joints swelling walking knee,Orthopedics
my main issue is in wasting fever extra patches marital high throat muscle contacts,Infectious
having joint skin like small inflammatory nails pain peeling rash silver in skin dusting nails dents,Dermatology
i have like nails small in pain skin skin dusting peeling nails rash joint inflammatory silver dents,Dermatology
i feel pain skin abdominal alcohol yellowish overload swelling vomiting history of fluid of consumption stomach lately,Gastroenterology
feeling of swelled skin loss high itching fever malaise over rash appetite red lethargy nodes mild fatigue fever lymph spots body,Infectious
i think it's marital muscle throat wasting high in contacts patches fever extra,Infectious
i have loss pain liver of yellowing vomiting high fever fatigue dark coma pain bleeding urine of nausea stomach joint appetite failure yellowish abdominal acute eyes skin,Gastroenterology
my main issue is crust nose high sore fever rash skin red yellow around ooze blister,Dermatology
my main issue is skin pimples blackheads rash filled pus scurring,Dermatology
feeling pain skin receiving of fatigue receiving eyes itching unsterile abdominal lethargy yellowing malaise yellow urine urine yellowish dark injections blood transfusion,Gastroenterology
my main issue is loss yellowish skin yellowing fatigue eyes family of nausea history of appetite,Gastroenterology
dealing with dizziness of in pain limbs balance pain neck back loss weakness,Neurology
i am having loss nausea unsteadiness vomiting balance of headache,
i have ooze nose crust yellow fever red skin high sore around blister rash,Dermatology
dealing with anxiety distorted tingling headache drying vision excessive blurred slurred irritability fatigue speech vomiting and nausea and lips hunger palpitations,Endocrinology
i feel painful swelling stiffness muscle walking weakness joints movement lately,Orthopedics
having foul feel discomfort of of continuous burning bladder urine smell urine micturition,Urology
feeling continuous burning of micturition feel bladder urine discomfort,Urology
i feel muscle stiff painful weakness swelling joints stiffness walking neck movement lately,Orthopedics
my main issue is chest pain on cough pain tongue stomach ulcers vomiting,Gastroenterology
i have diarrhoea (typhos) constipation look fatigue belly chills fever headache pain nausea high pain toxic abdominal vomiting,Infectious
i think it's fatigue abdominal itching yellowish urine fever skin high pain vomiting dark,Gastroenterology
dealing with balance of pain dizziness weakness neck pain in back loss limbs,Neurology
suffering from fatigue body malaise joint nausea pain chills headache behind of fever pain spots pain back pain skin appetite red loss over rash high muscle eyes the,Infectious
dealing with yellowing urine urine injections yellow transfusion malaise fatigue blood of dark unsterile itching receiving eyes pain abdominal appetite receiving lethargy of loss skin yellowish,Gastroenterology
i think it's dark skin urine loss pain vomiting yellowish itching high fever fatigue weight abdominal,Gastroenterology
i have of headache unsteadiness loss vomiting balance nausea,
dealing with sweating breathlessness vomiting pain chest,Cardiology
i think it's yellowish high pain vomiting fatigue urine dark abdominal itching fever skin,Gastroenterology
i am having dizziness back neck pain balance pain of loss,Neurology
experiencing fever pain urine skin abdominal loss yellowish vomiting high weight dark itching fatigue,Gastroenterology
i feel sunken diarrhoea eyes vomiting lately,Gastroenterology
i have prominent veins legs swollen cramps bruising obesity fatigue calf on,Cardiology
experiencing of vomiting stomach swelling abdominal yellowish skin pain history of distention alcohol of abdomen consumption,Gastroenterology
having fatigue receiving pain malaise blood of unsterile of yellowish loss appetite transfusion urine abdominal urine receiving yellowing yellow skin dark injections itching eyes,Gastroenterology
dealing with balance pain loss weakness back neck in pain limbs of,Neurology
i have sweating vomiting chest breathlessness pain,Cardiology
dealing with yellowing yellowish skin appetite nausea loss fatigue of history family eyes of,Gastroenterology
having irritability fatigue heart loss sweating fast weight hunger muscle mood weakness menstruation abnormal swings rate diarrhoea excessive,Endocrinology
i have pain eyes sputum chills phlegm sweating breathlessness of blood swelled weight cough chest malaise loss nodes yellowing of mild in fever appetite lymph high fever fatigue loss,Pulmonology
feeling neck knee painful joint pain hip pain joints pain walking joint pain swelling,Orthopedics
my main issue is on fatigue calf blood bruising legs cramps vessels swollen veins obesity swollen prominent,Cardiology
my main issue is pain vomiting yellowing skin of nausea fatigue of yellowish appetite loss abdominal joint eyes pain,Gastroenterology
having foul bladder burning continuous discomfort smell urine of feel micturition of urine,Urology
i am having contacts patches fever extra high wasting in marital throat muscle,Infectious
feeling appetite abdominal pain skin pain of fatigue joint urine nausea vomiting dark yellowish loss,Gastroenterology
having pressure nodes pain loss throat chills nose chest smell muscle fever phlegm fatigue malaise pain swelled eyes irritation lymph continuous of high cough sinus runny redness congestion sneezing of,Pulmonology
my main issue is heart fatigue sweating abnormal rate swings irritability mood diarrhoea fast excessive weakness menstruation hunger muscle restlessness,Endocrinology
i think it's blood loss fatigue urine transfusion dark unsterile yellowish eyes itching yellowing abdominal receiving of lethargy yellow urine of appetite pain injections skin receiving malaise,Gastroenterology
suffering from marital throat fever contacts patches high extra in,Infectious
dealing with appetite loss of skin of vomiting yellowing abdominal yellowish eyes itching nausea pain,
i have urine pain eyes vomiting diarrhoea of of muscle pain loss appetite yellowish pain fever dark skin mild nausea joint abdominal yellowing,Gastroenterology
dealing with nausea fever headache chills high abdominal look (typhos) fatigue vomiting belly constipation toxic pain pain,Infectious
my main issue is micturition spotting stomach skin pain burning itching rash urination,Dermatology
suffering from malaise fatigue spots eyes pain vomiting pain loss behind joint red appetite nausea rash pain high over muscle chills skin back headache body pain fever the of,Infectious
my main issue is diarrhoea pain loss abdominal vomiting of of muscle fever skin pain mild appetite urine dark nausea eyes joint pain yellowish yellowing,Gastroenterology
i feel chest acidity vomiting pain stomach cough pain lately,Gastroenterology
dealing with loss weakness neck pain dizziness of in limbs pain balance back,Neurology
experiencing fatigue sputum breathlessness fever high cough mucoid,Pulmonology
dealing with fast rate restlessness heart diarrhoea swings irritability sweating mood abnormal excessive hunger muscle fatigue menstruation weakness,Endocrinology
i feel chest vomiting ulcers tongue pain cough on pain stomach lately,Gastroenterology
having side weakness sensorium headache altered body of one,Neurology
i have fatigue skin joint pain yellowish urine of vomiting of loss dark nausea eyes appetite yellowing,Gastroenterology
dealing with headache distorted excessive acidity hunger stiff disturbances blurred vision visual neck irritability indigestion depression and,Neurology
dealing with alcohol abdominal abdomen fluid vomiting of yellowish pain history overload consumption stomach swelling of distention skin of,Gastroenterology
feeling prominent legs swollen fatigue calf on vessels blood bruising cramps veins obesity swollen,Cardiology
feeling high (typhos) chills vomiting diarrhoea abdominal fatigue pain headache look nausea fever toxic constipation pain belly,Infectious
having overload abdominal of of of pain distention abdomen stomach yellowish vomiting alcohol history swelling fluid consumption skin,Gastroenterology
i am having rash stomach spotting urination pain skin micturition burning,Dermatology
experiencing pain inflammatory skin dusting rash like peeling in dents nails skin joint small nails silver,Dermatology
i have diarrhoea fatigue swings restlessness sweating irritability hunger abnormal weakness fast rate heart menstruation muscle excessive mood,Endocrinology
i have watering shivering eyes continuous sneezing chills from,Dermatology
experiencing in eyes nodes lymph loss sweating fatigue yellowing swelled weight of pain of high loss fever sputum blood mild vomiting breathlessness malaise chest cough fever phlegm chills appetite,Pulmonology
having dark loss eyes yellowing mild pain of appetite skin vomiting muscle fever pain of urine pain diarrhoea joint yellowish abdominal,Gastroenterology
i am having altered headache of body sensorium vomiting weakness one side,Neurology
feeling pain appetite headache spots pain eyes fever behind rash pain nausea red chills loss back high pain vomiting the over skin malaise fatigue joint body muscle of,Infectious
having weakness of loss neck pain balance pain in limbs back dizziness,Neurology
feeling feel urine smell urine burning discomfort bladder continuous foul micturition of of,Urology
having fever fatigue family high breathlessness cough sputum mucoid history,Pulmonology
i am having on blood swollen calf veins swollen prominent bruising obesity vessels legs cramps fatigue,Cardiology
i am having passage gases of vomiting of itching appetite loss abdominal internal pain,Gastroenterology
feeling loss nausea appetite history fatigue skin yellowish of family,Gastroenterology
suffering from urine pain dark abdominal of yellowing skin appetite vomiting yellowish of joint pain eyes fatigue nausea loss,Gastroenterology
dealing with from shivering eyes continuous sneezing chills watering,Dermatology
suffering from diarrhoea pain pain vomiting chills headache constipation fever toxic abdominal fatigue high look (typhos) nausea belly,Infectious
experiencing of pain receiving itching injections malaise loss blood transfusion fatigue of urine yellow receiving abdominal skin unsterile yellowish urine appetite yellowing eyes dark,Gastroenterology
experiencing vomiting high chills muscle nausea pain diarrhoea fever sweating headache,Infectious
feeling pimples skin scurring rash filled pus blackheads,Dermatology
experiencing extra patches throat high fever in contacts marital muscle wasting,Infectious
i think it's chest cough malaise of loss fever blood pain nodes fever in eyes yellowing lymph fatigue breathlessness weight chills mild sputum swelled loss phlegm high vomiting appetite of,Pulmonology
i feel prominent obesity veins cramps on fatigue calf swollen vessels legs blood swollen bruising lately,Cardiology
suffering from dehydration eyes vomiting diarrhoea sunken,Gastroenterology
feeling over lethargy mild itching of spots headache fatigue red fever loss skin appetite malaise rash nodes lymph body swelled,Infectious
my main issue is pain dizziness balance limbs loss pain in back neck weakness of,Neurology
having stiff excessive depression hunger visual vision acidity blurred distorted indigestion irritability and neck headache disturbances,Neurology
experiencing skin rash itching skin dischromic nodal eruptions patches,Dermatology
experiencing dark malaise skin unsterile eyes fatigue urine abdominal yellowing blood of transfusion yellowish lethargy pain injections receiving itching urine yellow receiving,Gastroenterology
i feel skin in skin dusting peeling nails joint silver dents rash inflammatory like nails pain small lately,Dermatology
i am having vomiting diarrhoea eyes sunken dehydration,Gastroenterology
i am having pain skin joint dark pain of appetite of urine yellowish yellowing loss fatigue eyes abdominal vomiting,Gastroenterology
my main issue is diarrhoea nausea sweating chills pain high fever headache muscle vomiting,Infectious
my main issue is breathlessness sweating chest pain,Cardiology
experiencing ulcers pain tongue chest pain vomiting on cough stomach acidity,Gastroenterology
i am having tongue vomiting cough ulcers acidity chest stomach pain pain on,Gastroenterology
i am having rash crust yellow nose blister red fever skin ooze sore around high,Dermatology
i am having of spinning unsteadiness vomiting balance nausea movements headache loss,
feeling around sore blister nose skin red high rash fever,Dermatology
i have diarrhoea pain vomiting yellowing eyes fever pain mild abdominal appetite of of urine yellowish joint skin nausea dark pain loss muscle,Gastroenterology
feeling dark stomach loss acute urine fever appetite nausea eyes yellowish abdominal liver vomiting bleeding of pain failure skin high of yellowing joint coma pain fatigue,Gastroenterology
i feel itching pain vomiting yellowish skin of abdominal yellowing eyes nausea lately,
my main issue is yellowish family skin eyes appetite of loss of nausea history fatigue yellowing,Gastroenterology
suffering from itching appetite skin eyes of loss nausea yellowish yellowing of vomiting,
experiencing vomiting diarrhoea dehydration,Gastroenterology
i think it's high malaise fever over pain muscle eyes rash skin vomiting loss behind of body fatigue chills nausea joint red the pain spots pain back pain headache appetite,Infectious
i think it's failure nausea fever dark vomiting yellowish acute yellowing of pain bleeding liver fatigue pain loss stomach abdominal coma appetite high of skin urine eyes joint,Gastroenterology
feeling itching passage abdominal of appetite gases pain vomiting of loss internal indigestion,Gastroenterology
i feel headache nausea sweating muscle fever pain high diarrhoea chills lately,Infectious
dealing with history yellowing eyes of fatigue yellowish family appetite skin loss nausea of,Gastroenterology
having itching pain appetite loss of nausea skin vomiting yellowish abdominal,
feeling loss nausea acute stomach high fever skin pain coma failure yellowing of dark bleeding eyes pain appetite abdominal urine liver yellowish of joint fatigue,Gastroenterology
feeling history abdomen of pain fluid alcohol of of consumption distention abdominal overload vomiting stomach swelling,Gastroenterology
i feel pain stomach ulcers pain cough vomiting tongue chest acidity on lately,Gastroenterology
my main issue is swollen bruising swollen obesity legs vessels fatigue blood cramps,Cardiology
my main issue is urination micturition burning spotting stomach itching rash pain skin,Dermatology
experiencing yellowing of itching abdominal loss eyes yellowish appetite vomiting pain nausea of skin,
experiencing pimples filled rash pus skin blackheads scurring,Dermatology
i am having vomiting dehydration diarrhoea eyes sunken,Gastroenterology
having abdominal fatigue high pain toxic fever constipation (typhos) belly chills nausea pain diarrhoea look headache,Infectious
i think it's urine bleeding eyes loss of skin vomiting fever pain of stomach high nausea dark abdominal failure acute pain appetite coma yellowish yellowing liver joint,Gastroenterology
having unsteadiness loss spinning headache movements of vomiting balance nausea,
my main issue is sweating lips nausea anxiety drying irritability tingling slurred and vomiting palpitations headache distorted hunger excessive and speech blurred vision fatigue,Endocrinology
i am having tongue pain ulcers chest cough stomach on acidity pain vomiting,Gastroenterology
i think it's pain swelling joints knee walking pain hip joint pain pain painful neck joint,Orthopedics
my main issue is vomiting consumption abdominal fluid pain distention alcohol swelling overload skin abdomen stomach of history of yellowish of,Gastroenterology
experiencing sensorium of body altered side weakness headache vomiting one,Neurology
experiencing fever pain urine itching vomiting loss dark weight yellowish abdominal high skin fatigue,Gastroenterology
i feel body fatigue over fever muscle pain vomiting joint skin back chills red appetite loss pain high eyes nausea spots behind rash of pain headache pain the lately,Infectious
having malaise irritation runny pressure sinus pain swelled nodes redness phlegm eyes chills loss fever of sneezing smell high chest lymph pain continuous nose muscle congestion fatigue headache of cough throat,Pulmonology
feeling of appetite pain eyes itching of nausea abdominal yellowing loss vomiting,
i think it's of nausea of history eyes loss fatigue appetite yellowish yellowing family skin,Gastroenterology
having sweating blurred vision hunger and and excessive anxiety headache tingling vomiting palpitations drying speech nausea lips irritability distorted slurred fatigue,Endocrinology
my main issue is muscle headache vomiting sweating chills high fever nausea pain,Infectious
i think it's high vomiting muscle nausea pain headache diarrhoea chills sweating fever,Infectious
i am having chest acidity stomach ulcers pain on tongue cough pain vomiting,Gastroenterology
having nausea rash appetite fatigue joint loss the body muscle eyes chills pain red spots behind headache over pain of vomiting pain skin malaise back pain,Infectious
i think it's eruptions itching patches nodal skin dischromic,Dermatology
dealing with joint vomiting yellowing fever muscle eyes yellowish diarrhoea of pain loss abdominal urine nausea of mild pain appetite pain dark skin,Gastroenterology
i think it's appetite joint fatigue pain nausea dark pain yellowish of urine abdominal loss vomiting skin,Gastroenterology
my main issue is fever breathlessness high history fatigue sputum mucoid family,Pulmonology
suffering from continuous sneezing eyes chills watering shivering from,Dermatology
having skin blackheads rash filled scurring pimples pus,Dermatology
experiencing mucoid high fatigue breathlessness sputum history fever cough family,Pulmonology
i am having dehydration diarrhoea vomiting eyes sunken,Gastroenterology
having phlegm chills malaise sputum heart sweating rate cough pain chest breathlessness rusty fast fatigue,Pulmonology
experiencing sneezing continuous shivering eyes from watering,Dermatology
having hands and brittle extremeties swings swollen puffy and dizziness irritability face nails weight eyes thyroid abnormal cold lethargy mood enlarged feets gain depression menstruation,Endocrinology
my main issue is acidity stomach chest tongue on vomiting ulcers pain pain,Gastroenterology
i think it's dischromic rash eruptions skin itching skin patches nodal,Dermatology
suffering from micturition feel urine bladder continuous burning urine foul of of discomfort smell,Urology
feeling gases loss passage itching appetite of of pain internal abdominal vomiting,Gastroenterology
i have calf on veins fatigue obesity blood swollen prominent cramps bruising vessels,Cardiology
feeling chills eyes watering from shivering,Dermatology
i am having acidity chest tongue pain pain on vomiting ulcers cough stomach,Gastroenterology
feeling dehydration vomiting sunken eyes diarrhoea,Gastroenterology
i feel breathlessness vomiting pain sweating chest lately,Cardiology
feeling cough rusty breathlessness rate heart chills sputum fatigue fast fever high sweating malaise pain chest phlegm,Pulmonology
i feel depression hands lethargy face irritability abnormal dizziness cold and extremeties enlarged eyes swollen fatigue puffy nails thyroid weight feets and gain menstruation brittle swings mood lately,Endocrinology
i think it's patches throat high fever in muscle wasting,Infectious
suffering from sweating muscle abnormal restlessness hunger fast weakness swings irritability diarrhoea mood weight excessive rate menstruation fatigue heart loss,Endocrinology
experiencing fever cough high of nodes continuous sinus fatigue irritation runny congestion pain pain throat smell headache chills loss of phlegm chest nose sneezing redness eyes swelled lymph pressure muscle,Pulmonology
suffering from fever weight urine skin yellowish loss high pain itching abdominal vomiting dark,Gastroenterology
feeling loss abdominal of receiving eyes yellowing blood receiving yellow unsterile injections urine pain transfusion skin lethargy itching malaise appetite yellowish of dark fatigue urine,Gastroenterology
dealing with mucoid history fever sputum high family fatigue cough breathlessness,Pulmonology
dealing with eyes sunken diarrhoea vomiting,Gastroenterology
i think it's eyes shivering chills from watering,Dermatology
feeling prominent cramps vessels fatigue swollen swollen blood obesity on calf veins legs bruising,Cardiology
i am having skin sore red rash crust yellow around nose blister ooze,Dermatology
i think it's filled scurring pimples pus skin rash,Dermatology
i feel weakness walking stiff swelling painful muscle joints neck lately,Orthopedics
having high urine yellowish pain vomiting fever skin loss dark fatigue itching abdominal weight,Gastroenterology
feeling loss receiving lethargy pain fatigue itching dark transfusion yellow unsterile of of injections malaise yellowing urine urine appetite abdominal blood eyes receiving,Gastroenterology
i think it's painful muscle weakness stiffness walking joints swelling movement,Orthopedics
dealing with stomach burning itching pain spotting urination micturition,Dermatology
feeling spots skin appetite pain pain muscle over of rash body red joint headache high the vomiting pain malaise nausea fever chills behind fatigue loss back eyes pain,Infectious
i have pain joint fever bleeding abdominal high dark fatigue appetite failure yellowish urine yellowing stomach eyes acute coma nausea liver pain vomiting loss of of skin,Gastroenterology
experiencing yellowing dark yellowish nausea appetite loss of skin eyes of fatigue urine pain vomiting joint,Gastroenterology
having thyroid irritability swollen dizziness hands feets depression brittle cold weight menstruation extremeties and fatigue abnormal face nails puffy mood lethargy gain eyes swings and enlarged,Endocrinology
i think it's bladder discomfort of urine feel smell micturition urine continuous of burning foul,Urology
feeling movements balance unsteadiness of loss headache vomiting spinning,
dealing with abdominal dark of pain loss joint nausea vomiting urine yellowing skin of eyes yellowish appetite pain,Gastroenterology
i think it's body itching lethargy nodes high fever mild skin spots lymph headache over malaise of appetite loss red rash swelled fatigue fever,Infectious
dealing with sneezing continuous chills shivering,Dermatology
suffering from limbs in balance loss neck pain back weakness of pain dizziness,Neurology
dealing with fatigue eyes family skin nausea appetite yellowing yellowish history loss of of,Gastroenterology
i think it's stiffness painful walking joints stiff neck movement weakness muscle swelling,Orthopedics
i think it's stiff muscle neck stiffness walking painful movement weakness,Orthopedics
i am having abdominal gases vomiting itching of pain passage internal indigestion,Gastroenterology
i think it's loss rate menstruation heart excessive muscle weakness diarrhoea restlessness swings mood hunger irritability weight sweating fast abnormal,Endocrinology
suffering from spinning headache vomiting loss balance nausea unsteadiness movements of,
experiencing lymph skin over spots body red nodes rash loss of headache appetite fever swelled malaise lethargy itching mild fatigue,Infectious
i have breathlessness cough chills heart pain fever chest high rusty phlegm sweating malaise fatigue fast rate sputum,Pulmonology
feeling headache diarrhoea high muscle fever nausea vomiting pain sweating,Infectious
having altered weakness body of one side headache vomiting sensorium,Neurology
i am having on stomach pain tongue vomiting ulcers cough acidity,Gastroenterology
i have pain rash red the chills body muscle high loss spots vomiting fatigue pain over appetite pain joint back headache behind of eyes nausea pain skin fever,Infectious
feeling stomach tongue pain on pain vomiting chest acidity ulcers cough,Gastroenterology
dealing with pain fever red pain appetite over body of skin behind muscle joint chills fatigue high pain pain nausea vomiting malaise headache the loss eyes spots back rash,Infectious
having unsteadiness nausea headache balance loss of vomiting,
feeling redness nodes irritation cough sinus chills pain of eyes throat swelled fatigue fever pain muscle sneezing of loss nose phlegm chest high lymph runny congestion headache malaise continuous smell pressure,Pulmonology
experiencing excessive and headache neck indigestion distorted stiff blurred acidity visual irritability disturbances hunger depression vision,Neurology
i think it's sweating vomiting breathlessness,Cardiology
my main issue is drying vomiting lips and blurred and hunger excessive fatigue irritability slurred tingling sweating headache nausea anxiety speech distorted vision palpitations,Endocrinology
feeling stomach rash itching micturition pain burning urination spotting skin,Dermatology
experiencing rusty chills heart sputum chest fever fast breathlessness cough malaise high sweating rate fatigue phlegm pain,Pulmonology
dealing with cramps blood obesity fatigue legs on calf veins swollen bruising swollen prominent vessels,Cardiology
i am having pain joint neck knee walking pain painful hip joint pain pain,Orthopedics
my main issue is rash skin skin pain dusting small dents joint peeling nails silver in like,Dermatology
feeling pain fever muscle congestion chest lymph of pain nose of smell headache throat sinus sneezing continuous loss pressure runny irritation high eyes chills phlegm malaise cough nodes swelled redness,Pulmonology
dealing with pain pain joints hip pain joint neck knee joint swelling pain,Orthopedics
dealing with indigestion headache acidity distorted excessive visual blurred depression and disturbances vision irritability hunger,Neurology
i feel pain sweating high diarrhoea headache muscle nausea fever vomiting chills lately,Infectious
dealing with nausea appetite of loss eyes skin fatigue of yellowish yellowing,Gastroenterology
suffering from swings depression thyroid swollen eyes fatigue face gain menstruation enlarged and abnormal dizziness extremeties puffy brittle and cold irritability hands nails mood lethargy feets weight,Endocrinology
i have vomiting loss of passage internal appetite of abdominal pain gases itching,Gastroenterology
i think it's sneezing continuous chills shivering,Dermatology
experiencing swelling of of overload vomiting of consumption distention skin history fluid abdominal yellowish alcohol pain abdomen stomach,Gastroenterology
i have the chills appetite over behind skin rash muscle nausea fever of malaise pain eyes high fatigue back pain headache spots pain body red pain loss joint,Infectious
i think it's dizziness feets and and nails brittle hands eyes thyroid irritability menstruation puffy swings lethargy mood cold abnormal fatigue face enlarged extremeties swollen depression,Endocrinology
experiencing yellowish loss appetite vomiting urine joint of dark nausea yellowing fatigue of pain skin abdominal pain eyes,Gastroenterology
dealing with breathlessness fatigue chest fast heart rate malaise chills cough pain sweating fever high rusty sputum,Pulmonology
feeling loss excessive abnormal swings irritability hunger muscle weakness mood diarrhoea fatigue menstruation restlessness fast rate sweating weight heart,Endocrinology
i am having headache fatigue pain constipation fever high pain nausea abdominal belly diarrhoea chills vomiting,Infectious
suffering from of bladder smell feel foul urine of urine continuous discomfort,Urology
experiencing hip pain knee walking pain painful pain neck joints joint joint pain swelling,Orthopedics
i feel over body malaise eyes pain fever muscle joint vomiting headache pain the spots pain of red high pain skin fatigue behind rash nausea back appetite chills loss lately,Infectious
experiencing rash red yellow skin high ooze sore blister nose crust around fever,Dermatology
dealing with irritability vomiting nausea tingling lips sweating speech fatigue anxiety hunger headache slurred palpitations drying excessive and,Endocrinology
i think it's abdominal pain loss nausea of of vomiting yellowish skin yellowing appetite itching eyes,
dealing with from watering shivering chills eyes,Dermatology
i think it's spinning balance vomiting loss unsteadiness headache of nausea movements,
my main issue is (typhos) look fever belly diarrhoea nausea pain pain constipation chills toxic high fatigue abdominal vomiting,Infectious
i have swollen calf obesity legs fatigue prominent cramps on blood swollen veins vessels bruising,Cardiology
i am having nose red blister skin fever sore crust around rash ooze high yellow,Dermatology
my main issue is in joint nails silver skin rash like dusting small skin inflammatory pain peeling nails dents,Dermatology
experiencing abdominal pain lethargy loss eyes appetite injections of skin dark transfusion itching yellowing unsterile yellow receiving urine of urine fatigue blood yellowish malaise receiving,Gastroenterology
dealing with like dents dusting skin inflammatory in skin nails rash small peeling nails silver,Dermatology
dealing with ulcers pain acidity stomach chest pain tongue cough on vomiting,Gastroenterology
i have yellow unsterile pain yellowing receiving eyes appetite transfusion of injections receiving skin fatigue yellowish of dark lethargy blood malaise urine abdominal loss urine,Gastroenterology
i feel swelling joint knee pain painful pain joints pain pain neck walking joint hip lately,Orthopedics
my main issue is nausea yellowing family history skin appetite of yellowish fatigue eyes loss of,Gastroenterology
my main issue is internal itching vomiting indigestion gases of passage pain abdominal,Gastroenterology
dealing with acidity tongue chest on cough stomach vomiting ulcers pain pain,Gastroenterology
i have tingling sweating distorted palpitations headache anxiety vomiting fatigue drying hunger excessive speech and blurred and lips irritability nausea slurred vision,Endocrinology
i feel skin pain nails in silver inflammatory peeling joint dents nails like dusting small rash skin lately,Dermatology
suffering from unsteadiness headache vomiting nausea balance of loss,
i feel eyes dehydration sunken diarrhoea vomiting lately,Gastroenterology
experiencing fever diarrhoea high constipation look pain fatigue vomiting nausea chills pain toxic headache belly (typhos) abdominal,Infectious
having rash skin itching spotting burning urination micturition,Dermatology
experiencing skin rash patches itching nodal dischromic eruptions skin,Dermatology
experiencing chest mild nodes of breathlessness malaise yellowing swelled loss sputum chills cough fever phlegm of loss sweating fever appetite eyes weight pain vomiting blood high in lymph,Pulmonology
dealing with stiffness joints weakness painful muscle neck movement walking stiff swelling,Orthopedics
dealing with cough vomiting stomach chest ulcers pain pain on tongue,Gastroenterology
i feel pain chest acidity tongue cough stomach pain on ulcers vomiting lately,Gastroenterology
dealing with yellowing mild urine vomiting of joint pain pain diarrhoea dark pain appetite muscle eyes nausea fever of loss abdominal,Gastroenterology
my main issue is heart rusty pain phlegm fast high chills cough fever sputum breathlessness sweating malaise fatigue chest rate,Pulmonology
feeling itching skin mild appetite loss malaise fever swelled body over high lethargy red nodes lymph fatigue of spots fever headache rash,Infectious
dealing with family yellowish eyes yellowing nausea loss of of history appetite fatigue skin,Gastroenterology
i am having loss abdominal passage pain gases itching internal vomiting indigestion appetite of of,Gastroenterology
feeling blackheads pimples filled skin rash pus scurring,Dermatology
i feel in marital patches wasting muscle high contacts extra fever throat lately,Infectious
i think it's nodal dischromic skin patches rash eruptions skin,Dermatology
feeling dischromic nodal itching skin skin patches rash eruptions,Dermatology
i am having fever pressure throat redness pain of muscle loss congestion phlegm smell chills high nose sinus pain irritation of fatigue chest runny lymph swelled eyes headache cough sneezing malaise continuous nodes,Pulmonology
having muscle vomiting diarrhoea headache high pain chills fever nausea,Infectious
i think it's throat runny fever chest muscle congestion malaise eyes fatigue irritation smell phlegm high pressure of loss pain sneezing redness sinus chills continuous cough of nose pain headache,Pulmonology
dealing with unsteadiness movements loss of headache balance spinning vomiting,
i feel shivering from chills watering sneezing eyes continuous lately,Dermatology
my main issue is chest rusty malaise high chills sputum rate phlegm heart sweating breathlessness fast cough pain fatigue fever,Pulmonology
dealing with tongue ulcers pain cough vomiting on chest acidity pain stomach,Gastroenterology
i have swings abnormal irritability weight sweating excessive restlessness heart muscle hunger fatigue menstruation loss mood rate weakness fast,Endocrinology
feeling on pain ulcers cough stomach chest vomiting tongue pain acidity,Gastroenterology
i feel unsteadiness loss movements vomiting of balance nausea headache spinning lately,
i am having cramps legs bruising calf fatigue veins swollen obesity on prominent,Cardiology
experiencing skin eyes appetite yellowing nausea pain of abdominal yellowish of urine loss dark joint pain fatigue vomiting,Gastroenterology
suffering from burning micturition itching urination pain spotting stomach,Dermatology
experiencing itching stomach burning micturition urination pain spotting,Dermatology
suffering from fever history sputum mucoid family fatigue cough high breathlessness,Pulmonology
experiencing high yellowish skin fever weight abdominal dark pain vomiting urine itching loss fatigue,Gastroenterology
my main issue is continuous of of bladder feel smell discomfort urine urine foul,Urology
having of passage indigestion itching loss vomiting gases internal abdominal of pain appetite,Gastroenterology
i have fatigue mucoid family breathlessness sputum cough history,Pulmonology
i have mild phlegm chest fever breathlessness cough yellowing fever appetite vomiting weight sweating eyes of lymph pain swelled high fatigue chills malaise blood in of nodes sputum loss loss,Pulmonology
feeling of nausea failure fever stomach vomiting appetite fatigue liver coma pain dark loss joint urine yellowish bleeding pain yellowing eyes abdominal acute high skin of,Gastroenterology
feeling calf veins vessels obesity fatigue bruising prominent swollen swollen cramps on blood legs,Cardiology
having skin peeling nails like pain dusting rash small in dents nails silver skin inflammatory joint,Dermatology
suffering from malaise appetite lymph pain of loss swelled weight nodes high eyes vomiting mild blood chest fever cough sputum chills breathlessness sweating in fever of fatigue yellowing loss phlegm,Pulmonology
i feel muscle walking painful movement neck weakness stiff joints stiffness swelling lately,Orthopedics
i have obesity cramps fatigue prominent calf veins legs on bruising swollen,Cardiology
experiencing unsteadiness headache spinning balance vomiting movements nausea loss of,
having of abdominal joint high nausea dark vomiting loss bleeding coma fever yellowing acute appetite of urine stomach failure pain liver skin yellowish pain eyes,Gastroenterology
i have skin pain of loss appetite yellowish of fatigue eyes yellowing dark vomiting nausea abdominal urine,Gastroenterology
having shivering from watering chills eyes,Dermatology
my main issue is eruptions patches nodal itching dischromic rash skin skin,Dermatology
my main issue is mood hunger fast irritability loss rate abnormal diarrhoea sweating restlessness menstruation muscle excessive weight heart weakness fatigue swings,Endocrinology
dealing with scurring pimples pus filled skin blackheads rash,Dermatology
dealing with chest pain ulcers vomiting on stomach acidity tongue cough pain,Gastroenterology
my main issue is nodes red appetite lymph headache mild malaise lethargy swelled fever of body loss fatigue spots fever skin rash high over itching,Infectious
i think it's ooze rash fever red sore around nose yellow skin blister high crust,Dermatology
dealing with eyes vomiting dehydration diarrhoea sunken,Gastroenterology
i feel stomach micturition skin rash itching urination burning spotting pain lately,Dermatology
i have heart sweating chills fast breathlessness pain chest rate fever high cough fatigue rusty phlegm sputum malaise,Pulmonology
my main issue is rusty pain chills breathlessness heart fast chest cough high phlegm sweating malaise sputum fatigue fever rate,Pulmonology
i am having of back weakness balance pain neck dizziness limbs loss in pain,Neurology
feeling extremeties nails face gain hands dizziness fatigue feets swollen lethargy swings abnormal eyes and and thyroid puffy weight mood menstruation enlarged cold brittle irritability depression,Endocrinology
i think it's joint urine loss yellowing pain muscle fever pain of appetite mild dark pain abdominal yellowish diarrhoea skin eyes nausea vomiting of,Gastroenterology
i think it's neck loss in weakness limbs dizziness of pain pain balance back,Neurology
dealing with continuous discomfort of smell feel burning urine of foul urine bladder micturition,Urology
i am having diarrhoea rate heart weakness weight mood muscle fast sweating excessive loss irritability menstruation hunger fatigue restlessness abnormal swings,Endocrinology
having pain pain stomach cough acidity ulcers chest tongue vomiting on,Gastroenterology
having marital patches throat extra in fever wasting muscle high contacts,Infectious
dealing with urine pain fatigue itching loss high yellowish skin dark fever abdominal vomiting weight,Gastroenterology
i am having walking swelling pain pain joint pain joint knee joints neck painful hip pain,Orthopedics
feeling vomiting nausea high pain muscle fever chills headache sweating diarrhoea,Infectious
having extra wasting contacts in patches marital throat high muscle fever,Infectious
having in pain nails dusting nails joint peeling dents silver small skin skin rash like inflammatory,Dermatology
i feel loss rash pain behind pain of muscle joint fatigue back fever spots body eyes high malaise nausea pain red skin the appetite pain over headache vomiting chills lately,Infectious
i am having lethargy thyroid and weight puffy nails depression hands brittle dizziness and swings feets mood swollen enlarged face abnormal menstruation eyes fatigue extremeties cold irritability gain,Endocrinology
my main issue is chills constipation toxic pain vomiting headache nausea high diarrhoea look fatigue belly fever (typhos) abdominal pain,Infectious
i have fatigue muscle eyes lymph of nose high swelled irritation smell chest phlegm of malaise pain continuous cough chills sneezing pressure fever redness nodes sinus congestion loss runny headache throat pain,Pulmonology
my main issue is stomach yellowish overload abdomen swelling skin abdominal alcohol fluid pain of of vomiting consumption history of distention,Gastroenterology
i feel skin nodal itching rash skin eruptions lately,Dermatology
i feel of loss appetite over the behind back pain fatigue headache vomiting body pain eyes pain fever spots chills muscle skin high red rash nausea joint pain malaise lately,Infectious
i think it's filled skin scurring pimples pus rash,Dermatology
experiencing in dizziness back pain pain loss limbs of weakness neck balance,Neurology
having of of abdominal nausea yellowing skin loss eyes vomiting appetite itching yellowish pain,
my main issue is bruising veins legs swollen cramps prominent swollen fatigue calf obesity vessels blood on,Cardiology
my main issue is foul discomfort feel urine of urine burning bladder continuous smell of micturition,Urology
suffering from cough chest eyes nodes lymph fever headache sinus irritation swelled throat pain muscle smell nose redness of high of fatigue malaise pain congestion phlegm loss chills pressure runny,Pulmonology
my main issue is sore red crust high blister ooze fever around yellow nose rash skin,Dermatology
experiencing sweating breathlessness vomiting,Cardiology
my main issue is mild high cough loss lymph of vomiting sweating fever pain weight malaise appetite sputum chest nodes in fatigue breathlessness blood yellowing swelled fever chills eyes phlegm loss of,Pulmonology
i feel wasting marital fever muscle patches in high contacts extra throat lately,Infectious
dealing with vomiting pain on cough stomach acidity ulcers tongue,Gastroenterology
i have sore around high fever nose blister red skin rash,Dermatology
having high vomiting sweating nausea pain diarrhoea fever muscle headache chills,Infectious
i have balance pain of dizziness weakness loss limbs neck in pain back,Neurology
feeling malaise loss body nausea pain joint eyes back fever over muscle chills pain the vomiting behind spots high pain of fatigue headache skin appetite pain red rash,Infectious
i have visual distorted stiff neck excessive acidity hunger vision irritability disturbances headache indigestion blurred and,Neurology
my main issue is appetite loss of yellowing family of fatigue history nausea eyes,Gastroenterology
dealing with pain of weakness loss neck in balance back limbs dizziness pain,Neurology
having of pain pain mild loss skin of eyes appetite yellowing dark muscle pain nausea abdominal joint urine vomiting fever yellowish diarrhoea,Gastroenterology
i am having skin itching pain burning rash stomach micturition urination spotting,Dermatology
i have abdominal skin urine pain loss of injections yellowish receiving malaise lethargy itching receiving appetite yellow blood unsterile eyes of fatigue transfusion yellowing,Gastroenterology
i have anxiety excessive headache sweating and nausea vision fatigue irritability speech and distorted hunger drying blurred lips palpitations vomiting slurred tingling,Endocrinology
feeling chills constipation pain fatigue diarrhoea high abdominal vomiting belly pain nausea (typhos) fever headache look toxic,Infectious
suffering from eyes of high headache vomiting loss pain pain red behind spots back chills nausea joint pain rash pain the fever skin muscle body appetite malaise over,Infectious
i feel of abdominal yellowing skin loss vomiting yellowish of pain appetite eyes itching nausea lately,
experiencing red body skin nodes malaise swelled itching over high loss of appetite lethargy headache rash lymph fever spots fatigue,Infectious
i feel cough vomiting chest pain stomach pain acidity lately,Gastroenterology
i am having loss yellowish pain muscle vomiting eyes appetite joint urine dark of mild pain yellowing pain of fever nausea abdominal skin diarrhoea,Gastroenterology
having pain urine weight itching dark yellowish skin abdominal high vomiting loss fatigue fever,Gastroenterology
my main issue is swelling hip pain knee walking pain joint painful pain joints neck,Orthopedics
my main issue is look fatigue high fever belly pain nausea constipation headache abdominal chills toxic (typhos) diarrhoea pain vomiting,Infectious
having pain sinus muscle sneezing pain chest of runny congestion throat eyes irritation pressure malaise nose swelled continuous lymph redness nodes of fatigue smell headache chills cough phlegm loss,Pulmonology
i feel neck walking joints painful stiff swelling weakness muscle lately,Orthopedics
dealing with obesity cramps on prominent blood calf swollen swollen vessels fatigue veins bruising legs,Cardiology
i feel phlegm sneezing loss chest fatigue irritation nose redness runny malaise continuous pain pain sinus muscle swelled nodes eyes smell of of fever congestion throat pressure high cough headache lymph chills lately,Pulmonology
i feel diarrhoea vomiting eyes sunken lately,Gastroenterology
i think it's chills sweating high muscle nausea fever headache vomiting diarrhoea pain,Infectious
i am having walking neck movement stiff weakness swelling muscle joints painful stiffness,Orthopedics
my main issue is sweating pain breathlessness chest vomiting,Cardiology
my main issue is pain vomiting of appetite of passage itching gases internal loss indigestion abdominal,Gastroenterology
suffering from receiving eyes of urine unsterile itching fatigue injections lethargy skin urine appetite yellowish dark yellow blood malaise of loss receiving yellowing transfusion,Gastroenterology
i think it's vessels prominent swollen blood bruising obesity calf on fatigue legs veins cramps swollen,Cardiology
i am having vomiting diarrhoea sunken eyes,Gastroenterology
having pain abdominal receiving malaise transfusion loss receiving urine injections appetite yellowing blood skin urine lethargy yellowish of itching unsterile of eyes fatigue dark yellow,Gastroenterology
i feel over headache spots lethargy red swelled skin malaise fever mild fever body fatigue itching nodes of appetite high loss lymph rash lately,Infectious
i think it's yellowish eyes abdominal pain joint appetite dark fatigue nausea vomiting yellowing of of pain loss skin urine,Gastroenterology
i am having of bladder urine smell discomfort burning urine foul feel continuous micturition of,Urology
i think it's consumption abdominal fluid overload of history abdomen stomach pain of distention of yellowish vomiting skin alcohol swelling,Gastroenterology
experiencing pain fever diarrhoea toxic (typhos) vomiting fatigue nausea belly high headache look constipation abdominal pain chills,Infectious
i feel urine feel burning continuous smell bladder urine discomfort of micturition foul of lately,Urology
i think it's burning pain spotting rash urination skin micturition itching stomach,Dermatology
my main issue is dark abdominal nausea vomiting eyes urine of pain joint yellowing mild muscle appetite loss pain fever diarrhoea pain of,Gastroenterology
my main issue is loss yellowish itching urine abdominal high weight fatigue vomiting pain skin dark fever,Gastroenterology
feeling limbs balance loss pain in dizziness neck of weakness,Neurology
dealing with dark fatigue pain skin vomiting yellowing yellowish abdominal urine nausea eyes joint pain of,Gastroenterology
experiencing vomiting breathlessness chest sweating pain,Cardiology
suffering from of gases abdominal vomiting indigestion itching pain appetite of internal loss passage,Gastroenterology
suffering from urine skin lethargy of itching yellowish urine loss injections dark pain fatigue yellowing blood yellow malaise receiving of transfusion receiving abdominal appetite unsterile eyes,Gastroenterology
feeling dizziness in balance back limbs pain pain loss of neck weakness,Neurology
i feel pain fever vomiting pain urine appetite muscle nausea of loss eyes diarrhoea dark mild pain yellowish skin of yellowing abdominal joint lately,Gastroenterology
i think it's pain of appetite joint diarrhoea pain mild pain yellowing vomiting yellowish muscle of eyes skin loss abdominal dark fever nausea urine,Gastroenterology
i feel vomiting dehydration eyes sunken diarrhoea lately,Gastroenterology
feeling nodes cough in of blood malaise lymph pain appetite chills sputum swelled chest high fatigue fever fever yellowing loss mild phlegm loss breathlessness eyes of weight vomiting,Pulmonology
having itching blood transfusion receiving injections receiving fatigue dark lethargy abdominal urine of unsterile loss yellowish eyes of appetite yellowing malaise pain skin,Gastroenterology
dealing with on veins fatigue prominent blood legs calf bruising swollen swollen vessels cramps,Cardiology
i think it's chills chest heart fast malaise fever pain sputum phlegm fatigue high rate breathlessness cough rusty sweating,Pulmonology
my main issue is pimples blackheads skin rash pus scurring filled,Dermatology
dealing with dehydration eyes sunken diarrhoea vomiting,Gastroenterology
having hunger swings fatigue weight abnormal heart muscle rate menstruation loss excessive mood diarrhoea fast weakness restlessness irritability sweating,Endocrinology
my main issue is burning micturition feel bladder urine smell continuous discomfort foul urine of of,Urology
having vomiting pain breathlessness sweating chest,Cardiology
i think it's loss abdominal joint diarrhoea yellowish pain vomiting skin yellowing urine appetite muscle pain pain eyes fever mild of dark of,Gastroenterology
having in contacts throat patches marital extra high fever,Infectious
i feel dark pain skin joint vomiting fatigue yellowing appetite pain of abdominal urine yellowish nausea loss of eyes lately,Gastroenterology
i feel behind skin rash headache pain spots pain fatigue vomiting malaise the appetite chills red of pain eyes back fever body nausea high loss joint over lately,Infectious
my main issue is spinning headache of vomiting balance nausea movements unsteadiness loss,
i have belly high toxic diarrhoea constipation headache look fever chills (typhos) abdominal vomiting pain pain fatigue,Infectious
i feel pain sweating chest vomiting breathlessness lately,Cardiology
i have vomiting constipation (typhos) belly high toxic nausea pain headache pain chills abdominal fever fatigue look,Infectious
i am having fever weight high chills nodes fatigue breathlessness malaise vomiting phlegm pain eyes of blood sputum mild chest loss loss sweating swelled lymph in of fever yellowing appetite,Pulmonology
i am having vomiting back headache joint malaise red high behind eyes pain skin of pain nausea spots rash the loss pain over muscle chills body pain appetite fever fatigue,Infectious
my main issue is lymph lethargy fever nodes spots swelled mild headache of body over red high fatigue malaise appetite fever loss skin itching rash,Infectious
my main issue is vessels cramps swollen veins fatigue bruising legs prominent calf obesity blood swollen on,Cardiology
having neck joints muscle walking stiff weakness stiffness movement painful swelling,Orthopedics
i think it's stiffness swelling stiff muscle joints movement weakness painful walking neck,Orthopedics
i have bladder foul discomfort urine burning of smell micturition,Urology
i have chills sneezing eyes watering continuous from shivering,Dermatology
feeling pain urine abdominal fatigue dark appetite joint skin of of yellowish vomiting loss yellowing pain eyes,Gastroenterology
feeling skin of family eyes appetite yellowing history fatigue of nausea loss yellowish,Gastroenterology
having high ooze rash sore crust fever yellow skin blister red around nose,Dermatology
i am having chills fatigue cough high heart chest breathlessness rusty fast fever sweating sputum rate pain malaise phlegm,Pulmonology
i have bleeding vomiting pain stomach joint of high pain nausea appetite abdominal liver yellowish coma fatigue fever dark of urine loss yellowing failure acute eyes skin,Gastroenterology
experiencing fever diarrhoea look belly chills headache vomiting (typhos) fatigue toxic high pain constipation nausea,Infectious
i feel sneezing sinus eyes smell pain chest of congestion muscle phlegm pressure nose redness loss lymph fatigue high pain throat cough swelled runny malaise continuous irritation fever of nodes chills lately,Pulmonology
experiencing pain hip walking knee joint neck pain joint painful joints pain pain swelling,Orthopedics
i am having nails depression thyroid cold dizziness face swings abnormal fatigue and irritability mood and lethargy eyes gain hands feets menstruation brittle enlarged swollen puffy extremeties weight,Endocrinology
i feel vomiting pain of skin eyes loss nausea yellowing itching abdominal of appetite yellowish lately,
having chest in fever cough phlegm eyes fever blood appetite of lymph yellowing nodes mild breathlessness high swelled weight sweating sputum pain vomiting loss loss of chills malaise fatigue,Pulmonology
i feel muscle patches marital high in extra contacts wasting fever throat lately,Infectious
i feel fever mild high over nodes rash loss itching skin appetite of malaise headache fatigue red body swelled lymph spots fever lately,Infectious
feeling swings abnormal swollen hands fatigue puffy enlarged eyes dizziness extremeties mood feets irritability depression and lethargy face nails gain cold brittle thyroid menstruation and weight,Endocrinology
my main issue is sweating vomiting chills pain muscle fever headache nausea high,Infectious
i think it's brittle eyes thyroid lethargy fatigue gain menstruation swollen dizziness extremeties and face swings feets weight cold abnormal nails irritability and mood puffy hands enlarged depression,Endocrinology
my main issue is runny pressure swelled lymph malaise throat sneezing chest pain sinus nodes high smell cough fatigue nose eyes loss phlegm fever headache redness chills of irritation pain muscle of congestion continuous,Pulmonology
feeling thyroid enlarged gain irritability depression nails and eyes puffy menstruation mood swollen brittle cold dizziness face weight lethargy fatigue extremeties feets swings hands abnormal and,Endocrinology
i think it's history high sputum breathlessness family fatigue mucoid fever cough,Pulmonology
dealing with spinning of balance headache movements vomiting loss unsteadiness nausea,
my main issue is side altered weakness vomiting of one body headache sensorium,Neurology
experiencing joint joint joints neck knee pain pain pain painful pain hip walking swelling,Orthopedics
i am having swelling walking muscle stiff movement joints neck weakness painful stiffness,Orthopedics
my main issue is yellowish loss pain liver stomach eyes coma abdominal high failure yellowing bleeding vomiting nausea joint acute fatigue pain of urine dark fever appetite skin of,Gastroenterology
experiencing headache hunger fatigue lips sweating speech vision and irritability tingling slurred distorted nausea excessive blurred anxiety vomiting and drying palpitations,Endocrinology
dealing with nails joint dents skin peeling skin small rash in pain nails inflammatory,Dermatology
i have yellowish abdominal skin itching yellowing loss of appetite pain of nausea eyes vomiting,
i have eyes joint yellowing appetite pain vomiting nausea of dark pain loss of skin abdominal yellowish fatigue urine,Gastroenterology
i think it's skin vomiting loss high itching fatigue dark fever urine weight abdominal yellowish pain,Gastroenterology
i feel unsteadiness loss headache balance movements vomiting nausea spinning of lately,
i feel fever headache sweating diarrhoea muscle high vomiting nausea pain lately,Infectious
having high sputum cough family fever history breathlessness mucoid,Pulmonology
i am having constipation abdominal pain toxic headache look nausea diarrhoea belly pain fatigue vomiting chills high (typhos) fever,Infectious
experiencing toxic nausea constipation chills pain fatigue fever headache vomiting pain (typhos) look diarrhoea high abdominal belly,Infectious
suffering from disturbances headache hunger acidity indigestion neck blurred vision distorted depression excessive visual irritability and stiff,Neurology
my main issue is headache spots red the pain fever appetite pain malaise nausea high of vomiting pain joint pain loss fatigue back body muscle eyes over behind chills,Infectious
my main issue is nausea vomiting diarrhoea pain sweating headache high muscle chills fever,Infectious
suffering from sunken dehydration eyes diarrhoea vomiting,Gastroenterology
feeling abnormal loss irritability hunger muscle weakness sweating excessive diarrhoea menstruation mood restlessness weight swings fatigue,Endocrinology
i feel sneezing shivering continuous chills lately,Dermatology
i have neck swelling stiffness walking joints stiff muscle movement weakness painful,Orthopedics
i have nausea joint pain loss pain back spots body pain muscle chills behind fatigue over red malaise headache fever appetite of high vomiting eyes the pain,Infectious
suffering from balance of weakness pain dizziness limbs in loss pain back neck,Neurology
dealing with of receiving injections skin loss lethargy urine eyes yellowing of yellow appetite transfusion blood abdominal dark malaise itching receiving yellowish urine pain unsterile,Gastroenterology
i think it's wasting fever extra contacts marital muscle high,Infectious
dealing with mood fast diarrhoea sweating hunger loss irritability heart abnormal fatigue swings weight restlessness rate weakness muscle menstruation excessive,Endocrinology
dealing with malaise spots high itching fatigue lethargy headache appetite of over loss fever red body rash skin fever mild,Infectious
i have mucoid high fever cough family breathlessness history fatigue sputum,Pulmonology
experiencing malaise yellow abdominal yellowish urine of fatigue loss lethargy of unsterile urine yellowing injections blood receiving receiving dark eyes appetite itching skin transfusion pain,Gastroenterology
experiencing (typhos) fatigue vomiting high pain abdominal constipation belly pain look headache nausea toxic chills fever,Infectious
i think it's rash dischromic itching skin patches,Dermatology
i feel dehydration vomiting eyes diarrhoea sunken lately,Gastroenterology
dealing with and speech drying irritability vomiting excessive slurred tingling anxiety nausea and vision fatigue sweating headache lips hunger distorted palpitations blurred,Endocrinology
feeling mucoid history sputum fatigue breathlessness high family cough fever,Pulmonology
suffering from malaise cough fatigue phlegm rate fast fever sputum heart sweating rusty breathlessness high chills pain chest,Pulmonology
i feel pain fever of pain eyes vomiting abdominal diarrhoea nausea skin mild pain yellowish dark loss appetite of joint muscle yellowing urine lately,Gastroenterology
dealing with patches throat wasting fever extra in marital contacts muscle high,Infectious
i am having continuous of micturition foul bladder feel of urine burning smell discomfort urine,Urology
feeling high cough history breathlessness mucoid fever family sputum fatigue,Pulmonology
feeling fever fatigue rash itching over red body lymph malaise nodes lethargy high mild spots skin swelled fever headache,Infectious
suffering from pain pain acidity on chest tongue cough stomach ulcers vomiting,Gastroenterology
suffering from stomach micturition urination pain skin burning spotting rash itching,Dermatology
having joint walking painful joints pain knee joint neck pain hip pain swelling pain,Orthopedics
experiencing swelling stiff movement walking painful muscle weakness stiffness neck joints,Orthopedics
having of yellowing yellowish muscle of nausea appetite pain urine joint mild skin eyes abdominal pain vomiting fever pain diarrhoea dark loss,Gastroenterology
experiencing blurred excessive and neck disturbances acidity depression indigestion hunger irritability visual distorted stiff headache vision,Neurology
having weakness stiffness movement joints neck muscle swelling stiff,Orthopedics
i have veins prominent legs vessels obesity on swollen swollen bruising calf cramps fatigue blood,Cardiology
i think it's joint urine appetite skin eyes fatigue pain yellowing dark loss abdominal of of nausea vomiting yellowish pain,Gastroenterology
suffering from limbs weakness dizziness back in pain pain neck,Neurology
experiencing back neck limbs balance pain in loss pain dizziness of weakness,Neurology
having vomiting headache movements of unsteadiness loss spinning nausea balance,
having stomach history pain consumption distention yellowish abdomen skin vomiting abdominal of of overload swelling fluid alcohol of,Gastroenterology
i am having pain pain hip pain painful joint walking joints knee neck swelling,Orthopedics
experiencing sunken eyes diarrhoea dehydration,Gastroenterology
i think it's chills sneezing from eyes continuous shivering watering,Dermatology
i think it's throat patches marital in contacts extra high fever,Infectious
experiencing stiffness movement joints stiff walking muscle neck painful weakness swelling,Orthopedics
i feel stomach overload pain of consumption fluid distention of alcohol vomiting of history abdomen abdominal skin yellowish swelling lately,Gastroenterology
my main issue is pain blood weight mild nodes cough appetite vomiting malaise fever loss of swelled of chest eyes chills lymph high sputum phlegm fever in breathlessness loss yellowing sweating,Pulmonology
i feel nausea hunger headache speech irritability drying slurred excessive anxiety tingling lips and palpitations vomiting sweating fatigue lately,Endocrinology
feeling burning rash spotting urination stomach itching skin pain micturition,Dermatology
experiencing skin scurring filled pimples blackheads rash pus,Dermatology
dealing with watering shivering continuous from sneezing eyes,Dermatology
suffering from pain appetite eyes nausea of skin yellowing of abdominal yellowish itching vomiting loss,
feeling indigestion itching pain internal of vomiting gases passage abdominal,Gastroenterology
my main issue is history mucoid cough sputum family high fever fatigue breathlessness,Pulmonology
having acidity chest tongue on pain stomach vomiting pain ulcers cough,Gastroenterology
i feel phlegm swelled eyes loss irritation chills pain nose nodes fever runny smell of pressure continuous throat headache fatigue high malaise muscle sinus congestion pain sneezing chest cough lymph redness of lately,Pulmonology
suffering from nails nails like pain dents in peeling rash skin skin small dusting inflammatory silver joint,Dermatology
having receiving injections loss unsterile fatigue itching skin eyes receiving of abdominal lethargy blood urine pain of urine yellowish transfusion yellow yellowing malaise dark appetite,Gastroenterology
i think it's rusty rate heart fast chills phlegm sweating fatigue pain high malaise sputum breathlessness fever chest cough,Pulmonology
i think it's pain sweating vomiting breathlessness chest,Cardiology
my main issue is ooze yellow rash high skin crust fever blister,Dermatology
i have distention abdomen pain yellowish vomiting of of skin stomach abdominal fluid overload swelling,Gastroenterology
suffering from itching indigestion pain abdominal gases of loss of vomiting appetite passage internal,Gastroenterology
having foul urine burning smell bladder discomfort urine micturition of feel continuous of,Urology
i feel of pain vomiting pain muscle skin pain nausea yellowish mild dark appetite of joint abdominal fever diarrhoea eyes urine yellowing loss lately,Gastroenterology
my main issue is pain high look chills pain fatigue (typhos) toxic diarrhoea abdominal headache nausea fever vomiting belly constipation,Infectious
having chills chest cough malaise sputum phlegm high fast pain sweating breathlessness fever heart rate rusty,Pulmonology
i have spots high fatigue pain eyes rash fever malaise appetite body pain skin over loss muscle pain nausea the chills red of vomiting back behind joint pain headache,Infectious
i have skin skin itching eruptions nodal rash,Dermatology
i feel eruptions dischromic itching patches nodal skin rash skin lately,Dermatology
my main issue is skin dark fever fatigue high itching pain loss vomiting weight urine abdominal yellowish,Gastroenterology
having nodes cough chest in mild high loss sweating vomiting eyes lymph of swelled breathlessness fever sputum of pain loss fatigue malaise yellowing phlegm weight appetite fever chills blood,Pulmonology
experiencing brittle and face gain irritability fatigue abnormal menstruation enlarged lethargy extremeties weight swollen depression dizziness puffy thyroid swings nails eyes mood,Endocrinology
i feel of loss nausea diarrhoea pain abdominal pain pain joint skin urine mild of eyes muscle fever dark appetite yellowish yellowing vomiting lately,Gastroenterology
suffering from rash skin itching stomach pain spotting urination,Dermatology
i am having skin nodes fever malaise mild fever itching over swelled spots lymph loss fatigue of headache lethargy high appetite body rash red,Infectious
my main issue is history yellowing yellowish skin loss eyes appetite of of family fatigue nausea,Gastroenterology
having joint vomiting yellowish urine of eyes appetite abdominal of muscle loss pain pain yellowing fever dark skin nausea pain mild,Gastroenterology
dealing with filled pimples blackheads pus scurring,Dermatology
i think it's fatigue appetite skin family yellowing yellowish loss history of eyes nausea of,Gastroenterology
suffering from pain breathlessness vomiting sweating chest,Cardiology
i feel small silver nails nails joint skin inflammatory peeling in dents pain like dusting lately,Dermatology
i think it's stomach distention pain abdominal yellowish history overload of skin swelling consumption vomiting of of abdomen alcohol fluid,Gastroenterology
i think it's eyes of joint of loss appetite abdominal vomiting yellowing fatigue dark pain urine yellowish nausea skin pain,Gastroenterology
i think it's chest fatigue phlegm nodes blood malaise yellowing of cough appetite in weight fever high breathlessness pain sputum swelled chills lymph loss of loss fever eyes mild vomiting,Pulmonology
my main issue is depression vision and acidity irritability distorted blurred stiff headache indigestion neck visual excessive disturbances hunger,Neurology
i feel swelling walking painful movement weakness neck stiffness stiff muscle joints lately,Orthopedics
dealing with cough runny of loss eyes congestion muscle nose high throat irritation redness malaise swelled pain sneezing chest fatigue lymph pressure of continuous nodes sinus headache smell phlegm chills pain fever,Pulmonology
dealing with eyes nose of congestion headache smell throat phlegm runny loss pressure lymph pain fever sinus irritation malaise swelled nodes cough continuous redness sneezing muscle of high fatigue chest pain,Pulmonology
dealing with abdominal joint yellowing urine dark of loss of vomiting pain nausea appetite pain fatigue eyes,Gastroenterology
dealing with painful stiff muscle weakness neck walking movement swelling joints stiffness,Orthopedics
feeling breathlessness sputum fever mucoid fatigue high cough family history,Pulmonology
i have pimples filled scurring rash skin blackheads pus,Dermatology
dealing with spots headache red rash lethargy mild fever lymph body malaise swelled fatigue fever high itching over nodes skin,Infectious
suffering from stiffness joints painful stiff neck swelling walking muscle weakness movement,Orthopedics
i think it's filled skin pus rash blackheads pimples,Dermatology
i feel breathlessness fever high mucoid history family cough sputum lately,Pulmonology
feeling yellowish pain pain skin fatigue appetite dark abdominal urine eyes yellowing loss vomiting joint of of,Gastroenterology
i think it's pain breathlessness fast chest malaise heart chills sputum phlegm rusty rate fatigue fever cough sweating high,Pulmonology
dealing with urine of feel bladder discomfort foul urine continuous of smell,Urology
i feel drying irritability fatigue headache speech anxiety tingling nausea slurred and lips palpitations excessive hunger and vision distorted blurred sweating lately,Endocrinology
feeling pain breathlessness sweating vomiting chest,Cardiology
i am having hands thyroid extremeties nails abnormal mood cold puffy dizziness face brittle swings and enlarged feets eyes menstruation fatigue weight and irritability gain depression swollen lethargy,Endocrinology
my main issue is muscle fever irritation eyes pressure headache chills high chest pain swelled nodes congestion loss cough nose pain runny malaise phlegm sinus of redness smell throat lymph fatigue of,Pulmonology
i am having red nose high skin sore rash blister around crust yellow fever ooze,Dermatology
feeling lethargy brittle depression fatigue irritability puffy cold and extremeties abnormal feets and mood dizziness menstruation nails face thyroid swings swollen hands eyes enlarged,Endocrinology
suffering from yellowish pain eyes yellowing of skin itching abdominal loss nausea of appetite vomiting,
experiencing micturition skin rash burning stomach pain itching spotting urination,Dermatology
dealing with micturition urine continuous feel bladder burning of discomfort,Urology
i am having of nodes fever loss sputum malaise fever blood fatigue cough loss mild phlegm eyes chest appetite swelled breathlessness in vomiting high weight sweating yellowing of lymph pain chills,Pulmonology
feeling muscle extra marital contacts throat in wasting patches,Infectious
feeling excessive visual hunger acidity blurred disturbances neck depression and distorted headache stiff irritability vision indigestion,Neurology
i have chest pain on stomach ulcers pain vomiting tongue acidity,Gastroenterology
feeling joint pain pain yellowing abdominal urine nausea of dark yellowish of skin loss vomiting appetite fatigue eyes,Gastroenterology
experiencing eyes of vomiting yellowish yellowing of skin pain appetite abdominal loss itching nausea,
i think it's fatigue restlessness swings excessive heart rate fast loss hunger menstruation irritability abnormal weakness muscle sweating weight mood diarrhoea,Endocrinology
feeling high dark fever abdominal itching fatigue vomiting yellowish urine loss skin weight pain,Gastroenterology
experiencing one side of vomiting weakness headache body,Neurology
my main issue is skin yellow crust blister around sore rash ooze fever high red nose,Dermatology
suffering from skin pain of appetite eyes muscle pain mild joint yellowish nausea urine dark fever yellowing of loss vomiting diarrhoea,Gastroenterology
i think it's on veins swollen calf blood fatigue prominent obesity legs bruising swollen vessels cramps,Cardiology
feeling skin dischromic itching rash eruptions skin patches nodal,Dermatology
i am having mood abnormal thyroid depression swings and cold weight menstruation nails swollen irritability eyes feets and face brittle enlarged gain lethargy puffy hands dizziness fatigue extremeties,Endocrinology
having abdominal of appetite pain of yellowing dark pain urine fatigue eyes joint yellowish nausea vomiting loss skin,Gastroenterology
having filled scurring pimples blackheads rash pus skin,Dermatology
i think it's rash eruptions dischromic skin skin patches nodal,Dermatology
i think it's eyes chills continuous sneezing from shivering watering,Dermatology
dealing with speech lips blurred vision distorted sweating nausea vomiting excessive drying irritability fatigue and tingling headache anxiety palpitations slurred hunger and,Endocrinology
having stiff movement weakness painful swelling walking stiffness neck joints muscle,Orthopedics
i think it's body sensorium headache altered of vomiting side weakness one,Neurology
feeling family fatigue fever breathlessness cough history mucoid sputum high,Pulmonology
i have skin pain abdominal of vomiting yellowing eyes dark mild diarrhoea appetite joint loss muscle of pain urine pain yellowish fever,Gastroenterology
i have urine pain of yellowish vomiting pain yellowing dark skin appetite of joint eyes loss nausea abdominal fatigue,Gastroenterology
feeling skin micturition spotting urination pain rash itching burning stomach,Dermatology
feeling vomiting urine nausea eyes appetite yellowish fatigue loss of skin yellowing abdominal pain of dark,Gastroenterology
i am having high diarrhoea (typhos) toxic look nausea vomiting constipation pain pain abdominal chills fever fatigue belly headache,Infectious
experiencing nausea appetite history eyes of yellowish of yellowing skin loss family,Gastroenterology
feeling fever of high red mild skin appetite fever body loss spots over lymph swelled itching malaise rash nodes lethargy fatigue headache,Infectious
i feel weakness of limbs in loss dizziness pain back pain neck balance lately,Neurology
i think it's abdominal pain eyes of vomiting itching loss yellowish of appetite skin yellowing,
having pain vomiting of mild nausea muscle pain diarrhoea of fever eyes yellowing joint yellowish appetite abdominal loss skin pain,Gastroenterology
my main issue is sinus fever swelled chest smell nodes runny continuous pain muscle sneezing phlegm redness throat pressure congestion irritation cough malaise chills fatigue eyes headache loss of high nose of pain lymph,Pulmonology
suffering from pain transfusion malaise injections eyes skin receiving itching unsterile appetite yellow lethargy yellowing fatigue loss yellowish urine abdominal blood receiving of of,Gastroenterology
experiencing movements unsteadiness loss balance vomiting of headache spinning,
my main issue is acidity chest on tongue ulcers pain vomiting cough stomach pain,Gastroenterology
my main issue is skin pain stomach overload history swelling alcohol yellowish of distention fluid of consumption vomiting abdomen abdominal of,Gastroenterology
experiencing extremeties gain enlarged abnormal and puffy feets cold swollen brittle and hands menstruation depression nails weight irritability mood fatigue swings lethargy face eyes dizziness thyroid,Endocrinology
my main issue is joints neck pain walking swelling joint joint pain knee painful hip pain pain,Orthopedics
i feel urine discomfort of burning foul smell urine feel bladder continuous micturition of lately,Urology
experiencing fatigue skin urine high abdominal dark vomiting yellowish fever itching pain,Gastroenterology
i feel bladder of discomfort feel smell micturition urine foul burning of urine continuous lately,Urology
i feel heart breathlessness fever fast chills high rusty malaise chest fatigue cough rate sputum phlegm sweating pain lately,Pulmonology
having headache vomiting weakness side one body of altered sensorium,Neurology
i am having prominent on swollen cramps swollen blood bruising legs veins obesity vessels calf,Cardiology
dealing with weakness fatigue excessive irritability mood diarrhoea loss weight hunger restlessness swings heart fast rate sweating abnormal menstruation muscle,Endocrinology
i think it's spots malaise fever fatigue appetite itching nodes skin headache rash lymph red fever of lethargy over loss high swelled body mild,Infectious
dealing with lymph congestion headache nose pain fever runny eyes swelled smell muscle pain chest of continuous high sneezing loss cough malaise sinus irritation throat nodes fatigue of phlegm redness chills pressure,Pulmonology
i think it's loss malaise phlegm chills swelled cough of pain sweating weight mild vomiting blood fever fever chest sputum breathlessness appetite loss of high nodes lymph in eyes yellowing fatigue,Pulmonology
feeling vomiting yellowish skin stomach abdominal of swelling consumption alcohol pain history abdomen overload distention fluid of of,Gastroenterology
i am having ulcers cough stomach chest on pain acidity vomiting pain tongue,Gastroenterology
experiencing sweating malaise phlegm fast heart high rusty chest pain cough breathlessness fever rate fatigue sputum,Pulmonology
having cough stomach vomiting pain pain chest acidity,Gastroenterology
i have eruptions nodal skin skin patches itching rash dischromic,Dermatology
suffering from high pain fatigue diarrhoea look belly pain chills abdominal toxic constipation fever nausea vomiting (typhos) headache,Infectious
having over lymph of skin malaise mild nodes body swelled fatigue spots fever appetite red loss fever high lethargy headache rash itching,Infectious
i think it's fatigue vomiting loss itching dark pain yellowish abdominal weight skin urine,Gastroenterology
feeling over spots nausea the chills pain vomiting fever malaise fatigue back high appetite joint pain pain body pain red behind muscle headache of skin rash eyes loss,Infectious
i have and depression hunger acidity neck excessive stiff disturbances distorted blurred indigestion visual headache irritability vision,Neurology
my main issue is pain high vomiting abdominal urine itching skin dark fever fatigue weight loss yellowish,Gastroenterology
experiencing eyes skin of vomiting nausea yellowing pain yellowish urine abdominal dark joint pain fatigue,Gastroenterology
having of muscle pain skin over chills pain rash vomiting fatigue spots appetite loss body malaise behind the fever headache pain nausea high pain red joint back eyes,Infectious
experiencing urine smell foul micturition burning discomfort bladder of,Urology
experiencing vomiting spinning movements of nausea headache loss unsteadiness balance,
my main issue is neck weakness muscle stiff painful movement walking joints swelling stiffness,Orthopedics
having patches contacts extra marital in high fever throat,Infectious
i think it's vomiting altered headache sensorium,Neurology
experiencing dischromic eruptions skin nodal rash patches itching skin,Dermatology
having overload of of yellowish distention swelling abdomen stomach vomiting skin consumption alcohol of history fluid,Gastroenterology
i think it's pain diarrhoea chills muscle vomiting high nausea fever headache sweating,Infectious
i feel body sensorium headache altered of weakness side vomiting one lately,Neurology
i have extremeties lethargy eyes thyroid mood face puffy feets cold and swollen swings hands nails abnormal enlarged irritability gain brittle menstruation fatigue depression weight and,Endocrinology
i am having knee hip joint painful joint walking pain pain pain joints neck swelling pain,Orthopedics
experiencing body vomiting weakness one side of headache sensorium altered,Neurology
dealing with silver in inflammatory joint like nails dusting dents nails peeling skin small pain,Dermatology
having neck knee joint pain swelling joints joint pain hip pain walking pain painful,Orthopedics
suffering from rash pus filled blackheads skin pimples,Dermatology
having in small silver nails skin rash dents skin joint like pain nails dusting inflammatory peeling,Dermatology
i have cramps on fatigue obesity swollen calf prominent swollen vessels blood legs bruising veins,Cardiology
i think it's vomiting balance movements headache loss nausea unsteadiness of spinning,
my main issue is muscle vomiting chills pain fever sweating high diarrhoea headache nausea,Infectious
i feel vomiting eyes diarrhoea dehydration sunken lately,Gastroenterology
dealing with pain stomach micturition urination skin spotting itching burning rash,Dermatology
feeling nausea vomiting pain eyes appetite yellowing loss itching yellowish abdominal of skin of,
i have yellowing appetite skin history yellowish family of of fatigue loss nausea eyes,Gastroenterology
feeling from chills shivering eyes continuous sneezing watering,Dermatology
dealing with and acidity blurred stiff irritability disturbances indigestion vision visual distorted neck headache depression excessive hunger,Neurology
feeling nausea loss skin fatigue eyes yellowish dark of vomiting joint appetite stomach acute bleeding pain abdominal of coma liver yellowing pain urine failure,Gastroenterology
i feel palpitations blurred speech headache sweating and lips vision nausea fatigue slurred and distorted tingling hunger drying anxiety excessive irritability vomiting lately,Endocrinology
i have joints walking pain painful hip neck joint pain joint pain swelling,Orthopedics
i feel loss appetite itching abdominal of yellowing nausea vomiting eyes pain of lately,
i have of yellowish appetite nausea of loss eyes history fatigue family skin yellowing,Gastroenterology
i feel rusty sweating high fast rate cough sputum pain chills heart malaise fatigue phlegm fever breathlessness chest lately,Pulmonology
experiencing menstruation eyes and and face nails extremeties thyroid fatigue lethargy swings enlarged gain weight feets depression puffy cold hands mood abnormal irritability brittle dizziness swollen,Endocrinology
having high headache appetite of red swelled over spots malaise fever nodes body loss mild rash fever fatigue lymph lethargy skin itching,Infectious
having irritability headache disturbances hunger stiff depression acidity excessive indigestion neck visual,Neurology
i have yellowish weight loss high skin fatigue vomiting dark itching fever urine,Gastroenterology
i am having of yellowing itching vomiting loss skin yellowish appetite of nausea eyes abdominal pain,
my main issue is eyes pain joint loss muscle spots rash headache high of appetite chills pain pain fatigue malaise pain nausea vomiting fever back over red the behind body skin,Infectious
experiencing appetite loss of history eyes fatigue family yellowish of nausea skin yellowing,Gastroenterology
having fast restlessness loss swings abnormal excessive sweating rate mood muscle menstruation diarrhoea weight fatigue irritability heart weakness hunger,Endocrinology
having pain chest vomiting sweating breathlessness,Cardiology
dealing with dusting nails in small skin silver joint skin peeling rash dents inflammatory nails pain like,Dermatology
i have tongue vomiting chest on pain pain acidity cough stomach ulcers,Gastroenterology
experiencing joint knee pain hip joint painful pain joints neck pain swelling pain walking,Orthopedics
i think it's skin nails skin small nails peeling dusting in dents like silver inflammatory rash,Dermatology
i have dischromic rash nodal eruptions skin patches skin itching,Dermatology
suffering from vomiting of abdominal appetite urine yellowish of pain loss nausea dark pain skin eyes joint yellowing fatigue,Gastroenterology
suffering from loss appetite of of family yellowing fatigue yellowish eyes history skin nausea,Gastroenterology
i feel itching patches eruptions skin nodal dischromic skin rash lately,Dermatology
i think it's of nausea yellowing yellowish loss eyes skin of abdominal pain appetite itching,
having side body headache altered of one weakness vomiting sensorium,Neurology
my main issue is yellowish fluid of distention swelling of consumption alcohol pain skin overload abdomen of vomiting abdominal history stomach,Gastroenterology
i have sneezing continuous smell lymph chills irritation cough throat swelled malaise pain runny headache pressure high redness pain nodes of of muscle loss eyes phlegm sinus congestion fatigue chest fever nose,Pulmonology
i think it's filled rash blackheads pus skin pimples,Dermatology
i feel chills headache sweating diarrhoea muscle high fever vomiting pain lately,Infectious
my main issue is high fever muscle headache pain chills diarrhoea vomiting nausea,Infectious
my main issue is nausea spinning headache movements loss balance of vomiting,
dealing with sweating fever chills breathlessness eyes nodes swelled of blood sputum loss chest appetite vomiting mild yellowing cough malaise high pain loss phlegm weight fever fatigue of lymph in,Pulmonology
feeling rash blackheads skin scurring,Dermatology
i feel diarrhoea chills muscle fever sweating vomiting nausea high pain lately,Infectious
dealing with urine malaise blood transfusion dark receiving receiving eyes skin unsterile lethargy injections abdominal of yellowing yellow loss yellowish itching appetite pain urine fatigue of,Gastroenterology
i feel yellowish nausea fatigue skin history family appetite loss of lately,Gastroenterology
i have eyes sneezing nose cough swelled sinus continuous of muscle smell irritation phlegm headache chest fever pain high pain lymph congestion pressure throat of nodes chills loss malaise runny redness fatigue,Pulmonology
feeling appetite high red malaise nodes skin fever fever lymph mild spots swelled of body rash over fatigue lethargy loss itching headache,Infectious
having hands extremeties and face mood gain depression dizziness brittle menstruation and abnormal feets cold puffy nails enlarged irritability lethargy fatigue weight eyes thyroid swings swollen,Endocrinology
having skin peeling pain rash in silver skin like nails dusting small inflammatory dents joint nails,Dermatology
dealing with vomiting high muscle headache fever pain nausea sweating diarrhoea chills,Infectious
i am having hunger palpitations lips sweating anxiety vision irritability distorted and drying headache excessive vomiting tingling speech slurred blurred and nausea,Endocrinology
i feel loss of yellowish of abdominal skin appetite pain itching vomiting nausea yellowing eyes lately,
suffering from fatigue look belly high pain headache (typhos) fever vomiting nausea abdominal chills diarrhoea toxic pain,Infectious
i am having headache movements unsteadiness loss balance nausea spinning vomiting of,
i feel headache irritability blurred hunger acidity and distorted visual disturbances excessive neck indigestion vision stiff lately,Neurology
having chills vomiting pain diarrhoea headache muscle sweating nausea,Infectious
dealing with peeling in like joint inflammatory skin nails nails skin dusting pain silver small rash dents,Dermatology
suffering from muscle of vomiting pain urine loss eyes dark appetite yellowing nausea abdominal skin diarrhoea mild pain of yellowish fever,Gastroenterology
dealing with pain diarrhoea appetite loss of skin vomiting pain nausea abdominal yellowing mild urine of joint eyes dark muscle fever pain yellowish,Gastroenterology
my main issue is history fatigue mucoid breathlessness sputum high fever cough family,Pulmonology
dealing with loss headache movements of balance nausea unsteadiness spinning vomiting,
i am having of vomiting mild yellowing nausea of pain abdominal skin diarrhoea pain dark appetite loss urine pain muscle joint fever yellowish eyes,Gastroenterology
i have high contacts muscle fever wasting extra marital,Infectious
experiencing fever contacts patches extra wasting marital high throat in muscle,Infectious
having burning micturition itching skin urination stomach pain spotting rash,Dermatology
suffering from fatigue appetite fever of body loss itching rash malaise mild spots over red lethargy fever skin high headache,Infectious
experiencing swollen calf legs veins fatigue vessels prominent obesity cramps bruising on blood swollen,Cardiology
suffering from eyes diarrhoea vomiting dehydration sunken,Gastroenterology
i think it's stiff stiffness weakness swelling joints neck walking muscle movement painful,Orthopedics
suffering from phlegm breathlessness malaise sputum sweating pain chills fast cough high fatigue heart fever rusty rate chest,Pulmonology
i think it's contacts muscle fever marital in high throat extra patches wasting,Infectious
i am having indigestion and blurred excessive visual vision stiff distorted hunger disturbances acidity neck headache irritability,Neurology
i am having abdominal of of fever nausea yellowish appetite dark pain skin joint pain urine muscle diarrhoea eyes vomiting yellowing pain mild loss,Gastroenterology
dealing with mild lymph itching rash appetite headache body red loss malaise nodes fatigue of fever over spots lethargy swelled fever high skin,Infectious
dealing with pain of neck in loss dizziness balance weakness limbs,Neurology
i have pain neck knee joint swelling pain pain pain hip walking joint joints painful,Orthopedics
suffering from nodes of over fever body loss spots swelled headache rash mild fever fatigue malaise itching lymph high appetite red skin lethargy,Infectious
i feel of fever appetite swelled loss sweating nodes high yellowing vomiting loss chest malaise fever sputum of blood weight cough in lymph eyes phlegm breathlessness fatigue mild pain lately,Pulmonology
i have heart fast irritability sweating loss rate diarrhoea excessive swings fatigue weakness muscle weight restlessness abnormal hunger mood menstruation,Endocrinology
dealing with skin nausea of of vomiting yellowish abdominal itching yellowing pain eyes appetite loss,
i think it's abnormal irritability enlarged feets fatigue and menstruation weight gain extremeties thyroid cold and hands swollen eyes dizziness brittle nails depression lethargy face puffy,Endocrinology
my main issue is nails nails peeling joint small inflammatory in dusting skin like silver pain skin rash dents,Dermatology
suffering from red rash high ooze nose sore crust yellow fever around skin blister,Dermatology
having urine foul discomfort of continuous burning feel urine of smell bladder micturition,Urology
feeling chest in loss vomiting of fatigue chills swelled mild cough lymph blood high eyes yellowing appetite malaise nodes sputum of sweating fever pain fever breathlessness phlegm,Pulmonology
i think it's eyes yellowish urine dark nausea fever joint pain muscle diarrhoea loss pain yellowing of vomiting appetite of skin mild,Gastroenterology
dealing with scurring rash skin blackheads,Dermatology
experiencing pain fever malaise heart chills high breathlessness cough sputum fast sweating rusty chest phlegm fatigue rate,Pulmonology
i feel urine dark yellowing eyes mild pain skin nausea of pain yellowish pain fever of muscle appetite loss joint vomiting abdominal diarrhoea lately,Gastroenterology
suffering from yellowing weight lymph loss phlegm eyes fever sputum appetite pain sweating vomiting in of of high malaise swelled nodes loss chills blood breathlessness fatigue mild fever chest,Pulmonology
suffering from speech tingling palpitations headache blurred sweating drying irritability hunger and and nausea vomiting excessive slurred distorted fatigue vision lips,Endocrinology
i am having chest high fast chills fever pain rate sweating phlegm cough sputum fatigue malaise breathlessness heart rusty,Pulmonology
i feel from continuous eyes shivering chills sneezing watering lately,Dermatology
feeling vomiting sweating headache nausea chills muscle pain diarrhoea high fever,Infectious
my main issue is malaise rusty rate fatigue sweating breathlessness pain chills heart cough high sputum fever chest fast phlegm,Pulmonology
i think it's yellowing of fever in sweating loss swelled mild blood of high phlegm pain sputum chills eyes lymph breathlessness malaise fatigue loss cough nodes weight fever appetite vomiting chest,Pulmonology
suffering from sunken diarrhoea dehydration eyes,Gastroenterology
i am having sweating nausea distorted headache vomiting slurred excessive lips speech palpitations and hunger irritability tingling vision fatigue drying and blurred anxiety,Endocrinology
feeling in weakness pain back neck pain of dizziness loss balance limbs,Neurology
i feel the appetite fatigue fever high malaise behind joint chills muscle skin pain eyes back pain pain nausea loss rash headache vomiting pain of lately,Infectious
having micturition itching spotting skin stomach burning pain urination rash,Dermatology
suffering from pus filled pimples skin scurring rash,Dermatology
experiencing muscle of diarrhoea mild of loss eyes pain appetite pain nausea dark abdominal joint urine pain fever yellowing vomiting,Gastroenterology
my main issue is heart fast loss irritability sweating fatigue weakness swings menstruation muscle restlessness rate hunger excessive weight abnormal mood diarrhoea,Endocrinology
having spinning unsteadiness headache nausea balance loss movements of vomiting,
i am having high red ooze yellow fever nose skin sore crust rash around blister,Dermatology
suffering from stomach itching micturition pain spotting rash skin burning urination,Dermatology
suffering from of sensorium side weakness one body headache altered,Neurology
feeling eyes high appetite chest sputum phlegm fever sweating mild of of blood loss in lymph loss vomiting weight swelled pain cough nodes breathlessness malaise yellowing fever fatigue,Pulmonology
my main issue is nausea unsteadiness vomiting loss of balance headache,
having continuous from chills watering shivering eyes sneezing,Dermatology
having wasting throat extra muscle contacts marital patches fever in high,Infectious
feeling pain vomiting muscle joint appetite eyes skin dark yellowish of abdominal urine loss mild nausea fever of yellowing pain pain,Gastroenterology
suffering from malaise swelled lymph skin over fever spots nodes red appetite fatigue mild of high headache lethargy itching loss fever rash body,Infectious
feeling dark nausea pain of appetite skin pain of loss liver high joint urine yellowing failure yellowish abdominal stomach vomiting coma fever fatigue bleeding acute eyes,Gastroenterology
experiencing fever muscle pain vomiting diarrhoea chills sweating headache nausea high,Infectious
i feel pain fatigue yellowing urine bleeding dark stomach of eyes yellowish coma pain vomiting liver of appetite failure loss acute fever joint abdominal nausea skin high lately,Gastroenterology
experiencing skin filled scurring rash pus pimples blackheads,Dermatology
suffering from fever high sore red skin ooze nose around yellow rash crust,Dermatology
dealing with itching skin eruptions rash skin nodal,Dermatology
i have vomiting of spinning loss nausea movements unsteadiness balance,
experiencing sunken eyes vomiting dehydration diarrhoea,Gastroenterology
i think it's toxic chills high (typhos) constipation fever look diarrhoea abdominal headache nausea pain vomiting belly pain fatigue,Infectious
experiencing and excessive distorted hunger headache disturbances indigestion visual irritability acidity depression stiff vision blurred neck,Neurology
suffering from fatigue sputum high history mucoid family cough fever,Pulmonology
having foul urine of urine discomfort of bladder feel smell continuous,Urology
my main issue is walking painful neck movement muscle joints stiffness swelling stiff weakness,Orthopedics
i have lips vomiting anxiety excessive speech and sweating nausea hunger fatigue palpitations slurred distorted headache vision and irritability drying blurred tingling,Endocrinology
experiencing pain itching rash spotting stomach urination skin,Dermatology
dealing with swelling stiff neck movement muscle painful walking stiffness weakness joints,Orthopedics
i have consumption stomach history fluid abdomen pain distention skin yellowish alcohol vomiting of overload abdominal swelling of of,Gastroenterology
my main issue is pus scurring blackheads pimples filled skin rash,Dermatology
i feel pain stomach itching micturition urination skin spotting burning rash lately,Dermatology
having loss abdominal yellowish pain joint nausea appetite fatigue vomiting pain yellowing skin dark eyes of urine of,Gastroenterology
i think it's neck depression acidity stiff irritability vision disturbances distorted excessive blurred hunger and headache visual indigestion,Neurology
i feel loss abdominal of dark skin of eyes nausea joint fatigue appetite yellowish urine pain pain yellowing lately,Gastroenterology
i am having stiff neck stiffness muscle weakness painful swelling movement walking joints,Orthopedics
feeling depression irritability headache vision stiff neck indigestion hunger excessive distorted blurred and acidity,Neurology
dealing with stiff excessive hunger distorted irritability visual headache indigestion neck acidity vision depression and disturbances blurred,Neurology
i feel high fever abdominal chills nausea fatigue look constipation toxic (typhos) diarrhoea pain pain belly vomiting lately,Infectious
i think it's family nausea skin yellowing loss eyes yellowish fatigue appetite of of history,Gastroenterology
i think it's joints swelling pain pain pain hip joint neck joint knee walking painful pain,Orthopedics
experiencing body pain chills fatigue over nausea pain loss rash malaise muscle high red skin back spots the joint fever pain behind headache eyes appetite pain vomiting of,Infectious
i feel skin urination spotting burning micturition rash itching lately,Dermatology
i have vomiting chest pain sweating breathlessness,Cardiology
experiencing transfusion fatigue malaise skin receiving yellow yellowish abdominal urine eyes loss of yellowing receiving dark lethargy blood injections urine itching unsterile of pain appetite,Gastroenterology
i feel sweating nausea chills high headache pain fever muscle vomiting lately,Infectious
i think it's nausea headache lips irritability fatigue and hunger sweating drying slurred vomiting tingling speech excessive palpitations anxiety,Endocrinology
having over lymph rash malaise high skin appetite of headache fatigue nodes spots mild fever lethargy swelled loss fever red body,Infectious
i feel breathlessness vomiting chest sweating pain lately,Cardiology
suffering from fatigue pain dark skin loss weight urine abdominal yellowish vomiting itching,Gastroenterology
i have stomach burning skin pain spotting urination rash micturition itching,Dermatology
suffering from fatigue chills sweating high sputum malaise pain cough rate chest fever heart fast phlegm rusty breathlessness,Pulmonology
feeling high fever muscle diarrhoea pain chills sweating vomiting headache,Infectious
suffering from shivering watering eyes continuous sneezing from,Dermatology
i feel hunger palpitations anxiety lips vomiting headache irritability and distorted speech drying tingling fatigue vision slurred sweating excessive and blurred lately,Endocrinology
experiencing loss internal vomiting itching pain appetite of passage of abdominal gases,Gastroenterology
i feel joint hip pain neck joint joints knee walking pain swelling painful pain pain lately,Orthopedics
i have on swollen vessels fatigue prominent swollen calf bruising legs blood veins obesity,Cardiology
my main issue is in phlegm pain loss sweating malaise eyes chills chest weight yellowing vomiting swelled lymph appetite of sputum mild loss fatigue of breathlessness nodes cough blood fever,Pulmonology
having yellowing pain of appetite loss abdominal itching of nausea skin vomiting eyes yellowish,
i have urine of joint pain muscle dark appetite mild skin vomiting diarrhoea of loss yellowish nausea yellowing eyes fever pain,Gastroenterology
experiencing menstruation dizziness nails face abnormal eyes enlarged and hands thyroid irritability swings brittle extremeties and weight swollen fatigue mood feets puffy gain cold depression,Endocrinology
i am having side one body sensorium of headache weakness altered,Neurology
having vomiting fatigue of the red pain eyes nausea pain loss skin malaise headache high appetite fever joint pain rash behind body back over spots chills,Infectious
dealing with consumption of stomach yellowish of swelling distention alcohol of overload skin abdomen vomiting history fluid,Gastroenterology
feeling skin blackheads scurring rash,Dermatology
having veins vessels bruising on fatigue calf obesity blood cramps swollen prominent swollen legs,Cardiology
i am having unsteadiness balance nausea loss headache movements vomiting spinning of,
my main issue is skin patches nodal dischromic rash eruptions skin,Dermatology
i think it's heart abnormal excessive restlessness weight sweating menstruation hunger irritability diarrhoea rate weakness fast muscle loss fatigue,Endocrinology
dealing with abdominal vomiting of of nausea dark pain eyes fever muscle appetite pain loss diarrhoea joint pain yellowing skin yellowish mild urine,Gastroenterology
feeling skin yellowing yellowish appetite loss eyes of of fatigue history nausea family,Gastroenterology
i feel fatigue swollen calf swollen on blood obesity bruising cramps prominent legs veins vessels lately,Cardiology
i think it's pain of skin fatigue yellowish vomiting pain liver coma failure yellowing acute of fever appetite stomach abdominal bleeding joint high urine loss dark eyes nausea,Gastroenterology
i am having hip neck knee swelling pain joint walking joint pain pain pain painful joints,Orthopedics
having history fatigue family appetite nausea loss eyes yellowish skin of yellowing of,Gastroenterology
i feel swollen prominent blood swollen legs fatigue vessels bruising veins calf on cramps lately,Cardiology
suffering from pain sweating breathlessness vomiting chest,Cardiology
suffering from fever cough breathlessness high fatigue family history,Pulmonology
i am having eyes nausea of of history fatigue appetite loss yellowing family,Gastroenterology
i think it's stiffness neck muscle weakness painful movement stiff walking,Orthopedics
i am having skin red fever around yellow nose crust rash ooze sore high blister,Dermatology
i think it's eyes abdominal lethargy yellowing yellowish urine receiving unsterile itching skin appetite blood receiving fatigue of transfusion malaise pain yellow of injections loss,Gastroenterology
i have dark pain yellowish fatigue skin fever abdominal urine vomiting itching weight loss high,Gastroenterology
my main issue is passage gases indigestion abdominal loss vomiting itching of internal of pain appetite,Gastroenterology
experiencing balance pain pain of back neck dizziness loss,Neurology
i think it's cough pain stomach ulcers on vomiting chest acidity pain tongue,Gastroenterology
dealing with body side weakness altered one of headache sensorium,Neurology
i think it's breathlessness sweating vomiting,Cardiology
experiencing burning foul discomfort bladder micturition of feel smell continuous urine of urine,Urology
experiencing dischromic itching patches rash skin,Dermatology
i have vomiting diarrhoea sunken eyes,Gastroenterology
i am having blood appetite yellowing pain fever mild chest fatigue sputum fever nodes loss of of high lymph phlegm sweating cough vomiting breathlessness swelled malaise chills eyes in,Pulmonology
dealing with mucoid fatigue history cough sputum high fever breathlessness family,Pulmonology
i am having sensorium of one headache altered body vomiting weakness side,Neurology
i am having nodal patches skin dischromic skin eruptions rash,Dermatology
my main issue is limbs dizziness pain neck back in pain weakness,Neurology
i feel vomiting eyes pain of red pain pain behind rash fatigue body spots pain over chills the joint malaise muscle appetite headache back skin nausea loss lately,Infectious
i think it's vomiting headache weakness of sensorium body one side altered,Neurology
dealing with of pain vomiting abdominal of distention swelling skin alcohol consumption stomach abdomen yellowish history of,Gastroenterology
my main issue is and drying headache tingling slurred distorted and speech vision blurred irritability excessive hunger nausea fatigue sweating anxiety lips palpitations,Endocrinology
i have marital extra patches fever high muscle throat wasting in contacts,Infectious
experiencing irritation runny headache pain chills loss nodes of muscle pressure redness swelled phlegm fatigue congestion throat malaise eyes smell pain of fever chest cough lymph high sinus nose,Pulmonology
i have loss urine of yellowish eyes abdominal yellowing dark nausea joint vomiting of skin appetite fatigue pain pain,Gastroenterology
suffering from pain fatigue of muscle headache back chills pain high fever pain red rash over spots joint behind appetite loss eyes the pain malaise body nausea skin vomiting,Infectious
i have tongue cough ulcers pain chest vomiting stomach acidity pain on,Gastroenterology
having redness fever cough congestion continuous pressure sinus irritation chest high pain of loss throat eyes swelled runny sneezing nose lymph chills pain muscle malaise of headache smell phlegm fatigue nodes,Pulmonology
experiencing sensorium one vomiting side headache of body weakness altered,Neurology
dealing with loss over fatigue appetite spots nodes lymph red mild high of lethargy rash fever swelled headache skin itching fever malaise body,Infectious
experiencing loss acute stomach pain liver of yellowish yellowing pain skin nausea eyes dark abdominal failure fever fatigue high bleeding of joint vomiting urine coma appetite,Gastroenterology
dealing with pain pain cough tongue vomiting stomach on chest acidity ulcers,Gastroenterology
dealing with chills from continuous shivering watering eyes sneezing,Dermatology
feeling fever pain of abdominal eyes appetite urine diarrhoea dark of muscle yellowing joint vomiting pain yellowish nausea loss mild pain skin,Gastroenterology
feeling side of weakness vomiting sensorium body headache altered one,Neurology
suffering from eruptions itching nodal patches skin dischromic,Dermatology
i have breathlessness high cough fever sputum fatigue mucoid,Pulmonology
suffering from in small skin peeling inflammatory dusting pain skin nails like dents joint nails rash silver,Dermatology
dealing with marital extra throat in contacts fever wasting patches high muscle,Infectious
experiencing one sensorium vomiting side weakness altered headache body of,Neurology
i think it's fever (typhos) constipation headache pain pain fatigue vomiting toxic look high diarrhoea nausea chills abdominal belly,Infectious
suffering from mild dark pain skin vomiting abdominal yellowing appetite urine diarrhoea nausea eyes fever loss of of pain muscle yellowish,Gastroenterology
having dizziness face thyroid weight gain brittle menstruation swollen depression lethargy and nails feets and fatigue puffy cold hands enlarged irritability swings abnormal mood extremeties eyes,Endocrinology
i feel fatigue family sputum breathlessness history high mucoid fever lately,Pulmonology
having vomiting chills high sweating nausea pain headache diarrhoea muscle fever,Infectious
i am having throat high patches extra marital fever contacts wasting in muscle,Infectious
experiencing sunken dehydration vomiting eyes,Gastroenterology
feeling itching unsterile injections yellowish lethargy blood transfusion dark of abdominal yellowing urine eyes receiving yellow of appetite malaise receiving fatigue pain skin urine loss,Gastroenterology
feeling eyes continuous irritation of chills fever headache throat phlegm sinus congestion pain redness sneezing loss swelled lymph runny high malaise chest pressure nodes smell cough of fatigue nose muscle pain,Pulmonology
dealing with neck distorted vision acidity stiff excessive hunger depression indigestion disturbances visual headache blurred irritability and,Neurology
i am having abdominal nausea vomiting pain chills diarrhoea high pain belly fatigue headache fever constipation,Infectious
experiencing loss skin appetite yellowing of pain itching abdominal vomiting eyes yellowish of nausea,
suffering from ulcers cough vomiting chest on stomach pain tongue pain,Gastroenterology
i feel smell of urine bladder feel urine micturition burning of foul discomfort continuous lately,Urology
having pain acidity vomiting pain ulcers on cough tongue chest stomach,Gastroenterology
dealing with muscle joint pain high of pain body fatigue vomiting nausea skin pain malaise rash fever pain back appetite over chills behind headache spots red the loss eyes,Infectious
my main issue is fatigue joint dark of appetite eyes pain skin yellowish nausea urine of yellowing vomiting abdominal pain loss,Gastroenterology
my main issue is of appetite yellowish liver vomiting joint pain stomach skin bleeding pain high of failure eyes acute loss yellowing abdominal nausea fatigue fever dark coma urine,Gastroenterology
i think it's stiff painful movement muscle walking weakness neck joints swelling stiffness,Orthopedics
having irritation pressure fatigue phlegm nodes headache lymph throat chest smell high fever chills pain sinus eyes redness runny loss of pain cough of muscle malaise nose swelled congestion,Pulmonology
feeling joints pain joint hip neck painful pain swelling pain pain joint knee walking,Orthopedics
my main issue is feel smell urine of burning urine continuous foul micturition of,Urology
i am having one vomiting headache sensorium body of weakness side altered,Neurology
experiencing red high around sore yellow crust rash nose skin ooze fever,Dermatology
i am having and depression mood and extremeties fatigue brittle eyes enlarged lethargy gain cold weight hands face swings thyroid nails irritability abnormal swollen feets menstruation puffy dizziness,Endocrinology
i am having cough tongue pain acidity ulcers stomach chest on pain,Gastroenterology
my main issue is nausea history yellowing appetite yellowish loss fatigue of family eyes of skin,Gastroenterology
experiencing pain loss loss phlegm appetite malaise mild fever yellowing in cough fatigue breathlessness eyes of fever weight lymph chest of high nodes sputum swelled vomiting blood sweating,Pulmonology
experiencing patches wasting high fever throat contacts marital extra in muscle,Infectious
having skin red back of pain pain joint spots appetite nausea eyes over fever malaise fatigue behind pain headache body rash high vomiting pain the loss muscle chills,Infectious
feeling mucoid sputum history cough breathlessness fatigue family,Pulmonology
feeling diarrhoea loss mild nausea pain eyes skin abdominal of urine pain vomiting yellowing yellowish fever dark muscle appetite of,Gastroenterology
having spots chills vomiting rash appetite malaise eyes pain back joint fatigue behind loss nausea red body pain over muscle skin the headache pain of fever pain high,Infectious
dealing with nodes pressure fatigue chills irritation chest throat cough sinus lymph loss sneezing runny continuous fever swelled smell muscle phlegm pain high eyes redness pain nose headache of of congestion malaise,Pulmonology
feeling sweating fast rate excessive mood hunger weight muscle restlessness loss weakness swings irritability diarrhoea abnormal menstruation heart,Endocrinology
i feel behind back chills pain fever spots of vomiting loss pain headache rash fatigue muscle pain red malaise skin eyes the nausea high body over appetite lately,Infectious
i think it's neck disturbances headache acidity hunger irritability stiff excessive indigestion visual vision blurred distorted and depression,Neurology
having high yellowish urine skin fatigue itching vomiting dark pain fever abdominal,Gastroenterology
i have altered vomiting body weakness of headache one side sensorium,Neurology
my main issue is chest high eyes yellowing blood cough of lymph fever swelled malaise sweating mild loss fatigue weight fever appetite nodes breathlessness phlegm loss chills in of sputum pain,Pulmonology
feeling headache vomiting sensorium altered,Neurology
having nausea of fever rash high back body the red skin pain behind spots over pain pain headache vomiting chills loss eyes appetite malaise muscle fatigue,Infectious
i think it's vomiting diarrhoea dehydration sunken eyes,Gastroenterology
experiencing pain nausea fatigue appetite abdominal vomiting urine skin dark yellowish pain loss joint yellowing of of eyes,Gastroenterology
experiencing micturition burning urine of feel urine bladder smell foul continuous discomfort of,Urology
my main issue is vomiting mild pain skin fever loss of eyes pain diarrhoea nausea yellowing of joint appetite pain muscle yellowish abdominal,Gastroenterology
having in pain of balance loss weakness dizziness back limbs,Neurology
i feel sweating high fever pain diarrhoea muscle headache chills nausea lately,Infectious
i have dehydration eyes vomiting sunken,Gastroenterology
i have sputum cough history family breathlessness high fatigue mucoid fever,Pulmonology
i feel swings mood weakness loss hunger heart abnormal muscle fast restlessness weight sweating rate fatigue diarrhoea excessive irritability menstruation lately,Endocrinology
i have pain itching skin yellowish high dark vomiting abdominal urine fever weight loss fatigue,Gastroenterology
i have weakness stiffness walking swelling joints muscle neck painful stiff movement,Orthopedics
dealing with marital high contacts wasting extra fever throat muscle in patches,Infectious
i am having continuous chills eyes watering shivering from sneezing,Dermatology
dealing with tongue chest pain stomach ulcers cough acidity on vomiting pain,Gastroenterology
suffering from pain rusty chills sputum heart breathlessness high malaise phlegm fast sweating fever cough chest rate,Pulmonology
i am having look constipation headache high fatigue (typhos) abdominal fever pain belly chills diarrhoea vomiting nausea pain toxic,Infectious
i think it's cough mild breathlessness chest vomiting pain loss fever yellowing malaise in phlegm of fatigue high swelled sweating appetite chills fever loss lymph eyes of nodes weight sputum blood,Pulmonology
i feel spots of headache muscle body nausea red malaise joint high loss appetite the pain fever skin pain pain pain vomiting back rash eyes over chills behind lately,Infectious
i am having loss fatigue dark abdominal skin weight urine vomiting pain yellowish itching,Gastroenterology
feeling breathlessness chest sweating pain vomiting,Cardiology
suffering from swollen swollen fatigue bruising vessels veins prominent on calf cramps blood legs obesity,Cardiology
i am having loss vomiting skin urine dark high fatigue pain yellowish fever weight abdominal,Gastroenterology
i think it's of nausea family yellowish skin eyes fatigue yellowing history,Gastroenterology
i feel pain dizziness pain in weakness loss of back neck balance limbs lately,Neurology
suffering from headache balance loss unsteadiness spinning of movements vomiting nausea,
my main issue is red over vomiting pain loss fatigue eyes the high skin pain fever nausea back of spots pain joint muscle pain rash body chills headache malaise behind appetite,Infectious
dealing with rash inflammatory joint pain in dents small skin like dusting silver nails nails,Dermatology
dealing with pain loss pain balance neck back weakness dizziness limbs of in,Neurology
my main issue is of eyes loss appetite yellowish fatigue skin family nausea of yellowing history,Gastroenterology
having yellowish fluid vomiting abdomen of skin alcohol abdominal of overload consumption pain history distention,Gastroenterology
dealing with chest vomiting on stomach pain ulcers cough tongue pain,Gastroenterology
i am having neck hunger depression disturbances excessive indigestion irritability blurred acidity and distorted visual vision stiff,Neurology
i think it's skin fatigue red loss over nodes mild lymph headache fever body swelled appetite itching malaise rash spots of lethargy,Infectious
i feel rash pus pimples filled blackheads skin lately,Dermatology
having internal indigestion itching of appetite vomiting passage loss of gases,Gastroenterology
i have fatigue pain high breathlessness cough fast chest phlegm chills malaise fever sputum heart rusty rate,Pulmonology
my main issue is and speech distorted and excessive sweating anxiety nausea tingling fatigue irritability vomiting drying vision lips slurred blurred hunger palpitations headache,Endocrinology
i have nausea fatigue palpitations sweating distorted anxiety and speech excessive tingling drying and vision slurred blurred lips headache irritability vomiting hunger,Endocrinology
my main issue is dischromic itching eruptions nodal rash skin skin patches,Dermatology
having fever nausea muscle diarrhoea headache pain vomiting high chills,Infectious
i have ooze nose sore yellow red fever high blister around rash skin crust,Dermatology
i am having continuous redness of pressure irritation chills pain loss muscle chest throat headache fever high lymph nodes sinus runny swelled malaise phlegm sneezing smell cough pain congestion eyes nose of,Pulmonology
i have over pain spots headache skin pain pain loss joint body malaise behind nausea back the pain fatigue fever muscle vomiting eyes red high appetite of rash,Infectious
having lethargy over nodes loss fever itching spots body high lymph appetite fatigue malaise of mild headache skin fever rash red swelled,Infectious
i feel sneezing continuous chills from eyes shivering watering lately,Dermatology
i feel enlarged feets nails extremeties mood irritability abnormal depression hands and gain swollen weight thyroid fatigue swings cold menstruation brittle lethargy dizziness lately,Endocrinology
suffering from movements vomiting spinning nausea unsteadiness headache,
i have pimples blackheads filled skin scurring rash pus,Dermatology
suffering from burning urination skin itching rash micturition spotting,Dermatology
i feel mood brittle irritability depression thyroid hands dizziness extremeties and lethargy swollen gain feets swings cold face weight menstruation abnormal nails puffy enlarged eyes fatigue and lately,Endocrinology
having limbs dizziness neck pain in back weakness pain,Neurology
experiencing nausea itching yellowing pain of loss skin yellowish eyes abdominal appetite vomiting of,
my main issue is joint pain swelling pain hip neck walking knee joints pain painful pain joint,Orthopedics
i have contacts wasting in muscle extra throat fever high patches marital,Infectious
feeling peeling dents like in pain skin rash dusting small nails inflammatory joint nails silver skin,Dermatology
having rash itching skin skin nodal eruptions,Dermatology
i have internal abdominal gases loss pain of passage indigestion itching vomiting of appetite,Gastroenterology
experiencing fatigue diarrhoea nausea abdominal vomiting (typhos) high fever look pain constipation chills toxic pain belly headache,Infectious
i think it's weight weakness loss rate diarrhoea fast menstruation fatigue muscle heart restlessness abnormal swings mood hunger irritability sweating excessive,Endocrinology
i have puffy thyroid face dizziness swings menstruation cold fatigue depression hands feets irritability swollen abnormal and enlarged mood weight nails gain and extremeties lethargy brittle eyes,Endocrinology
having knee pain joint painful walking pain neck joint pain pain hip,Orthopedics
my main issue is of yellowing lymph swelled pain sweating loss sputum cough chest weight high appetite phlegm nodes mild fever blood fever in breathlessness fatigue chills malaise eyes loss of,Pulmonology
i am having scurring pus rash blackheads pimples filled skin,Dermatology
feeling marital muscle contacts fever wasting high extra,Infectious
experiencing sore red fever nose high ooze blister yellow skin crust around rash,Dermatology
my main issue is chills watering from continuous shivering eyes sneezing,Dermatology
experiencing rash crust yellow fever blister nose skin ooze red sore around high,Dermatology
having over skin body loss fever rash appetite malaise itching lymph high headache lethargy red fever nodes of spots swelled mild,Infectious
i am having dischromic patches skin nodal skin eruptions rash itching,Dermatology
my main issue is joints walking weakness neck stiff movement stiffness swelling painful muscle,Orthopedics
i have red around rash blister high sore ooze yellow skin crust fever nose,Dermatology
i think it's of feel continuous urine bladder urine discomfort of foul burning smell micturition,Urology
dealing with feets swollen cold face thyroid hands enlarged fatigue depression puffy swings gain menstruation nails irritability and brittle extremeties lethargy and eyes weight mood abnormal,Endocrinology
experiencing bladder foul micturition discomfort smell urine burning continuous of urine feel of,Urology
dealing with drying palpitations headache excessive and lips and anxiety nausea hunger slurred vision speech vomiting irritability distorted fatigue tingling blurred sweating,Endocrinology
my main issue is overload alcohol abdominal swelling distention history pain consumption of fluid vomiting of stomach of abdomen,Gastroenterology
my main issue is rash skin blackheads scurring,Dermatology
i think it's high yellowish fever loss fatigue skin urine vomiting weight dark pain abdominal itching,Gastroenterology
i am having sneezing chills shivering watering eyes continuous from,Dermatology
i am having muscle in marital wasting throat patches high contacts fever extra,Infectious
my main issue is diarrhoea vomiting eyes sunken dehydration,Gastroenterology
i feel throat marital fever muscle patches high extra contacts wasting in lately,Infectious
my main issue is muscle wasting high fever in throat patches,Infectious
feeling swings abnormal mood weakness sweating rate hunger heart diarrhoea loss weight menstruation excessive muscle fatigue restlessness irritability fast,Endocrinology
i think it's neck irritability excessive headache blurred acidity disturbances stiff depression and vision hunger distorted visual,Neurology
i have brittle and puffy face abnormal dizziness gain menstruation cold irritability hands enlarged and swollen weight nails extremeties fatigue lethargy eyes depression feets thyroid,Endocrinology
i am having nausea headache muscle diarrhoea pain fever vomiting sweating chills high,Infectious
my main issue is like in skin small dusting skin joint rash peeling dents pain silver nails,Dermatology
feeling in silver rash inflammatory small skin nails peeling pain like skin dusting joint nails dents,Dermatology
i have swings fatigue hands cold mood enlarged extremeties face thyroid menstruation irritability brittle and puffy eyes and swollen weight lethargy dizziness feets gain depression nails abnormal,Endocrinology
i feel history loss yellowish skin appetite nausea fatigue of eyes yellowing of family lately,Gastroenterology
having headache nausea muscle chills sweating fever pain vomiting diarrhoea high,Infectious
dealing with feel discomfort urine continuous micturition burning of bladder,Urology
experiencing pain headache vomiting high nausea fever chills sweating muscle,Infectious
my main issue is of nausea appetite yellowing of loss skin history fatigue eyes yellowish family,Gastroenterology
i think it's eyes yellowing pain itching abdominal vomiting of nausea skin yellowish,
dealing with nausea loss movements vomiting headache spinning unsteadiness balance of,
i have excessive visual indigestion depression hunger neck stiff acidity irritability headache disturbances,Neurology
i am having fatigue diarrhoea muscle excessive weakness loss heart mood sweating rate fast swings irritability menstruation abnormal hunger weight restlessness,Endocrinology
i am having dehydration diarrhoea sunken vomiting eyes,Gastroenterology
i think it's high malaise runny chills swelled chest eyes fever irritation continuous of nose sinus pressure nodes sneezing throat redness congestion fatigue phlegm headache pain of loss muscle cough lymph smell pain,Pulmonology
having neck balance pain dizziness limbs in loss weakness pain of back,Neurology
i think it's patches dischromic itching nodal skin skin rash eruptions,Dermatology
i feel chest cough sputum heart rate pain fatigue malaise breathlessness rusty high fever fast phlegm chills lately,Pulmonology
i think it's patches nodal eruptions skin itching dischromic,Dermatology
i think it's sweating of swelled malaise high phlegm fever fever loss pain nodes blood lymph breathlessness weight eyes chest cough loss appetite in sputum fatigue mild yellowing vomiting of chills,Pulmonology
i am having micturition skin spotting urination rash itching burning,Dermatology
i think it's transfusion urine unsterile abdominal lethargy yellowing of malaise injections fatigue dark urine receiving yellow skin yellowish pain blood loss appetite receiving eyes itching of,Gastroenterology
suffering from fatigue swollen swollen bruising prominent vessels blood obesity calf legs on veins,Cardiology
i think it's urine yellowing fatigue dark pain joint loss eyes nausea pain vomiting abdominal appetite of of,Gastroenterology
suffering from vomiting unsteadiness balance nausea spinning of loss movements,
suffering from of yellowing abdominal loss fatigue yellowish dark nausea pain skin vomiting joint pain appetite urine eyes of,Gastroenterology
i am having vision and stiff indigestion irritability neck distorted disturbances depression headache blurred excessive hunger acidity visual,Neurology
i think it's marital contacts high muscle fever wasting extra,Infectious
my main issue is of family fatigue skin eyes of loss yellowish history yellowing nausea appetite,Gastroenterology
i feel micturition foul urine burning smell bladder of discomfort lately,Urology
i feel vomiting diarrhoea sunken eyes dehydration lately,Gastroenterology
dealing with urine joint of yellowing appetite dark pain of skin nausea yellowish eyes abdominal fatigue pain vomiting loss,Gastroenterology
i have hands cold gain nails irritability swings fatigue menstruation eyes puffy brittle enlarged weight mood and abnormal extremeties swollen and feets dizziness thyroid face lethargy depression,Endocrinology
dealing with headache itching skin swelled fatigue nodes lymph loss appetite of red lethargy spots malaise fever fever high over mild rash body,Infectious
i have movements vomiting spinning balance of unsteadiness loss headache nausea,
dealing with sweating vomiting pain high fever chills diarrhoea muscle nausea,Infectious
having urine coma pain high of yellowing of bleeding yellowish fatigue skin eyes failure appetite liver stomach abdominal nausea pain loss vomiting dark joint acute fever,Gastroenterology
suffering from of eyes nausea itching yellowish of yellowing appetite vomiting loss skin,
suffering from and brittle irritability swollen hands cold enlarged abnormal face and swings gain dizziness extremeties lethargy feets eyes thyroid fatigue nails menstruation depression puffy weight mood,Endocrinology
my main issue is pain abdominal of distention of of vomiting swelling stomach yellowish skin consumption history alcohol abdomen,Gastroenterology
feeling loss redness runny malaise congestion sinus pain smell phlegm irritation pressure continuous chills pain headache eyes throat of high nodes cough chest of nose fever swelled sneezing fatigue muscle lymph,Pulmonology
feeling lymph sputum nodes chills fever in weight pain loss of vomiting loss mild of cough blood yellowing breathlessness fever sweating appetite eyes fatigue chest phlegm swelled malaise high,Pulmonology
having sore high rash red around yellow crust skin blister fever ooze nose,Dermatology
dealing with headache pain constipation pain vomiting diarrhoea look toxic (typhos) chills fatigue high belly abdominal fever,Infectious
i am having breathlessness fatigue sputum fast rate high sweating phlegm chest rusty fever cough chills pain heart,Pulmonology
experiencing depression gain feets brittle abnormal mood and puffy irritability fatigue eyes menstruation swings and face thyroid lethargy dizziness hands enlarged extremeties swollen nails weight cold,Endocrinology
my main issue is fast swings mood loss excessive rate restlessness heart irritability weight weakness muscle sweating fatigue menstruation abnormal hunger diarrhoea,Endocrinology
having eyes yellow unsterile appetite yellowing pain yellowish of skin transfusion blood receiving loss itching malaise of abdominal fatigue receiving lethargy urine injections urine dark,Gastroenterology
i think it's diarrhoea chills fever pain fatigue constipation pain high headache nausea belly vomiting abdominal,Infectious
having runny pressure sinus cough throat continuous eyes nose chills redness congestion of muscle pain fever pain high smell of malaise loss chest phlegm headache fatigue sneezing irritation,Pulmonology
having of eyes loss skin nausea yellowing appetite history family yellowish fatigue of,Gastroenterology
feeling side sensorium altered one headache of weakness body,Neurology
feeling wasting contacts extra patches muscle fever in high marital throat,Infectious
experiencing loss pain abdominal skin yellowish vomiting urine dark itching high weight fever fatigue,Gastroenterology
i have yellowish urine injections malaise blood transfusion urine receiving of eyes yellow of fatigue dark lethargy pain skin unsterile receiving abdominal yellowing itching loss appetite,Gastroenterology
i think it's appetite fatigue vomiting acute pain coma high fever loss of stomach abdominal bleeding yellowish liver pain eyes failure joint of nausea yellowing skin,Gastroenterology
experiencing headache movements of balance spinning unsteadiness nausea loss vomiting,
my main issue is nose congestion pain nodes high chills muscle pain eyes of lymph chest loss smell malaise sinus sneezing pressure fatigue swelled throat irritation headache of redness runny fever phlegm continuous,Pulmonology
dealing with dark of of appetite receiving eyes lethargy loss injections unsterile blood receiving urine skin yellowish yellowing abdominal fatigue malaise transfusion pain itching,Gastroenterology
having skin of of itching yellowing vomiting pain abdominal appetite loss yellowish eyes nausea,
having headache one sensorium side weakness of vomiting body altered,Neurology
i feel itching skin rash dischromic patches lately,Dermatology
i have vomiting passage loss of appetite indigestion itching internal of gases abdominal pain,Gastroenterology
having burning urine of feel smell foul continuous discomfort bladder urine micturition of,Urology
i have fatigue high cough fever breathlessness rate fast rusty chest sputum heart malaise chills pain sweating,Pulmonology
suffering from internal abdominal vomiting of itching passage gases indigestion pain,Gastroenterology
i have fluid consumption history of of overload stomach skin of alcohol abdominal abdomen yellowish swelling distention pain,Gastroenterology
feeling yellowish appetite skin of of loss nausea fatigue yellowing eyes,Gastroenterology
feeling itching abdominal urine fatigue yellowish fever vomiting weight skin dark high loss pain,Gastroenterology
experiencing pain loss vomiting fatigue high fever abdominal itching dark skin weight urine yellowish,Gastroenterology
suffering from in neck pain loss limbs balance of back pain dizziness weakness,Neurology
my main issue is vomiting acidity on pain stomach chest pain tongue ulcers cough,Gastroenterology
my main issue is excessive vision anxiety and tingling and drying blurred sweating hunger vomiting palpitations distorted fatigue slurred nausea lips speech headache irritability,Endocrinology
having tongue vomiting stomach cough on ulcers chest pain acidity pain,Gastroenterology
i have skin rash crust high around red fever blister sore yellow ooze nose,Dermatology
feeling pain toxic abdominal vomiting chills (typhos) pain nausea fever high constipation belly fatigue look diarrhoea headache,Infectious
i feel stiff joints stiffness muscle swelling weakness walking movement neck painful lately,Orthopedics
feeling dischromic skin eruptions itching nodal patches,Dermatology
i have gases loss internal indigestion appetite pain itching of vomiting abdominal of passage,Gastroenterology
experiencing of urine micturition foul bladder continuous feel of discomfort urine burning smell,Urology
suffering from rash eruptions nodal skin skin itching,Dermatology
my main issue is fever yellowing chills pain in appetite fatigue cough mild loss eyes nodes of high phlegm of malaise lymph sputum blood fever breathlessness sweating vomiting chest swelled,Pulmonology
my main issue is swelling joint joint pain neck pain pain hip knee joints pain,Orthopedics
suffering from history cough family mucoid fatigue high fever sputum,Pulmonology
experiencing breathlessness sweating chest pain,Cardiology
suffering from balance headache spinning movements loss nausea vomiting of unsteadiness,
suffering from watering continuous chills from sneezing shivering eyes,Dermatology
dealing with breathlessness vomiting sweating,Cardiology
experiencing passage pain loss vomiting indigestion of abdominal of appetite gases,Gastroenterology
feeling irritability loss weakness restlessness heart fast sweating fatigue excessive rate weight abnormal menstruation muscle diarrhoea hunger,Endocrinology
suffering from runny high sneezing of nose cough congestion irritation muscle eyes headache swelled lymph chills redness throat fever continuous phlegm of sinus pressure pain chest loss pain fatigue nodes smell,Pulmonology
experiencing vision anxiety drying distorted excessive nausea fatigue hunger irritability blurred and speech slurred vomiting tingling sweating palpitations and lips headache,Endocrinology
having indigestion itching passage internal vomiting pain gases of abdominal,Gastroenterology
i have cramps obesity swollen blood fatigue legs bruising on vessels veins swollen calf prominent,Cardiology
i am having sinus of nose loss chills eyes swelled irritation pain fever runny high cough smell fatigue throat lymph phlegm nodes malaise headache chest pressure congestion of muscle pain redness,Pulmonology
having around red sore yellow fever skin crust blister ooze nose high rash,Dermatology
having yellow receiving blood of unsterile appetite yellowing loss transfusion urine lethargy dark itching eyes malaise pain skin receiving of fatigue injections yellowish urine abdominal,Gastroenterology
experiencing irritability excessive drying nausea slurred vision sweating blurred fatigue speech headache anxiety distorted hunger tingling lips palpitations and and,Endocrinology
my main issue is limbs loss balance pain back dizziness pain weakness neck of in,Neurology
my main issue is fatigue yellowish dark skin fever loss weight high vomiting abdominal itching urine pain,Gastroenterology
dealing with high marital fever muscle extra contacts wasting,Infectious
experiencing stiffness weakness stiff muscle movement walking painful swelling joints neck,Orthopedics
experiencing itching injections pain transfusion urine loss receiving yellowish dark abdominal eyes skin unsterile lethargy yellowing of urine of appetite receiving malaise blood fatigue yellow,Gastroenterology
i have unsteadiness headache spinning vomiting nausea movements,
my main issue is mild chills malaise fever loss of nodes swelled of lymph sputum eyes loss sweating yellowing chest in cough phlegm high breathlessness blood weight fever vomiting pain appetite fatigue,Pulmonology
experiencing internal vomiting of appetite itching passage abdominal loss pain gases of,Gastroenterology
i think it's malaise lethargy spots lymph body fever red skin swelled rash headache fatigue itching appetite of nodes loss over high,Infectious
i have nodal skin skin dischromic eruptions patches rash,Dermatology
suffering from red high fatigue appetite skin fever body rash lethargy loss itching over of spots lymph swelled nodes malaise mild fever headache,Infectious
having vomiting of unsteadiness spinning loss headache balance movements nausea,
i feel tongue acidity on pain stomach pain chest ulcers vomiting cough lately,Gastroenterology
having stomach pain cough acidity vomiting chest pain,Gastroenterology
dealing with mucoid history sputum high breathlessness fatigue fever family,Pulmonology
feeling movements loss vomiting of balance headache nausea unsteadiness spinning,
i have vomiting yellowing skin loss stomach of of coma urine dark fatigue pain bleeding joint high acute abdominal yellowish fever appetite nausea liver pain eyes failure,Gastroenterology
experiencing breathlessness vomiting pain chest sweating,Cardiology
i feel headache sneezing irritation muscle fatigue sinus nodes throat loss continuous eyes congestion smell pain chest malaise high of swelled pressure fever runny chills phlegm pain lymph nose of cough redness lately,Pulmonology
i am having burning rash urination itching micturition spotting stomach pain skin,Dermatology
i am having toxic look fatigue abdominal pain fever chills nausea pain constipation diarrhoea (typhos) belly headache vomiting high,Infectious
my main issue is muscle joints walking movement weakness neck swelling painful stiffness stiff,Orthopedics
having muscle fever contacts throat extra marital high in wasting patches,Infectious
feeling sore rash skin yellow around ooze nose blister crust red,Dermatology
my main issue is of skin over red fatigue spots appetite lymph swelled fever body high nodes itching malaise headache lethargy rash loss,Infectious
i have fatigue joint pain pain of of loss abdominal urine yellowing dark yellowish vomiting eyes skin nausea appetite,Gastroenterology
i am having neck of limbs in pain weakness dizziness pain loss back balance,Neurology
my main issue is depression visual vision irritability blurred disturbances indigestion neck distorted and acidity headache stiff,Neurology
i have vomiting pain diarrhoea sweating nausea chills fever muscle high,Infectious
i am having nausea of fatigue dark of pain joint appetite vomiting yellowing skin abdominal yellowish eyes urine loss pain,Gastroenterology
dealing with pain on ulcers pain chest vomiting tongue stomach acidity,Gastroenterology
i feel nodal itching eruptions rash skin skin lately,Dermatology
i have filled skin pimples scurring blackheads rash pus,Dermatology
i have altered sensorium vomiting side headache body one weakness of,Neurology
i think it's rusty breathlessness fast sputum pain rate heart chest high cough malaise fever sweating chills phlegm fatigue,Pulmonology
my main issue is weakness vomiting side of sensorium altered one body,Neurology
feeling mild appetite loss swelled red malaise over lethargy fatigue rash headache spots body nodes lymph skin high fever of itching fever,Infectious
feeling palpitations fatigue tingling irritability anxiety hunger headache speech blurred vomiting and drying and excessive lips distorted slurred sweating vision,Endocrinology
experiencing and headache fatigue sweating nausea drying distorted excessive tingling hunger blurred and speech lips palpitations slurred vomiting irritability anxiety vision,Endocrinology
experiencing cough runny malaise irritation lymph phlegm continuous of fever sinus throat eyes loss chills pain chest congestion swelled fatigue pain nose pressure muscle headache sneezing nodes redness of high smell,Pulmonology
i am having body of side altered sensorium headache vomiting weakness one,Neurology
my main issue is pain weakness back of loss balance in dizziness pain limbs neck,Neurology
experiencing extra contacts high wasting muscle fever marital,Infectious
my main issue is disturbances visual stiff excessive neck hunger vision and distorted acidity headache irritability blurred indigestion depression,Neurology
my main issue is irritability neck distorted visual headache vision and disturbances acidity stiff excessive hunger depression blurred,Neurology
i think it's of skin yellowish eyes loss pain nausea of abdominal appetite vomiting itching yellowing,
my main issue is muscle movement stiff stiffness walking painful neck weakness,Orthopedics
having abdominal urine weight high dark fatigue yellowish pain vomiting loss skin fever,Gastroenterology
dealing with abdomen alcohol pain overload distention of fluid history stomach of abdominal swelling of vomiting consumption,Gastroenterology
i feel restlessness irritability heart fatigue diarrhoea menstruation excessive muscle rate sweating fast hunger abnormal weight loss weakness lately,Endocrinology
i feel vomiting pain skin pain abdominal eyes nausea yellowish urine of dark of appetite fatigue loss yellowing joint lately,Gastroenterology
i think it's nose crust ooze blister yellow sore around rash red skin,Dermatology
dealing with palpitations irritability slurred drying vision sweating vomiting blurred and and tingling hunger excessive lips speech distorted anxiety headache nausea,Endocrinology
i am having of pain abdominal skin eyes urine vomiting yellowish loss nausea fatigue appetite joint dark pain of yellowing,Gastroenterology
i feel pain in rash inflammatory nails silver nails small peeling skin dents dusting skin like joint lately,Dermatology
i feel loss pain malaise appetite injections itching transfusion yellowish dark receiving urine skin yellow of abdominal urine receiving blood of unsterile eyes lethargy yellowing fatigue lately,Gastroenterology
i am having pain swelling pain pain knee walking hip joints joint painful joint pain neck,Orthopedics
i have fatigue constipation abdominal belly pain toxic fever chills nausea pain (typhos) diarrhoea high look headache vomiting,Infectious
dealing with eyes vomiting sunken dehydration diarrhoea,Gastroenterology
experiencing loss of vomiting nausea appetite itching yellowish pain skin abdominal,
feeling appetite joint abdominal high pain bleeding yellowish yellowing of coma loss of stomach failure pain acute fever fatigue nausea urine dark eyes vomiting liver skin,Gastroenterology
dealing with rash dischromic skin nodal eruptions itching patches skin,Dermatology
i have veins on prominent legs calf swollen bruising blood vessels swollen fatigue obesity cramps,Cardiology
experiencing skin micturition burning stomach itching pain rash,Dermatology
i am having knee joint walking painful pain hip joint swelling neck pain pain joints pain,Orthopedics
feeling muscle movement stiffness swelling stiff painful joints neck walking weakness,Orthopedics
feeling rate rusty chills heart chest sputum fast pain high sweating fatigue malaise fever breathlessness phlegm,Pulmonology
suffering from skin rash pain urination spotting burning itching micturition stomach,Dermatology
having indigestion irritability blurred headache acidity distorted disturbances visual hunger neck vision excessive stiff and,Neurology
i think it's skin dischromic patches skin itching nodal eruptions rash,Dermatology
i think it's pain fatigue weight fever abdominal itching loss vomiting urine yellowish high dark skin,Gastroenterology
having mucoid fatigue cough history sputum high family fever breathlessness,Pulmonology
experiencing in fever patches high contacts throat extra marital,Infectious
i think it's tingling excessive headache sweating vision and lips and hunger palpitations blurred irritability slurred anxiety fatigue nausea vomiting speech distorted drying,Endocrinology
i have belly fever vomiting fatigue high chills look pain constipation toxic headache nausea (typhos) abdominal pain,Infectious
having rate fever breathlessness fast pain cough phlegm rusty heart chills fatigue chest malaise sputum high sweating,Pulmonology
i am having and disturbances indigestion neck hunger acidity irritability blurred excessive vision headache distorted visual depression stiff,Neurology
dealing with patches rash skin nodal eruptions itching dischromic skin,Dermatology
i am having loss headache vomiting balance nausea of movements unsteadiness spinning,
i feel nausea high fever vomiting muscle pain headache chills diarrhoea lately,Infectious
my main issue is pain fever sputum chills rusty breathlessness chest heart high fatigue malaise rate phlegm sweating cough fast,Pulmonology
dealing with mucoid history family fatigue high fever cough sputum,Pulmonology
having lymph irritation headache muscle sneezing continuous smell sinus congestion of throat fatigue phlegm of nose fever malaise runny cough eyes loss pain pressure chest nodes pain high swelled chills redness,Pulmonology
experiencing spotting skin stomach pain rash micturition itching urination burning,Dermatology
i have abdominal of of nausea yellowish skin eyes pain loss appetite yellowing itching vomiting,
feeling spotting pain urination micturition itching stomach burning,Dermatology
having muscle diarrhoea pain chills sweating high headache fever vomiting nausea,Infectious
feeling micturition urine discomfort burning continuous bladder of feel,Urology
feeling skin pain spotting rash itching burning micturition urination stomach,Dermatology
experiencing loss in limbs neck balance of pain weakness dizziness,Neurology
i think it's itching vomiting passage indigestion appetite of abdominal of pain internal loss gases,Gastroenterology
feeling skin of malaise appetite chills spots nausea fatigue the pain body pain eyes behind muscle back pain joint headache rash vomiting loss over pain red,Infectious
experiencing eyes of appetite yellowish loss nausea family fatigue history skin yellowing of,Gastroenterology
i have gases passage internal of abdominal vomiting indigestion appetite itching loss pain of,Gastroenterology
i feel disturbances and depression vision excessive stiff visual headache blurred irritability distorted hunger neck indigestion acidity lately,Neurology
suffering from cough chest acidity pain stomach ulcers vomiting pain tongue on,Gastroenterology
my main issue is sputum breathlessness high fever family fatigue history mucoid,Pulmonology
dealing with breathlessness fast sputum chills rate fatigue malaise rusty fever cough pain phlegm heart sweating high chest,Pulmonology
having fever chest pain fatigue swelled eyes of appetite cough blood breathlessness yellowing vomiting loss high chills mild lymph of nodes weight in sweating loss malaise sputum fever phlegm,Pulmonology
dealing with skin skin nodal patches eruptions rash dischromic,Dermatology
i feel veins cramps swollen fatigue bruising obesity prominent vessels blood calf legs on swollen lately,Cardiology
i am having red ooze yellow around blister high crust nose fever sore,Dermatology
i feel menstruation face thyroid mood weight and brittle hands feets dizziness irritability depression puffy swollen swings cold abnormal nails and gain eyes extremeties fatigue enlarged lately,Endocrinology
feeling skin failure fever stomach yellowish acute of pain abdominal urine appetite yellowing fatigue liver dark vomiting of pain bleeding high joint eyes loss nausea coma,Gastroenterology
i have pain pain eyes of abdominal loss of muscle fever nausea urine vomiting diarrhoea dark skin yellowish appetite yellowing pain mild joint,Gastroenterology
i am having continuous feel of discomfort urine bladder burning micturition,Urology
i feel eyes yellowish abdominal joint yellowing pain nausea fatigue urine pain vomiting of dark skin lately,Gastroenterology
feeling of yellowing of history fatigue loss eyes nausea skin appetite family yellowish,Gastroenterology
experiencing and acidity neck vision visual blurred stiff hunger headache irritability indigestion distorted depression disturbances excessive,Neurology
i am having abdominal bleeding loss skin acute coma of appetite urine failure vomiting yellowish eyes nausea fatigue of dark pain high fever stomach liver yellowing,Gastroenterology
i am having bruising swollen swollen on legs calf prominent veins cramps blood vessels fatigue,Cardiology
i feel abdominal toxic fever pain constipation pain high diarrhoea headache fatigue chills nausea vomiting look belly (typhos) lately,Infectious
experiencing hunger stiff distorted vision irritability headache and acidity blurred depression neck excessive visual disturbances indigestion,Neurology
my main issue is appetite of itching of loss pain abdominal gases passage vomiting indigestion internal,Gastroenterology
feeling congestion lymph chills phlegm headache swelled sneezing muscle runny loss chest redness nose pain eyes cough fatigue irritation pain of smell pressure continuous high throat malaise of sinus nodes fever,Pulmonology
having loss gases passage vomiting indigestion appetite itching of internal of pain abdominal,Gastroenterology
my main issue is blood obesity calf on fatigue vessels legs swollen prominent swollen bruising veins cramps,Cardiology
dealing with rate chest chills breathlessness pain fast heart malaise phlegm fatigue cough rusty sputum sweating,Pulmonology
suffering from urine high yellowish loss itching vomiting abdominal fever fatigue skin dark pain weight,Gastroenterology
my main issue is eyes fatigue swings thyroid weight depression lethargy irritability feets extremeties swollen enlarged menstruation brittle mood cold and nails gain puffy dizziness hands face and abnormal,Endocrinology
suffering from pain back of loss in weakness dizziness neck pain limbs balance,Neurology
my main issue is acidity tongue chest on stomach cough pain pain ulcers,Gastroenterology
feeling stiff swelling movement weakness stiffness joints muscle neck painful walking,Orthopedics
i am having one vomiting of weakness headache altered body sensorium side,Neurology
suffering from appetite of history family of fatigue yellowing skin yellowish eyes loss,Gastroenterology
i have appetite back muscle fever pain red nausea eyes over malaise the body pain pain pain headache loss behind fatigue vomiting spots rash of chills joint skin high,Infectious
dealing with fever belly constipation toxic (typhos) headache pain nausea chills vomiting pain diarrhoea fatigue high look abdominal,Infectious
dealing with nausea skin abdominal pain of yellowing itching vomiting yellowish eyes,
dealing with breathlessness chest pain sweating vomiting,Cardiology
dealing with sensorium headache body weakness side altered vomiting of one,Neurology
having skin eyes of muscle nausea abdominal fever yellowing urine pain dark vomiting joint loss yellowish pain appetite pain mild of,Gastroenterology
dealing with altered side sensorium weakness headache body of one,Neurology
i think it's constipation chills abdominal pain vomiting toxic look fever pain diarrhoea fatigue (typhos) nausea headache belly high,Infectious
feeling skin rash blackheads filled scurring pimples pus,Dermatology
i am having constipation headache toxic high look fever fatigue chills pain abdominal (typhos) vomiting belly pain diarrhoea nausea,Infectious
i think it's eyes dehydration diarrhoea vomiting sunken,Gastroenterology
i think it's eyes diarrhoea vomiting sunken,Gastroenterology
i feel of abdominal skin yellowing eyes of nausea pain loss yellowish itching appetite lately,
experiencing itching internal indigestion passage pain gases abdominal of vomiting,Gastroenterology
experiencing unsteadiness nausea headache spinning movements loss balance of,
my main issue is muscle weakness neck walking movement joints stiff stiffness swelling painful,Orthopedics
having joint high abdominal stomach yellowish appetite urine fever pain eyes loss coma dark skin pain bleeding nausea fatigue of liver vomiting yellowing failure of acute,Gastroenterology
feeling nausea vomiting irritability headache lips vision distorted slurred and speech palpitations drying and anxiety sweating excessive tingling blurred hunger,Endocrinology
experiencing urine urine foul bladder discomfort continuous burning feel micturition of of smell,Urology
i feel of vomiting yellowing eyes pain yellowish skin of loss abdominal nausea appetite fatigue pain joint lately,Gastroenterology
having nausea high fever muscle sweating pain headache vomiting diarrhoea,Infectious
experiencing dischromic skin skin patches nodal itching eruptions rash,Dermatology
having nausea mild yellowing eyes appetite pain skin of pain dark muscle diarrhoea fever pain abdominal yellowish joint urine loss of,Gastroenterology
experiencing toxic diarrhoea chills vomiting fever fatigue nausea high look pain belly abdominal pain headache (typhos) constipation,Infectious
i am having marital wasting in patches contacts extra throat muscle,Infectious
dealing with skin yellowish abdomen vomiting history stomach alcohol fluid pain consumption abdominal of overload of of distention swelling,Gastroenterology
i feel wasting contacts high muscle fever patches extra marital throat in lately,Infectious
i am having chills shivering eyes from watering,Dermatology
i have vomiting eyes sunken diarrhoea,Gastroenterology
i am having dark fever high pain weight yellowish abdominal itching loss vomiting urine skin,Gastroenterology
i have headache sweating nausea vomiting chills fever pain muscle high diarrhoea,Infectious
having chills continuous eyes from sneezing shivering watering,Dermatology
i am having hunger and blurred headache acidity depression distorted vision irritability visual disturbances indigestion excessive,Neurology
feeling vomiting on ulcers pain pain chest acidity stomach tongue cough,Gastroenterology
experiencing walking neck swelling painful stiffness weakness joints muscle stiff movement,Orthopedics
i feel internal gases pain of itching appetite loss abdominal passage of indigestion vomiting lately,Gastroenterology
i have nose loss nodes chills continuous fever phlegm malaise headache chest smell throat irritation swelled redness eyes of sinus sneezing congestion cough high lymph muscle runny pain of pain pressure,Pulmonology
dealing with pain sweating high chills nausea headache muscle diarrhoea fever,Infectious
feeling extra contacts muscle marital fever wasting high,Infectious
dealing with sunken vomiting eyes dehydration,Gastroenterology
having fever joint red eyes loss chills over pain headache of pain fatigue high pain spots body vomiting pain behind muscle appetite nausea malaise rash back the skin,Infectious
feeling high pain look fever toxic chills nausea (typhos) headache vomiting diarrhoea constipation fatigue belly,Infectious
dealing with lymph swelled fatigue high malaise rash spots over loss red skin body fever headache mild fever nodes itching appetite lethargy of,Infectious
i have fatigue weight malaise swelled nodes blood in pain fever eyes loss vomiting breathlessness loss cough of of mild chills sputum chest high appetite lymph phlegm sweating yellowing fever,Pulmonology
feeling dents inflammatory like nails dusting pain skin silver small skin rash joint in peeling nails,Dermatology
suffering from discomfort urine of continuous feel urine burning micturition foul of smell bladder,Urology
i am having calf legs obesity bruising veins swollen blood prominent swollen on vessels cramps,Cardiology
feeling skin appetite dark loss fever pain muscle diarrhoea yellowing pain of yellowish nausea of eyes abdominal vomiting mild urine,Gastroenterology
experiencing sweating vomiting breathlessness pain chest,Cardiology
experiencing of of appetite pain loss abdominal gases vomiting itching indigestion passage internal,Gastroenterology
my main issue is eyes nausea yellowing of vomiting yellowish itching appetite skin loss pain of abdominal,
suffering from blurred irritability palpitations and headache and anxiety nausea sweating hunger vision speech slurred tingling distorted vomiting fatigue lips excessive drying,Endocrinology
i feel inflammatory peeling rash small dents pain in dusting skin nails like joint skin nails silver lately,Dermatology
suffering from movements nausea unsteadiness balance loss spinning vomiting of,
i am having vision acidity headache and disturbances neck depression visual irritability distorted stiff indigestion excessive hunger blurred,Neurology
having painful walking pain swelling neck pain joint pain hip joints joint,Orthopedics
i am having contacts throat in extra patches muscle fever marital high wasting,Infectious
having micturition of burning of continuous urine foul discomfort bladder urine smell feel,Urology
i think it's swelling fluid of of alcohol of stomach abdominal pain history skin abdomen distention vomiting consumption yellowish overload,Gastroenterology
dealing with abnormal muscle menstruation swings restlessness heart rate fatigue weight irritability mood loss hunger fast excessive diarrhoea sweating weakness,Endocrinology
having extremeties gain swollen and swings mood menstruation weight lethargy eyes puffy dizziness feets abnormal hands face irritability thyroid brittle cold depression and fatigue enlarged nails,Endocrinology
experiencing pain pain diarrhoea skin loss mild joint yellowing appetite muscle of urine dark of nausea fever pain yellowish eyes vomiting abdominal,Gastroenterology
i think it's malaise breathlessness phlegm pain heart fever rusty sputum cough fast chest rate high chills fatigue sweating,Pulmonology
having slurred vision vomiting drying lips excessive and hunger distorted blurred palpitations speech fatigue anxiety irritability nausea sweating tingling and,Endocrinology
feeling from eyes shivering watering chills,Dermatology
feeling eyes injections yellowish receiving itching appetite yellowing transfusion receiving blood of malaise yellow urine fatigue urine abdominal of pain skin dark loss unsterile,Gastroenterology
i am having high pain headache nausea fever muscle chills sweating vomiting,Infectious
my main issue is diarrhoea (typhos) pain nausea fever pain belly chills constipation look toxic abdominal high fatigue vomiting,Infectious
dealing with sensorium vomiting headache altered,Neurology
feeling burning discomfort of urine urine micturition bladder continuous smell feel of foul,Urology
i think it's nausea unsteadiness spinning movements headache vomiting,
i think it's pain pain sinus chills malaise eyes redness of throat high of runny continuous muscle headache fatigue smell loss nose pressure fever irritation sneezing phlegm cough congestion chest,Pulmonology
experiencing nausea loss vomiting balance movements headache unsteadiness of spinning,
experiencing palpitations anxiety headache slurred vision tingling and excessive distorted lips hunger vomiting irritability fatigue and nausea blurred drying sweating speech,Endocrinology
feeling wasting muscle high marital contacts throat extra fever patches in,Infectious
i have chest stomach ulcers pain tongue on acidity cough pain vomiting,Gastroenterology
suffering from diarrhoea dehydration eyes sunken,Gastroenterology
having stomach vomiting pain appetite fatigue coma dark pain acute high bleeding yellowing liver eyes of failure of loss joint skin yellowish urine fever nausea abdominal,Gastroenterology
feeling muscle menstruation sweating fatigue diarrhoea hunger abnormal fast excessive weight heart mood irritability swings loss rate weakness restlessness,Endocrinology
i am having of internal abdominal gases pain indigestion passage vomiting itching,Gastroenterology
dealing with acidity pain stomach pain cough chest vomiting,Gastroenterology
i have spinning nausea of loss headache balance vomiting movements unsteadiness,
i feel itching pain receiving fatigue blood transfusion of of eyes abdominal loss malaise receiving unsterile yellow urine lethargy yellowish dark yellowing urine appetite injections skin lately,Gastroenterology
feeling neck walking pain joint hip pain painful pain swelling joint knee joints pain,Orthopedics
feeling appetite loss history of of nausea family fatigue yellowing eyes,Gastroenterology
i am having discomfort of urine of continuous foul smell bladder urine feel,Urology
suffering from chills eyes sneezing continuous watering from,Dermatology
feeling pain vomiting chest sweating breathlessness,Cardiology
my main issue is transfusion eyes urine yellowing dark yellow of unsterile receiving yellowish loss injections blood malaise itching fatigue appetite abdominal skin pain of receiving lethargy urine,Gastroenterology
i think it's sweating malaise chills rate breathlessness pain heart fatigue rusty sputum chest fast cough phlegm,Pulmonology
i think it's irritability blurred drying tingling vision and hunger speech nausea slurred lips distorted fatigue anxiety headache vomiting sweating palpitations excessive and,Endocrinology
i am having stiffness muscle stiff weakness walking neck movement painful swelling joints,Orthopedics
i think it's stomach pain vomiting chest tongue cough on ulcers pain,Gastroenterology
i am having anxiety fatigue sweating hunger excessive tingling distorted nausea blurred and and slurred drying irritability vomiting lips vision palpitations headache speech,Endocrinology
i am having vomiting pain sweating breathlessness chest,Cardiology
i am having itching high pain vomiting urine abdominal skin yellowish weight dark loss fever fatigue,Gastroenterology
i have nodes lymph nose high headache pain of smell swelled sneezing throat malaise eyes sinus muscle of redness congestion fatigue chest pain continuous phlegm irritation cough pressure fever chills loss runny,Pulmonology
dealing with appetite lethargy skin high red malaise lymph nodes of body over headache itching mild fever rash swelled spots loss fever,Infectious
experiencing of loss vomiting internal appetite itching pain abdominal indigestion passage gases of,Gastroenterology
i have cough family fatigue sputum fever breathlessness mucoid history high,Pulmonology
i feel of nausea balance movements spinning loss vomiting headache lately,
i think it's sweating muscle fast weakness mood menstruation weight diarrhoea rate fatigue restlessness irritability abnormal loss swings heart,Endocrinology
i think it's muscle painful walking neck movement stiff joints stiffness weakness swelling,Orthopedics
i am having chills from eyes watering shivering,Dermatology
i am having abdomen pain skin of abdominal overload stomach consumption vomiting history of fluid alcohol yellowish swelling of distention,Gastroenterology
dealing with yellowish consumption alcohol skin abdomen fluid history pain overload distention vomiting abdominal of of,Gastroenterology
i think it's yellowish nausea appetite eyes history family yellowing of of fatigue loss skin,Gastroenterology
i have pain of failure appetite fever acute pain abdominal vomiting joint stomach yellowish bleeding high skin eyes coma yellowing of loss urine nausea liver dark,Gastroenterology
my main issue is nodal skin patches dischromic eruptions rash skin itching,Dermatology
my main issue is vomiting chest breathlessness sweating pain,Cardiology
my main issue is sputum fever high history mucoid family cough fatigue breathlessness,Pulmonology
having micturition itching pain burning skin stomach spotting urination rash,Dermatology
i have nausea of appetite loss dark joint fatigue of urine pain yellowing vomiting yellowish eyes abdominal pain skin,Gastroenterology
suffering from vomiting fever chills muscle nausea diarrhoea high sweating headache pain,Infectious
i think it's extremeties thyroid abnormal eyes puffy depression cold gain feets and dizziness nails face swollen lethargy weight fatigue brittle menstruation mood swings and irritability hands enlarged,Endocrinology
feeling fatigue loss vomiting pain urine skin weight yellowish fever itching abdominal dark high,Gastroenterology
i feel nodes of eyes loss headache cough smell high pain lymph runny muscle throat redness malaise irritation fever of pain fatigue phlegm sneezing swelled nose congestion pressure continuous chest sinus lately,Pulmonology
experiencing itching of internal gases abdominal vomiting pain passage indigestion,Gastroenterology
i think it's pain nausea fever diarrhoea vomiting sweating high muscle chills headache,Infectious
i think it's small peeling silver skin pain dusting nails joint inflammatory dents like in nails,Dermatology
my main issue is high fever skin abdominal itching yellowish loss fatigue pain dark vomiting urine weight,Gastroenterology
i have vomiting itching of yellowish nausea loss skin appetite yellowing abdominal pain of eyes,
i think it's pimples pus filled skin scurring blackheads rash,Dermatology
i am having diarrhoea vomiting dehydration eyes sunken,Gastroenterology
my main issue is mood loss fatigue excessive menstruation irritability weakness muscle rate hunger weight swings fast diarrhoea heart sweating abnormal,Endocrinology
i think it's rash filled skin pus blackheads pimples scurring,Dermatology
feeling stomach urination itching skin spotting micturition burning pain rash,Dermatology
i am having filled pimples rash scurring skin pus,Dermatology
i am having itching yellowing of abdominal loss of appetite nausea pain yellowish skin eyes,
my main issue is palpitations vomiting sweating blurred vision fatigue and speech irritability drying distorted and excessive slurred nausea lips headache tingling hunger anxiety,Endocrinology
my main issue is rash ooze high crust yellow blister fever skin,Dermatology
i am having patches contacts wasting muscle fever marital throat in high extra,Infectious
having fever yellow blister crust ooze nose sore high skin around rash red,Dermatology
having skin consumption vomiting pain alcohol abdominal fluid distention of yellowish of overload abdomen history swelling of stomach,Gastroenterology
suffering from mild vomiting swelled fever of yellowing pain blood nodes loss sweating lymph chest weight in malaise chills loss fatigue phlegm of eyes breathlessness high fever appetite sputum,Pulmonology
suffering from sensorium headache vomiting altered,Neurology
i think it's skin abdominal of nausea appetite itching loss yellowish vomiting pain,
i have diarrhoea swings hunger restlessness fast loss abnormal fatigue weight menstruation rate mood irritability muscle heart weakness excessive sweating,Endocrinology
i have pain pain neck limbs balance weakness back loss of in,Neurology
suffering from restlessness loss mood heart sweating swings abnormal weight rate weakness excessive fatigue fast muscle hunger irritability diarrhoea menstruation,Endocrinology
i am having mucoid fatigue history cough fever breathlessness family high sputum,Pulmonology
i feel acidity excessive headache vision indigestion visual disturbances irritability blurred neck hunger stiff and distorted depression lately,Neurology
i have loss blood unsterile transfusion urine fatigue lethargy of receiving dark injections appetite yellowing urine eyes yellow pain abdominal skin yellowish malaise receiving of,Gastroenterology
dealing with crust skin red yellow around blister sore nose rash ooze,Dermatology
experiencing nodal dischromic skin skin itching patches rash eruptions,Dermatology
i have fever yellowing skin diarrhoea pain eyes of loss mild dark muscle nausea of urine abdominal joint pain vomiting appetite pain yellowish,Gastroenterology
i think it's swings weight muscle menstruation excessive mood sweating rate fast restlessness loss heart diarrhoea weakness irritability hunger abnormal fatigue,Endocrinology
having itching of vomiting skin nausea loss yellowish appetite abdominal eyes pain yellowing of,
feeling loss dark itching weight fatigue vomiting abdominal high fever pain urine yellowish skin,Gastroenterology
i feel hunger nausea lips vomiting headache fatigue anxiety blurred irritability drying palpitations excessive and speech distorted tingling slurred vision and lately,Endocrinology
i have around blister rash fever high yellow sore crust ooze red nose skin,Dermatology
i am having ulcers pain pain cough vomiting chest on acidity tongue stomach,Gastroenterology
having pain chest vomiting stomach cough acidity pain on tongue ulcers,Gastroenterology
i think it's loss weakness back balance neck pain of pain in limbs dizziness,Neurology
having itching skin urination spotting pain rash stomach,Dermatology
dealing with of balance unsteadiness loss movements spinning nausea headache vomiting,
experiencing stomach fluid pain vomiting distention history abdomen alcohol yellowish skin of of consumption abdominal swelling of overload,Gastroenterology
experiencing appetite pain pain loss of urine yellowish skin yellowing joint muscle abdominal diarrhoea vomiting of pain eyes dark nausea mild fever,Gastroenterology
i feel high (typhos) chills pain look constipation toxic headache vomiting pain nausea abdominal fever diarrhoea belly fatigue lately,Infectious
i feel vision excessive irritability distorted headache hunger visual and blurred stiff indigestion disturbances depression neck lately,Neurology
suffering from fever abdominal loss weight fatigue skin vomiting dark pain high yellowish urine itching,Gastroenterology
my main issue is sweating diarrhoea nausea pain vomiting headache chills muscle,Infectious
i feel headache balance vomiting of loss unsteadiness nausea lately,
i am having prominent veins fatigue on swollen bruising cramps legs obesity blood calf swollen vessels,Cardiology
suffering from depression visual indigestion blurred hunger stiff irritability acidity and neck disturbances distorted headache excessive vision,Neurology
i think it's loss yellowing yellowish of fatigue appetite skin vomiting pain eyes dark joint nausea of urine,Gastroenterology
i am having heart sweating fatigue high fever pain phlegm breathlessness rusty chest chills malaise rate fast sputum,Pulmonology
i have skin itching pain spotting burning urination rash stomach micturition,Dermatology
i feel sensorium side body headache vomiting one of altered weakness lately,Neurology
i have loss fatigue of nausea yellowing appetite of eyes history skin yellowish family,Gastroenterology
experiencing fever throat wasting high in patches contacts extra marital muscle,Infectious
my main issue is skin fever bleeding acute of eyes pain yellowish failure fatigue joint appetite vomiting pain of loss nausea stomach urine yellowing liver abdominal coma high dark,Gastroenterology
my main issue is yellowish itching urine high abdominal fever weight loss fatigue vomiting skin pain dark,Gastroenterology
i am having fever abdominal of yellowing vomiting pain nausea appetite of joint dark mild urine muscle pain yellowish pain eyes diarrhoea skin loss,Gastroenterology
i think it's stiff headache vision hunger disturbances neck blurred indigestion and acidity distorted visual irritability excessive depression,Neurology
having weakness body side headache vomiting of one,Neurology
suffering from acidity and stiff distorted vision excessive disturbances headache blurred irritability hunger visual neck indigestion depression,Neurology
i am having in skin rash joint inflammatory peeling nails dents small pain skin nails,Dermatology
experiencing unsteadiness headache nausea of movements vomiting balance spinning loss,
having appetite fatigue eyes yellowing family history yellowish of nausea skin loss of,Gastroenterology
i think it's high loss continuous muscle of irritation lymph smell headache redness sneezing nose congestion chills nodes phlegm cough pain malaise pressure pain chest throat fatigue eyes sinus swelled of fever runny,Pulmonology
experiencing acidity ulcers vomiting pain cough stomach tongue chest on pain,Gastroenterology
dealing with chills vomiting phlegm lymph sweating cough pain nodes appetite chest weight eyes mild loss fever in of sputum fever high yellowing breathlessness fatigue loss swelled of malaise blood,Pulmonology
i feel yellowish pain vomiting of mild of urine pain fever muscle diarrhoea joint skin yellowing eyes appetite pain nausea loss abdominal dark lately,Gastroenterology
having fatigue pain vomiting yellowish urine itching weight fever high loss dark skin abdominal,Gastroenterology
i think it's fever breathlessness high cough sputum fatigue history mucoid family,Pulmonology
dealing with weakness limbs dizziness loss neck back pain pain of balance in,Neurology
i feel back body pain muscle over red joint behind chills appetite pain headache nausea pain rash fatigue vomiting the loss skin spots eyes of pain malaise lately,Infectious
my main issue is pain painful pain pain joint neck walking joints knee swelling hip pain joint,Orthopedics
i am having swelled spots of headache rash itching malaise lymph skin high loss body fever lethargy fever red over appetite fatigue nodes mild,Infectious
i have vomiting fatigue of yellowish abdominal loss joint eyes nausea of urine appetite pain pain dark skin yellowing,Gastroenterology
i think it's balance vomiting movements headache unsteadiness of loss spinning nausea,
dealing with itching micturition urination skin pain rash stomach spotting burning,Dermatology
experiencing sore around skin blister red fever ooze nose rash yellow high crust,Dermatology
i have lymph sinus sneezing fever fatigue headache high nodes loss phlegm irritation redness pressure chills cough congestion muscle swelled pain nose eyes of runny continuous malaise pain chest of throat smell,Pulmonology
i have pain joint urine of muscle yellowish dark skin pain pain loss vomiting fever abdominal eyes yellowing of mild nausea appetite,Gastroenterology
i am having yellow fever blister rash crust sore skin ooze red nose high around,Dermatology
i feel vomiting nausea pain chills fever high muscle headache diarrhoea sweating lately,Infectious
suffering from stiffness walking movement swelling neck muscle weakness painful stiff joints,Orthopedics
suffering from skin lymph red swelled spots rash fever over loss fever malaise fatigue headache body high of mild nodes itching appetite,Infectious
my main issue is sputum fast heart breathlessness fatigue chills rusty malaise pain chest sweating cough rate fever phlegm high,Pulmonology
i am having vomiting yellowish yellowing loss nausea of abdominal of eyes appetite pain skin,
having chills eyes shivering watering sneezing from continuous,Dermatology
having sweating pain vomiting chest breathlessness,Cardiology
dealing with headache weakness body altered vomiting of sensorium side one,Neurology
my main issue is nails joint inflammatory dents small rash pain nails silver in like dusting peeling skin skin,Dermatology
i feel pain muscle high vomiting joint body pain red eyes fatigue of rash pain back pain appetite nausea behind fever loss the chills malaise headache over skin spots lately,Infectious
my main issue is calf swollen cramps veins prominent bruising obesity swollen fatigue on blood vessels legs,Cardiology
i am having vomiting diarrhoea dehydration eyes sunken,Gastroenterology
having headache altered sensorium vomiting,Neurology
my main issue is brittle extremeties swollen cold weight puffy swings gain abnormal enlarged fatigue depression face nails lethargy feets menstruation eyes mood and dizziness hands and thyroid irritability,Endocrinology
i am having skin pus blackheads scurring filled rash pimples,Dermatology
my main issue is pain sweating malaise heart fast fever breathlessness high chills fatigue sputum chest rusty rate phlegm,Pulmonology
experiencing patches dischromic itching skin skin nodal rash eruptions,Dermatology
i have loss yellowing of fever of high chills sputum weight eyes pain chest phlegm cough appetite malaise mild loss breathlessness sweating in vomiting fatigue nodes swelled lymph fever blood,Pulmonology
i am having weakness headache body of altered sensorium vomiting one side,Neurology
i am having nodal rash skin eruptions itching skin,Dermatology
feeling weakness vomiting one side body headache of sensorium altered,Neurology
having fever cough mucoid family breathlessness high history sputum fatigue,Pulmonology
i am having itching dischromic skin nodal rash patches eruptions skin,Dermatology
experiencing failure bleeding fatigue nausea pain abdominal skin pain fever acute loss dark urine of high stomach liver vomiting appetite yellowish coma joint of yellowing eyes,Gastroenterology
i feel toxic high belly look constipation chills diarrhoea headache (typhos) pain nausea vomiting fever abdominal fatigue pain lately,Infectious
my main issue is of eyes history yellowing fatigue skin yellowish family nausea,Gastroenterology
dealing with rash skin eruptions nodal skin itching,Dermatology
having knee walking pain joint neck swelling joints pain pain pain joint painful hip,Orthopedics
i feel appetite of skin yellowish loss of history fatigue family eyes yellowing lately,Gastroenterology
i feel vomiting dehydration sunken diarrhoea eyes lately,Gastroenterology
i think it's weight pain yellowish dark fatigue abdominal fever urine vomiting loss skin high itching,Gastroenterology
having skin itching micturition stomach pain urination spotting burning rash,Dermatology
my main issue is distorted depression and acidity visual hunger vision stiff blurred indigestion neck excessive disturbances irritability,Neurology
dealing with breathlessness family mucoid history sputum fatigue fever high,Pulmonology
i have nodal itching skin skin eruptions dischromic rash patches,Dermatology
dealing with chest cough on pain tongue ulcers vomiting acidity,Gastroenterology
my main issue is pain urine failure pain eyes dark skin of fatigue yellowing fever appetite joint bleeding coma vomiting of abdominal yellowish liver loss nausea acute high stomach,Gastroenterology
having yellowing appetite eyes of yellowish nausea abdominal pain of vomiting loss itching skin,
dealing with hunger excessive headache stiff and neck blurred visual vision acidity disturbances indigestion irritability depression distorted,Neurology
feeling urine fatigue weight abdominal yellowish high dark itching fever skin pain vomiting loss,Gastroenterology
experiencing headache vomiting of weakness one side body sensorium altered,Neurology
experiencing legs on swollen veins calf vessels cramps fatigue prominent swollen blood bruising obesity,Cardiology
i am having pain sneezing irritation of runny lymph pain of cough swelled continuous muscle pressure nodes redness congestion throat fever chills loss chest fatigue eyes phlegm headache malaise high smell nose sinus,Pulmonology
suffering from fever red over itching spots appetite body headache of lymph nodes malaise high mild swelled fatigue skin loss fever rash,Infectious
my main issue is swelled fever appetite vomiting chills blood of yellowing in nodes pain high loss fatigue eyes mild malaise chest phlegm weight breathlessness cough loss fever sputum lymph of sweating,Pulmonology
i am having muscle movement stiffness swelling neck stiff painful walking joints weakness,Orthopedics
i am having the spots of behind skin chills back malaise over pain fever nausea pain joint pain headache loss eyes body red pain fatigue rash appetite muscle high,Infectious
i feel muscle painful stiff movement weakness swelling stiffness neck joints walking lately,Orthopedics
i have dark urine yellowish fever yellowing pain vomiting joint failure of pain appetite stomach eyes high liver fatigue nausea skin loss acute coma abdominal of bleeding,Gastroenterology
experiencing pain acidity on pain chest ulcers stomach tongue vomiting,Gastroenterology
feeling rate heart sweating menstruation mood fatigue weakness weight excessive abnormal restlessness hunger diarrhoea fast loss irritability muscle swings,Endocrinology
suffering from vomiting breathlessness chest pain,Cardiology
experiencing hunger fatigue muscle restlessness excessive weakness abnormal fast heart irritability mood rate loss menstruation weight swings diarrhoea sweating,Endocrinology
i feel fever over pain loss red eyes headache behind fatigue appetite body malaise pain muscle pain nausea the joint spots chills pain high back of vomiting lately,Infectious
i feel diarrhoea eyes vomiting dehydration sunken lately,Gastroenterology
i think it's abdominal diarrhoea fatigue constipation toxic vomiting (typhos) fever chills nausea headache high look pain,Infectious
feeling chills diarrhoea headache pain fever vomiting muscle sweating high nausea,Infectious
experiencing eyes face and gain dizziness mood irritability depression fatigue and swollen brittle feets abnormal weight extremeties thyroid puffy nails cold hands swings lethargy enlarged menstruation,Endocrinology
i am having heart sputum rusty cough fatigue high fast fever rate malaise breathlessness phlegm pain chills chest sweating,Pulmonology
i feel feel bladder continuous of urine urine of foul smell discomfort burning micturition lately,Urology
suffering from red sore nose crust yellow ooze high around rash fever skin,Dermatology
my main issue is injections urine pain eyes yellowing abdominal yellowish blood unsterile loss lethargy malaise receiving appetite fatigue of of transfusion itching skin receiving dark,Gastroenterology
i have diarrhoea irritability swings muscle weight mood abnormal fatigue restlessness hunger excessive weakness menstruation fast heart rate loss,Endocrinology
suffering from nausea vomiting high headache chills diarrhoea constipation fatigue pain abdominal pain fever belly,Infectious
suffering from weight dark loss urine fatigue pain itching fever vomiting abdominal high,Gastroenterology
suffering from itching fatigue loss pain vomiting dark high yellowish urine fever weight skin abdominal,Gastroenterology
i am having abdominal vomiting yellowish pain joint bleeding fever of failure loss dark yellowing fatigue eyes appetite coma high skin nausea acute urine of stomach liver pain,Gastroenterology
i feel irritation eyes pain of nose chills nodes fever chest pressure lymph malaise throat high fatigue congestion phlegm smell of runny sneezing sinus cough redness loss pain continuous headache swelled muscle lately,Pulmonology
i feel altered headache one weakness of body vomiting side sensorium lately,Neurology
suffering from of overload vomiting of history alcohol fluid stomach of skin distention swelling yellowish pain abdomen abdominal consumption,Gastroenterology
feeling nausea of eyes pain appetite yellowish of abdominal pain fatigue dark skin yellowing loss joint urine vomiting,Gastroenterology
i feel loss history fatigue family skin of yellowish nausea appetite lately,Gastroenterology
having rash nose skin red sore ooze crust around yellow blister,Dermatology
my main issue is walking pain pain hip swelling painful pain knee pain joint joint joints neck,Orthopedics
dealing with rate restlessness swings weight muscle fatigue diarrhoea weakness loss sweating menstruation fast heart abnormal mood hunger excessive irritability,Endocrinology
experiencing stomach consumption abdominal vomiting alcohol fluid of of swelling history overload pain skin yellowish,Gastroenterology
dealing with joint skin of pain vomiting abdominal of dark nausea loss fatigue urine pain yellowing eyes appetite yellowish,Gastroenterology
dealing with and drying lips anxiety irritability vision palpitations headache slurred excessive hunger sweating fatigue vomiting nausea tingling and blurred speech distorted,Endocrinology
my main issue is nodal itching skin rash skin eruptions dischromic patches,Dermatology
i feel fatigue abnormal excessive heart weakness rate menstruation hunger diarrhoea sweating fast swings restlessness weight loss muscle mood irritability lately,Endocrinology
experiencing excessive sweating speech palpitations anxiety vomiting irritability headache hunger slurred and blurred vision nausea fatigue distorted,Endocrinology
suffering from skin yellowish yellowing eyes of nausea of family history fatigue appetite loss,Gastroenterology
i have painful joints stiff movement neck weakness swelling walking stiffness muscle,Orthopedics
i am having and palpitations nausea anxiety tingling vomiting fatigue sweating irritability excessive slurred lips hunger drying headache speech,Endocrinology
i think it's fatigue diarrhoea vomiting pain fever constipation (typhos) high abdominal chills nausea toxic look pain headache belly,Infectious
dealing with slurred and headache drying lips excessive palpitations hunger tingling distorted vision vomiting nausea and speech blurred sweating irritability fatigue,Endocrinology
i am having dizziness of pain balance loss back neck pain,Neurology
suffering from from watering continuous sneezing eyes chills,Dermatology
i am having stomach burning micturition urination pain skin itching rash spotting,Dermatology
i think it's indigestion itching internal of of vomiting appetite gases loss passage,Gastroenterology
dealing with swollen on calf legs vessels veins blood prominent obesity swollen fatigue cramps bruising,Cardiology
i am having of appetite loss nausea yellowish eyes of history skin fatigue yellowing family,Gastroenterology
i am having overload vomiting fluid alcohol yellowish abdominal skin history abdomen pain consumption of distention of,Gastroenterology
i feel back pain of balance weakness in pain neck limbs dizziness loss lately,Neurology
i have the back nausea fatigue of spots chills high pain malaise behind rash pain vomiting appetite loss skin headache muscle over pain red fever body joint eyes pain,Infectious
i feel yellowish unsterile blood injections fatigue appetite abdominal pain receiving loss malaise of yellowing dark receiving lethargy skin of transfusion yellow urine eyes urine lately,Gastroenterology
my main issue is pain constipation toxic high fever fatigue diarrhoea headache chills look (typhos) nausea pain vomiting abdominal belly,Infectious
i have diarrhoea joint nausea pain pain appetite of pain yellowing muscle dark skin fever of yellowish abdominal urine mild eyes loss,Gastroenterology
i am having irritability puffy brittle eyes dizziness face thyroid and mood lethargy abnormal fatigue weight menstruation nails depression enlarged swings gain extremeties swollen,Endocrinology
dealing with chest sweating breathlessness pain vomiting,Cardiology
my main issue is fatigue of yellowish history yellowing family loss eyes skin of appetite,Gastroenterology
dealing with blister nose skin rash yellow red ooze sore fever around crust high,Dermatology
i think it's veins vessels bruising cramps swollen calf obesity blood on fatigue prominent swollen legs,Cardiology
my main issue is diarrhoea vomiting dehydration,Gastroenterology
i have itching skin dischromic patches rash,Dermatology
dealing with of discomfort urine micturition foul of smell burning feel continuous bladder urine,Urology
feeling abdominal vomiting fever pain chills diarrhoea high belly look toxic (typhos) constipation nausea pain fatigue,Infectious
having abdominal look fever diarrhoea toxic belly nausea constipation vomiting (typhos) high fatigue pain pain chills,Infectious
i have from continuous chills watering sneezing eyes shivering,Dermatology
i think it's yellowish skin of history loss appetite nausea fatigue family,Gastroenterology
i am having weakness hunger sweating swings heart diarrhoea fatigue weight irritability restlessness menstruation muscle loss rate mood fast abnormal excessive,Endocrinology
my main issue is urination micturition skin burning pain rash itching spotting stomach,Dermatology
experiencing history loss yellowish of fatigue appetite of family eyes skin yellowing nausea,Gastroenterology
feeling over body eyes the spots pain red vomiting fatigue of rash back muscle joint pain behind skin malaise pain chills fever high headache loss appetite pain nausea,Infectious
feeling of urine burning urine smell bladder feel micturition continuous foul discomfort of,Urology
having and distorted headache speech vision slurred blurred irritability sweating nausea excessive vomiting hunger palpitations fatigue anxiety,Endocrinology
dealing with distorted stiff vision excessive headache depression neck indigestion blurred visual hunger and disturbances acidity,Neurology
i think it's weakness sensorium altered vomiting headache one of side body,Neurology
i have loss mood sweating excessive fast muscle menstruation heart weight swings rate weakness diarrhoea irritability fatigue restlessness abnormal hunger,Endocrinology
my main issue is high sweating malaise fatigue pain chest fast fever phlegm cough heart sputum rate rusty breathlessness,Pulmonology
i think it's acidity and blurred excessive neck distorted stiff visual headache vision depression hunger disturbances irritability indigestion,Neurology
suffering from yellowing of family of appetite eyes skin nausea history fatigue yellowish loss,Gastroenterology
feeling sweating distorted vomiting slurred palpitations and drying hunger fatigue nausea excessive tingling vision irritability speech and lips headache blurred,Endocrinology
i think it's high itching skin pain yellowish loss vomiting fatigue abdominal weight fever,Gastroenterology
dealing with watering from shivering eyes chills continuous sneezing,Dermatology
experiencing yellowish fever muscle of yellowing vomiting urine pain pain loss skin dark eyes diarrhoea of joint pain appetite mild abdominal,Gastroenterology
i have nose around fever rash yellow red blister skin sore ooze crust high,Dermatology
feeling chills sneezing continuous shivering,Dermatology
suffering from micturition of smell burning foul bladder discomfort urine,Urology
i am having headache vomiting fatigue (typhos) chills abdominal fever pain diarrhoea belly nausea toxic pain look high,Infectious
i have constipation abdominal high diarrhoea chills headache fatigue pain fever pain look belly vomiting toxic nausea (typhos),Infectious
i have body over pain red muscle spots of the vomiting back appetite pain rash headache eyes skin loss behind high pain nausea chills fatigue fever malaise,Infectious
i am having headache chest swelled pressure pain loss malaise fever sinus cough runny nodes smell redness chills fatigue lymph phlegm nose continuous high muscle pain eyes irritation sneezing throat congestion of of,Pulmonology
suffering from headache palpitations hunger vision anxiety tingling fatigue slurred irritability blurred vomiting excessive speech drying sweating and lips distorted nausea and,Endocrinology
experiencing crust nose rash high red skin yellow around fever blister sore ooze,Dermatology
feeling high itching malaise rash fatigue headache mild fever skin spots body of red over lethargy appetite fever loss,Infectious
my main issue is nausea loss movements unsteadiness of balance spinning headache vomiting,
feeling stiff excessive indigestion disturbances and irritability neck depression headache distorted vision visual hunger blurred acidity,Neurology
i have of lymph sneezing cough phlegm high sinus continuous throat fever pain runny pain smell fatigue pressure of eyes redness congestion swelled nose muscle chest nodes headache malaise loss irritation,Pulmonology
experiencing chest pain breathlessness sweating,Cardiology
feeling sputum pain cough rusty phlegm high breathlessness rate fever chills sweating fatigue fast malaise chest heart,Pulmonology
dealing with of balance loss unsteadiness headache vomiting nausea movements spinning,
experiencing and feets mood brittle irritability extremeties depression face gain dizziness weight enlarged thyroid nails swings hands lethargy and abnormal puffy menstruation eyes swollen cold,Endocrinology
suffering from lips and sweating anxiety headache vomiting blurred vision and distorted palpitations fatigue excessive hunger tingling drying slurred speech irritability nausea,Endocrinology
i am having heart fast irritability hunger excessive diarrhoea weight restlessness fatigue muscle rate weakness swings loss sweating abnormal mood menstruation,Endocrinology
having internal passage pain of itching of loss gases indigestion abdominal vomiting appetite,Gastroenterology
i feel vomiting urine fatigue itching high dark fever abdominal weight skin pain yellowish loss lately,Gastroenterology
having weakness loss of neck balance dizziness limbs in pain,Neurology
i have walking painful joints swelling weakness stiffness muscle movement,Orthopedics
feeling urine appetite failure abdominal joint bleeding pain pain loss nausea of fatigue coma stomach dark liver high yellowing skin eyes fever yellowish acute of,Gastroenterology
experiencing blood nodes in weight chills swelled mild of vomiting chest of malaise eyes sputum loss yellowing loss phlegm fever fatigue high breathlessness lymph appetite fever sweating cough pain,Pulmonology
my main issue is blood prominent on veins fatigue cramps legs bruising vessels obesity swollen swollen calf,Cardiology
feeling nodes skin swelled rash lymph red fever fever loss over mild fatigue body of malaise lethargy appetite spots high itching,Infectious
i think it's fatigue fever cough breathlessness history high family,Pulmonology
i feel stomach skin swelling yellowish alcohol consumption distention pain overload fluid vomiting of abdominal abdomen of history of lately,Gastroenterology
i am having red skin crust around ooze high nose fever rash yellow blister sore,Dermatology
i think it's calf swollen legs bruising veins prominent on obesity fatigue cramps,Cardiology
i am having veins calf legs blood vessels cramps fatigue obesity swollen on swollen prominent,Cardiology
feeling pain skin of appetite nausea yellowing eyes yellowish of loss itching abdominal vomiting,
i think it's joint pain rash chills appetite pain body spots high skin red fatigue pain behind vomiting back of nausea muscle pain fever over headache loss malaise the eyes,Infectious
experiencing vomiting chest breathlessness pain sweating,Cardiology
i am having itching dischromic rash skin patches,Dermatology
having burning urination stomach skin micturition pain itching spotting rash,Dermatology
feeling yellowish of distention history abdominal of skin alcohol pain swelling of vomiting abdomen stomach consumption,Gastroenterology
suffering from weakness in loss neck pain pain balance dizziness limbs of back,Neurology
i am having of vomiting nausea skin appetite yellowish loss of eyes itching pain abdominal yellowing,
feeling skin nausea fatigue yellowish loss appetite of of yellowing eyes,Gastroenterology
having itching appetite abdominal gases of vomiting pain loss passage internal indigestion of,Gastroenterology
i think it's irritability and acidity disturbances headache blurred neck depression stiff indigestion visual vision hunger excessive distorted,Neurology
i have yellowing skin nausea fatigue of appetite eyes loss family yellowish history of,Gastroenterology
my main issue is skin patches nodal itching dischromic eruptions,Dermatology
feeling skin nodal skin dischromic itching patches rash eruptions,Dermatology
my main issue is rusty heart fever fast phlegm pain cough chills chest fatigue malaise rate sputum sweating high breathlessness,Pulmonology
my main issue is abdominal of joint yellowing urine appetite loss pain fatigue dark skin pain nausea yellowish of eyes,Gastroenterology
i have lethargy red of swelled fever appetite body nodes high fever lymph over skin rash loss itching mild malaise fatigue spots headache,Infectious
having yellowing loss failure vomiting liver dark urine fever acute stomach nausea pain abdominal skin coma appetite eyes high bleeding of yellowish of fatigue,Gastroenterology
i feel itching eyes appetite of yellowish abdominal of yellowing skin pain nausea vomiting loss lately,
experiencing malaise dark eyes urine receiving yellowish urine transfusion of blood yellow injections unsterile receiving fatigue yellowing pain skin lethargy itching abdominal,Gastroenterology
i have fever look nausea (typhos) abdominal belly constipation high pain toxic pain chills diarrhoea headache fatigue vomiting,Infectious
suffering from indigestion irritability disturbances visual stiff excessive acidity depression headache hunger neck,Neurology
dealing with hip pain pain walking painful joints joint swelling joint knee pain neck pain,Orthopedics
i feel pain vomiting breathlessness chest sweating lately,Cardiology
i am having neck joint pain swelling painful knee pain joints pain pain hip walking joint,Orthopedics
my main issue is sweating pain chest vomiting breathlessness,Cardiology
i think it's smell of burning of foul micturition urine feel discomfort continuous urine bladder,Urology
my main issue is balance dizziness in weakness limbs back loss pain of neck pain,Neurology
i think it's headache body sensorium altered side weakness of vomiting one,Neurology
suffering from nose blister ooze red sore crust skin around rash high yellow fever,Dermatology
having acidity depression hunger and stiff blurred excessive disturbances neck visual indigestion distorted irritability vision headache,Neurology
feeling pain red behind the pain joint high rash chills pain vomiting skin malaise over fever spots nausea fatigue eyes loss of headache back body appetite,Infectious
my main issue is unsteadiness loss of vomiting balance spinning nausea movements,
i have sneezing watering from eyes shivering chills continuous,Dermatology
dealing with nails peeling pain skin like joint dusting skin in dents inflammatory rash silver small nails,Dermatology
feeling scurring filled skin pimples pus blackheads rash,Dermatology
experiencing family history loss skin eyes of yellowish nausea yellowing of fatigue appetite,Gastroenterology
dealing with rate phlegm rusty fever sweating fast breathlessness pain chest malaise chills heart cough sputum fatigue high,Pulmonology
experiencing acidity excessive distorted vision blurred and hunger neck disturbances depression visual indigestion stiff headache,Neurology
feeling mood menstruation dizziness enlarged hands puffy thyroid irritability and swollen gain swings weight brittle lethargy cold depression eyes extremeties nails face abnormal and feets,Endocrinology
dealing with sinus high swelled runny fever throat lymph sneezing phlegm pain smell nose chest pressure pain eyes of nodes malaise continuous loss redness headache chills of muscle irritation cough fatigue congestion,Pulmonology
dealing with abdominal itching loss appetite internal gases of vomiting pain indigestion of passage,Gastroenterology
i feel stiffness movement walking stiff weakness neck swelling muscle joints painful lately,Orthopedics
feeling itching mild fever over nodes spots appetite headache malaise fever red fatigue swelled loss body high of lethargy lymph,Infectious
experiencing spots pain high loss rash nausea body fever muscle headache behind appetite pain over the chills malaise fatigue pain joint skin vomiting eyes back pain of red,Infectious
feeling eyes watering chills sneezing continuous shivering from,Dermatology
dealing with (typhos) chills toxic abdominal high fever diarrhoea nausea constipation fatigue pain look vomiting headache,Infectious
suffering from of vomiting headache nausea spinning loss balance movements,
experiencing blackheads filled pus scurring skin pimples rash,Dermatology
my main issue is sweating chills headache fever high pain muscle diarrhoea vomiting,Infectious
suffering from eruptions itching skin rash nodal patches dischromic skin,Dermatology
i think it's loss skin lethargy red rash high of appetite fever nodes lymph body swelled mild headache over itching fever spots malaise,Infectious
i think it's fatigue fever swelled itching headache of loss over spots nodes lethargy malaise appetite body red lymph high fever mild rash skin,Infectious
i have neck movement walking stiffness swelling painful weakness stiff muscle joints,Orthopedics
i have skin eyes of of pain abdominal joint diarrhoea dark yellowing mild muscle loss fever urine pain vomiting yellowish appetite pain nausea,Gastroenterology
i feel movements balance loss spinning of vomiting unsteadiness nausea headache lately,
my main issue is eyes of nausea abdominal yellowing appetite dark pain yellowish loss urine joint skin pain vomiting of fatigue,Gastroenterology
my main issue is diarrhoea eyes sunken dehydration,Gastroenterology
my main issue is walking knee pain joint pain hip pain joint painful swelling neck joints pain,Orthopedics
having abdominal yellowing vomiting appetite itching eyes of loss nausea pain of yellowish skin,
i have nausea appetite yellowish of vomiting yellowing skin abdominal loss itching eyes of pain,
i am having breathlessness fever history cough family fatigue sputum high mucoid,Pulmonology
i feel of of dark appetite urine joint yellowing abdominal yellowish nausea loss skin fatigue eyes pain pain lately,Gastroenterology
i feel rate restlessness mood heart weakness sweating muscle swings diarrhoea irritability fatigue weight abnormal fast loss menstruation lately,Endocrinology
i think it's fever high weight itching yellowish abdominal fatigue skin pain urine dark vomiting loss,Gastroenterology
i am having pain of eyes skin joint muscle high malaise body behind appetite nausea red the back loss fever pain rash spots pain over vomiting chills headache pain,Infectious
i have nodes of yellowing of sputum appetite chills blood loss swelled eyes vomiting malaise fever loss lymph pain in phlegm weight cough mild sweating breathlessness fatigue chest,Pulmonology
i feel headache vomiting of sensorium weakness body side altered one lately,Neurology
experiencing dark transfusion itching injections malaise unsterile of eyes skin receiving receiving urine pain appetite yellowing loss yellowish yellow abdominal lethargy of urine blood,Gastroenterology
feeling pain chills belly high (typhos) fatigue toxic vomiting nausea constipation fever pain diarrhoea headache abdominal look,Infectious
dealing with dizziness neck pain balance back of loss pain,Neurology
dealing with scurring pus pimples rash filled skin,Dermatology
experiencing pain joint yellowish of urine eyes abdominal of dark fatigue pain appetite loss skin vomiting yellowing,Gastroenterology
experiencing body sensorium side weakness altered one vomiting of headache,Neurology
feeling high skin abdominal loss pain urine vomiting weight yellowish fever dark fatigue,Gastroenterology
dealing with pain vomiting chest sweating,Cardiology
having vomiting on cough ulcers chest stomach pain tongue pain acidity,Gastroenterology
i think it's blurred sweating distorted palpitations vision fatigue hunger anxiety vomiting nausea lips tingling headache drying slurred and excessive irritability and speech,Endocrinology
dealing with passage internal vomiting loss itching abdominal of gases pain of appetite,Gastroenterology
having crust blister fever rash red ooze high skin nose around yellow sore,Dermatology
i have movements headache of loss unsteadiness vomiting balance nausea spinning,
experiencing skin burning pain itching stomach rash micturition,Dermatology
my main issue is urine feel smell burning bladder discomfort urine of of continuous micturition foul,Urology
suffering from abdominal swelling distention fluid yellowish of history skin overload of consumption pain abdomen vomiting stomach alcohol of,Gastroenterology
feeling breathlessness sweating chest pain vomiting,Cardiology
experiencing pain yellowing abdominal loss fatigue skin eyes urine vomiting nausea yellowish appetite of joint dark of pain,Gastroenterology
feeling loss yellowish fever skin of high of liver coma failure pain dark vomiting abdominal bleeding yellowing appetite urine acute nausea eyes fatigue stomach pain joint,Gastroenterology
i feel crust fever around skin red blister sore ooze yellow nose rash high lately,Dermatology
having swollen fatigue legs veins vessels cramps bruising prominent calf swollen on blood obesity,Cardiology
i feel gain brittle extremeties face mood puffy and eyes and swings depression hands cold abnormal nails thyroid irritability swollen enlarged feets menstruation fatigue dizziness weight lethargy lately,Endocrinology
suffering from eyes watering shivering from chills,Dermatology
feeling burning urine bladder micturition discomfort smell of foul,Urology
i have burning discomfort micturition bladder feel smell urine of foul urine of continuous,Urology
suffering from loss fever dark pain weight vomiting high itching abdominal fatigue urine,Gastroenterology
dealing with abdominal consumption alcohol stomach of abdomen of swelling of pain overload vomiting yellowish skin distention fluid history,Gastroenterology
i feel patches high fever throat in wasting muscle lately,Infectious
having family sputum mucoid breathlessness history fever high cough fatigue,Pulmonology
dealing with look toxic chills fever fatigue diarrhoea nausea headache vomiting pain pain belly (typhos) high abdominal,Infectious
feeling one body sensorium of altered side weakness headache,Neurology
my main issue is nose skin rash sore ooze yellow red blister around crust,Dermatology
i feel nausea pain abdominal appetite yellowing of eyes of itching vomiting loss yellowish skin lately,
i have pain pain pain neck knee joint joint pain walking painful hip,Orthopedics
suffering from one side sensorium vomiting altered body of weakness,Neurology
i am having of loss headache movements balance spinning vomiting nausea,
i have breathlessness chest cough phlegm fatigue sputum heart rate pain sweating rusty malaise chills fast,Pulmonology
dealing with muscle chills sweating headache pain vomiting diarrhoea nausea,Infectious
experiencing rash like peeling nails dents in joint skin small dusting inflammatory nails pain skin silver,Dermatology
i have joint like rash nails skin dusting small peeling inflammatory dents skin pain silver in nails,Dermatology
i have of chest malaise vomiting swelled mild in chills sputum lymph phlegm breathlessness sweating cough nodes blood pain fatigue eyes fever fever of yellowing high loss appetite,Pulmonology
experiencing fever high mucoid cough breathlessness history sputum family,Pulmonology
suffering from appetite yellowing itching loss vomiting of pain eyes skin abdominal nausea of yellowish,
suffering from headache vomiting (typhos) high fatigue constipation chills fever look belly pain diarrhoea toxic pain abdominal,Infectious
dealing with dusting joint peeling skin nails in like rash skin inflammatory nails pain silver dents small,Dermatology
my main issue is itching of of abdominal loss appetite internal passage pain gases vomiting indigestion,Gastroenterology
i feel diarrhoea weakness irritability hunger excessive abnormal muscle menstruation loss fatigue mood restlessness swings weight sweating rate heart fast lately,Endocrinology
having nausea skin appetite eyes abdominal yellowing yellowish itching loss of pain of vomiting,
having vomiting breathlessness sweating pain chest,Cardiology
having vomiting spinning unsteadiness movements of headache loss balance nausea,
dealing with abnormal weight menstruation swings fast excessive fatigue mood irritability restlessness diarrhoea heart rate sweating loss weakness hunger muscle,Endocrinology
suffering from throat fever in contacts marital muscle wasting high patches extra,Infectious
experiencing loss of internal of passage vomiting indigestion gases appetite itching,Gastroenterology
i think it's skin skin joint like dents in inflammatory nails pain dusting silver peeling nails small rash,Dermatology
dealing with yellowish pain appetite skin of yellowing vomiting of loss itching abdominal eyes,
i am having chills lymph loss muscle sneezing irritation high headache pressure eyes pain fever runny swelled cough throat fatigue sinus pain of chest nose phlegm smell nodes of continuous congestion redness malaise,Pulmonology
having eyes watering shivering from chills,Dermatology
suffering from balance of neck pain limbs back pain weakness loss dizziness in,Neurology
i feel nausea loss movements unsteadiness vomiting balance headache of spinning lately,
i think it's history of overload distention of fluid abdomen vomiting stomach abdominal pain of consumption swelling alcohol,Gastroenterology
feeling face swings feets cold thyroid puffy brittle nails weight hands gain and enlarged depression dizziness lethargy and fatigue mood extremeties eyes abnormal menstruation swollen irritability,Endocrinology
experiencing fatigue abdominal loss yellowish weight dark vomiting skin high urine pain itching fever,Gastroenterology
i am having fever high body loss mild nodes lymph appetite rash swelled red headache fatigue skin of spots over lethargy fever malaise,Infectious
dealing with high eyes pain chills nodes nose chest of lymph redness throat pressure sneezing headache muscle irritation cough swelled continuous phlegm runny sinus malaise congestion of loss pain fever smell fatigue,Pulmonology
experiencing pain constipation abdominal vomiting toxic high pain fatigue look (typhos) chills headache fever belly diarrhoea,Infectious
having sunken diarrhoea eyes dehydration vomiting,Gastroenterology
experiencing abdomen abdominal vomiting overload of of stomach history swelling consumption skin pain yellowish alcohol of fluid distention,Gastroenterology
my main issue is of yellowish skin nausea eyes yellowing of abdominal loss itching vomiting pain appetite,
i feel rash nodal skin itching patches eruptions skin dischromic lately,Dermatology
i think it's sweating vomiting chest pain breathlessness,Cardiology
dealing with itching spots of skin swelled loss fever rash headache high red fatigue mild over body lymph appetite malaise nodes lethargy fever,Infectious
i am having distention swelling of abdomen history skin fluid yellowish of alcohol consumption stomach of pain abdominal vomiting overload,Gastroenterology
dealing with pain limbs back pain loss balance in of dizziness neck weakness,Neurology
i have itching nodal eruptions skin skin rash,Dermatology
feeling weight pain fever abdominal dark itching fatigue vomiting high loss urine,Gastroenterology
i feel yellow blister ooze around skin red nose sore crust rash lately,Dermatology
feeling appetite nausea skin loss yellowish of pain abdominal yellowing itching vomiting of eyes,
suffering from skin nails like dents rash silver dusting nails joint inflammatory small skin peeling in pain,Dermatology
i think it's yellowing malaise loss appetite lethargy itching eyes of pain injections blood of skin transfusion yellowish unsterile urine dark fatigue abdominal receiving receiving,Gastroenterology
i have gain eyes feets swollen irritability lethargy cold enlarged thyroid nails face menstruation puffy abnormal extremeties and and brittle dizziness fatigue depression weight hands,Endocrinology
having of yellowing loss dark vomiting bleeding nausea failure joint liver of acute high appetite yellowish stomach fever urine skin pain abdominal coma eyes pain,Gastroenterology
feeling side headache body one vomiting sensorium altered of weakness,Neurology
i am having red lymph high rash skin fatigue itching swelled fever spots body fever headache malaise mild nodes over lethargy,Infectious
i feel weight fatigue yellowish itching urine high fever pain vomiting loss abdominal skin dark lately,Gastroenterology
dealing with stiff walking painful stiffness movement neck joints swelling,Orthopedics
i am having headache stiff neck indigestion disturbances acidity depression visual hunger excessive irritability,Neurology
i am having (typhos) headache abdominal pain pain diarrhoea high vomiting chills nausea fever toxic look belly constipation fatigue,Infectious
feeling nausea muscle high vomiting diarrhoea sweating pain fever chills headache,Infectious
dealing with vomiting skin yellowish eyes pain of appetite abdominal nausea yellowing itching loss of,
i think it's burning itching pain skin stomach rash micturition,Dermatology
having shivering from eyes sneezing chills continuous watering,Dermatology
dealing with burning urine foul of urine feel of discomfort bladder micturition smell continuous,Urology
suffering from patches itching eruptions nodal rash skin dischromic skin,Dermatology
i am having headache belly fatigue constipation chills pain abdominal vomiting pain nausea high fever diarrhoea,Infectious
suffering from muscle fever high nausea vomiting chills sweating pain headache,Infectious
feeling knee pain pain pain joint walking neck joint painful joints swelling pain hip,Orthopedics
dealing with pain of diarrhoea vomiting joint mild of yellowing fever dark loss pain yellowish appetite eyes abdominal muscle pain skin nausea urine,Gastroenterology
suffering from loss high pain cough chills pain pressure redness smell irritation eyes phlegm lymph fatigue continuous swelled malaise muscle sneezing chest of throat runny nodes nose sinus headache fever of congestion,Pulmonology
feeling yellowish itching appetite injections malaise skin transfusion urine receiving receiving yellow of eyes lethargy of unsterile urine abdominal loss dark fatigue pain blood yellowing,Gastroenterology
i have history family high breathlessness fatigue cough fever,Pulmonology
my main issue is malaise headache fatigue body high skin red fever swelled lymph nodes mild over loss itching appetite fever of rash lethargy spots,Infectious
suffering from of limbs balance back neck pain loss in dizziness weakness pain,Neurology
feeling back neck pain of limbs balance weakness pain in dizziness loss,Neurology
