,text,label,label_id
0,i feel hunger stiff distorted disturbances irritability visual excessive vision neck indigestion and blurred headache depression lately,Neurology,5
1,i am having nose congestion runny chest redness chills sinus fatigue eyes pain loss sneezing continuous headache high pain lymph of phlegm pressure cough fever nodes smell malaise irritation swelled muscle throat of,Pulmonology,7
2,my main issue is tongue stomach acidity on pain chest cough ulcers pain,Gastroenterology,3
3,i am having of nausea yellowing of family eyes skin yellowish loss appetite fatigue history,Gastroenterology,3
4,i feel muscle chills headache pain vomiting sweating nausea diarrhoea lately,Infectious,4
5,my main issue is and excessive depression hunger indigestion disturbances blurred headache irritability neck distorted stiff vision visual acidity,Neurology,5
6,dealing with urination spotting micturition burning pain rash stomach skin,Dermatology,1
7,i feel distorted tingling and nausea blurred speech fatigue vision hunger and irritability sweating slurred vomiting headache excessive anxiety lips drying palpitations lately,Endocrinology,2
8,my main issue is chest sweating pain breathlessness,Cardiology,0
9,i have nodal eruptions skin rash skin itching patches dischromic,Dermatology,1
10,i am having fast cough rate rusty sweating phlegm high fatigue pain heart fever sputum chills malaise breathlessness chest,Pulmonology,7
11,experiencing rash skin itching stomach urination pain spotting,Dermatology,1
12,i have red skin nodes mild high appetite lethargy rash spots lymph headache swelled of fever fever body loss over fatigue malaise itching,Infectious,4
13,suffering from yellowish fever pain urine acute nausea joint appetite eyes abdominal of liver failure high stomach loss dark skin coma vomiting fatigue bleeding of pain yellowing,Gastroenterology,3
14,experiencing excessive drying hunger anxiety tingling and nausea fatigue speech lips distorted sweating headache and palpitations blurred vision vomiting slurred irritability,Endocrinology,2
15,my main issue is rash pus skin filled scurring blackheads pimples,Dermatology,1
16,experiencing watering shivering sneezing chills continuous from eyes,Dermatology,1
17,i feel indigestion visual disturbances headache and stiff vision irritability depression distorted acidity blurred neck lately,Neurology,5
18,having neck pain dizziness pain of balance back loss,Neurology,5
19,suffering from dark lethargy blood pain appetite eyes yellow receiving unsterile urine yellowing of fatigue receiving transfusion itching abdominal of urine loss malaise injections,Gastroenterology,3
20,experiencing loss pain dark yellowing skin fatigue appetite eyes of nausea abdominal yellowish vomiting pain urine joint of,Gastroenterology,3
21,experiencing breathlessness sweating vomiting chest pain,Cardiology,0
22,dealing with fever history sputum family breathlessness high mucoid cough fatigue,Pulmonology,7
23,experiencing chest vomiting acidity pain cough stomach pain,Gastroenterology,3
24,i feel shivering sneezing from eyes watering continuous chills lately,Dermatology,1
25,i am having marital fever wasting throat patches in muscle extra contacts high,Infectious,4
26,dealing with swelling joint walking joints pain neck knee pain joint hip pain painful pain,Orthopedics,6
27,i am having history yellowish fluid of vomiting distention abdominal of skin pain stomach overload abdomen consumption of swelling alcohol,Gastroenterology,3
28,my main issue is back weakness pain neck dizziness pain loss balance in limbs of,Neurology,5
29,experiencing painful pain pain joint pain hip knee joints walking swelling joint,Orthopedics,6
30,i feel consumption overload stomach skin distention history yellowish swelling of abdominal fluid of vomiting of abdomen alcohol pain lately,Gastroenterology,3
31,dealing with wasting high throat muscle fever patches in,Infectious,4
32,suffering from brittle puffy face eyes thyroid abnormal feets gain enlarged cold depression hands dizziness fatigue menstruation extremeties swollen and nails mood swings and weight irritability,Endocrinology,2
33,experiencing abdominal vomiting high fatigue pain yellowish eyes joint of pain nausea appetite coma loss acute urine yellowing dark skin fever bleeding stomach failure liver of,Gastroenterology,3
34,having prominent calf veins legs bruising fatigue cramps on obesity swollen,Cardiology,0
35,my main issue is contacts throat marital muscle extra wasting fever high in patches,Infectious,4
36,i have eruptions skin itching rash nodal skin,Dermatology,1
37,i am having yellowing skin of nausea fatigue appetite of history eyes loss family yellowish,Gastroenterology,3
38,experiencing hunger rate fatigue menstruation sweating fast heart abnormal loss muscle mood weakness restlessness weight excessive diarrhoea irritability swings,Endocrinology,2
39,i feel cough high sputum fever mucoid fatigue history breathlessness family lately,Pulmonology,7
40,i have micturition rash stomach spotting urination pain skin burning,Dermatology,1
41,i feel pain headache loss fever of skin nausea the back appetite rash red high malaise pain vomiting over spots behind pain chills body joint eyes fatigue lately,Infectious,4
42,suffering from high nausea headache sweating pain vomiting muscle fever chills,Infectious,4
43,my main issue is cough breathlessness fatigue family high history fever mucoid sputum,Pulmonology,7
44,i am having hunger muscle fast weakness irritability diarrhoea fatigue menstruation heart weight mood loss restlessness abnormal rate swings excessive,Endocrinology,2
45,suffering from fever sweating nodes phlegm fatigue loss malaise sputum yellowing vomiting cough fever chills weight pain eyes loss mild swelled blood appetite of lymph chest breathlessness of high in,Pulmonology,7
46,i have tongue ulcers pain chest cough on pain acidity stomach vomiting,Gastroenterology,3
47,i have acidity cough vomiting chest pain pain tongue stomach on ulcers,Gastroenterology,3
48,i think it's yellow crust red high rash skin sore ooze blister around fever nose,Dermatology,1
49,my main issue is vomiting headache of one body weakness altered sensorium side,Neurology,5
50,i am having pain pain in neck limbs back weakness dizziness,Neurology,5
51,i have ooze skin blister yellow nose crust sore around rash red,Dermatology,1
52,i have family high history cough breathlessness sputum fever fatigue mucoid,Pulmonology,7
53,i am having vomiting breathlessness pain chest sweating,Cardiology,0
54,having stiffness joints neck muscle weakness movement swelling stiff painful walking,Orthopedics,6
55,i have of foul smell burning of urine urine micturition feel continuous,Urology,8
56,experiencing of pain limbs back weakness dizziness neck pain balance loss in,Neurology,5
57,suffering from walking joints joint pain neck pain painful hip pain joint swelling,Orthopedics,6
58,my main issue is rash joint spots vomiting of the loss pain eyes malaise body nausea red pain appetite skin fever pain pain headache over behind fatigue muscle chills back high,Infectious,4
59,i have lymph mild lethargy itching fatigue nodes headache loss red body fever malaise appetite over swelled rash of spots skin,Infectious,4
60,having urine micturition discomfort smell feel bladder of continuous urine foul of burning,Urology,8
61,i think it's patches throat wasting contacts muscle marital high extra fever in,Infectious,4
62,having weakness neck painful walking movement muscle stiffness joints swelling stiff,Orthopedics,6
63,i feel yellowish skin fever loss weight urine abdominal dark vomiting itching fatigue high pain lately,Gastroenterology,3
64,i feel high eyes pain appetite behind pain fatigue rash headache skin over body the muscle of back spots fever loss nausea chills red joint pain pain malaise vomiting lately,Infectious,4
65,suffering from blackheads filled pus pimples skin rash,Dermatology,1
66,i feel bruising cramps swollen blood obesity fatigue vessels legs swollen lately,Cardiology,0
67,suffering from small pain silver skin rash nails dusting in dents joint inflammatory nails like,Dermatology,1
68,feeling sweating slurred speech headache anxiety and vision drying nausea blurred irritability tingling lips distorted palpitations and fatigue excessive hunger vomiting,Endocrinology,2
69,i feel vomiting eyes diarrhoea dehydration sunken lately,Gastroenterology,3
70,suffering from pain bleeding abdominal pain urine yellowing nausea vomiting fatigue liver acute of yellowish joint dark eyes loss appetite coma failure skin of stomach,Gastroenterology,3
71,i think it's acidity tongue chest cough on pain ulcers stomach pain,Gastroenterology,3
72,i think it's urination micturition spotting itching pain stomach burning,Dermatology,1
73,my main issue is of swelling fluid vomiting consumption pain history of of distention alcohol abdominal overload abdomen stomach,Gastroenterology,3
74,dealing with in fever patches high wasting throat muscle contacts extra marital,Infectious,4
75,feeling diarrhoea chills fever nausea high pain headache sweating muscle vomiting,Infectious,4
76,experiencing red pain rash nausea pain over malaise pain spots back appetite of headache joint high fever body skin behind loss fatigue muscle the pain eyes vomiting,Infectious,4
77,i think it's fatigue swings heart excessive mood irritability muscle weight hunger menstruation rate abnormal fast diarrhoea sweating weakness loss restlessness,Endocrinology,2
78,suffering from indigestion vision acidity depression and headache neck irritability hunger excessive distorted blurred stiff,Neurology,5
79,having eyes vomiting sunken diarrhoea,Gastroenterology,3
80,my main issue is chest vomiting sweating breathlessness pain,Cardiology,0
81,having receiving yellowish of pain eyes injections skin fatigue unsterile urine urine of transfusion loss abdominal yellowing appetite receiving yellow blood lethargy dark malaise,Gastroenterology,3
82,my main issue is drying excessive irritability headache sweating anxiety blurred and tingling palpitations distorted speech slurred hunger vision lips fatigue nausea and,Endocrinology,2
83,feeling yellowish of stomach abdominal consumption fluid swelling of vomiting alcohol skin overload pain of history distention abdomen,Gastroenterology,3
84,feeling marital in contacts throat extra wasting patches fever muscle high,Infectious,4
85,suffering from ulcers pain pain acidity chest stomach cough vomiting on tongue,Gastroenterology,3
86,i have skin nodal itching eruptions skin rash,Dermatology,1
87,having blackheads skin pus scurring rash filled pimples,Dermatology,1
88,i have continuous urine of foul bladder of smell discomfort feel urine,Urology,8
89,my main issue is bladder urine feel foul discomfort of of urine continuous smell burning micturition,Urology,8
90,suffering from urine pain fatigue weight vomiting loss itching high dark skin yellowish abdominal fever,Gastroenterology,3
91,feeling mood muscle fast excessive abnormal swings rate weight hunger sweating restlessness weakness heart diarrhoea irritability menstruation loss,Endocrinology,2
92,my main issue is patches eruptions skin dischromic skin itching rash nodal,Dermatology,1
93,i am having fatigue abdominal vomiting belly (typhos) diarrhoea look constipation high toxic chills headache pain pain nausea fever,Infectious,4
94,dealing with urine abdominal of pain yellowish appetite skin nausea vomiting dark fatigue pain loss joint,Gastroenterology,3
95,suffering from of of muscle pain appetite fever pain vomiting loss abdominal eyes pain skin nausea mild yellowing joint yellowish dark urine,Gastroenterology,3
96,i think it's weight cold swings and irritability feets mood enlarged eyes brittle menstruation nails and hands face extremeties abnormal dizziness fatigue lethargy puffy thyroid depression gain swollen,Endocrinology,2
97,i think it's continuous chills watering sneezing from eyes shivering,Dermatology,1
98,experiencing injections receiving skin of yellow abdominal urine urine blood transfusion malaise itching eyes lethargy loss receiving yellowing dark unsterile yellowish pain appetite fatigue of,Gastroenterology,3
99,my main issue is dehydration vomiting diarrhoea,Gastroenterology,3
100,suffering from swelling pain pain painful pain joint knee joint joints walking hip pain neck,Orthopedics,6
101,i am having eyes nausea appetite family history yellowing loss of fatigue of,Gastroenterology,3
102,my main issue is joint nausea malaise vomiting headache the pain skin pain fatigue rash of red chills pain pain muscle high fever behind loss appetite back eyes spots body over,Infectious,4
103,feeling heart malaise high fatigue fast sputum phlegm pain fever sweating chest breathlessness rusty cough rate,Pulmonology,7
104,suffering from skin joint of urine loss eyes pain vomiting nausea fatigue appetite pain of yellowing yellowish dark abdominal,Gastroenterology,3
105,i feel stiff joints movement muscle walking stiffness painful swelling neck weakness lately,Orthopedics,6
106,experiencing stiff depression blurred neck irritability and acidity vision indigestion visual excessive hunger headache distorted disturbances,Neurology,5
107,i have yellowish abdominal yellowing injections of transfusion dark malaise fatigue skin receiving of itching urine loss unsterile receiving yellow blood urine eyes lethargy appetite pain,Gastroenterology,3
108,i have swelling walking neck painful stiff joints stiffness movement,Orthopedics,6
109,i feel rash skin scurring blackheads pimples filled pus lately,Dermatology,1
110,having lips headache drying vision sweating vomiting blurred tingling palpitations and speech and distorted excessive hunger slurred nausea anxiety irritability fatigue,Endocrinology,2
111,suffering from skin diarrhoea nausea dark loss yellowish urine vomiting mild pain fever joint eyes abdominal yellowing muscle pain of appetite of pain,Gastroenterology,3
112,my main issue is eyes the behind skin pain of red nausea chills spots appetite joint rash fever over pain vomiting pain high body pain malaise fatigue loss headache back muscle,Infectious,4
113,feeling skin rash urination micturition spotting burning itching,Dermatology,1
114,i have limbs pain neck balance weakness of loss dizziness in,Neurology,5
115,i think it's eyes diarrhoea dehydration sunken,Gastroenterology,3
116,dealing with in skin skin joint rash pain like silver dusting small peeling dents nails,Dermatology,1
117,my main issue is muscle fever sweating vomiting diarrhoea chills high nausea pain headache,Infectious,4
118,suffering from patches high muscle throat wasting fever in,Infectious,4
119,i feel headache irritability and stiff indigestion acidity distorted excessive blurred disturbances visual vision neck depression hunger lately,Neurology,5
120,i have over appetite back body red spots skin nausea behind vomiting pain headache pain pain of high the rash joint pain chills malaise loss muscle fever eyes,Infectious,4
121,i am having chills eyes malaise high the fever fatigue spots red body behind pain nausea pain pain skin loss appetite of back headache pain over muscle joint rash vomiting,Infectious,4
122,i have pain of pain pain high fatigue chills loss behind malaise joint pain headache vomiting back fever the nausea muscle eyes appetite skin rash,Infectious,4
123,experiencing of yellowing dark urine bleeding skin liver acute nausea high failure of fever pain yellowish eyes coma joint fatigue abdominal stomach appetite loss pain,Gastroenterology,3
124,suffering from painful neck weakness swelling walking movement stiffness joints stiff muscle,Orthopedics,6
125,feeling skin itching urination rash spotting micturition stomach burning pain,Dermatology,1
126,experiencing red rash sore fever skin around nose high blister,Dermatology,1
127,my main issue is swings menstruation loss mood weakness weight rate muscle irritability restlessness excessive fatigue fast hunger sweating heart abnormal,Endocrinology,2
128,suffering from and hunger stiff acidity excessive headache neck indigestion distorted depression blurred irritability vision visual disturbances,Neurology,5
129,suffering from vomiting chest breathlessness pain,Cardiology,0
130,i have nausea loss joint pain fatigue stomach acute vomiting bleeding coma pain failure dark urine appetite eyes of high yellowish fever of yellowing abdominal skin liver,Gastroenterology,3
131,i have sinus headache smell eyes irritation pain fatigue sneezing loss throat congestion pain phlegm cough high runny nose pressure chest lymph swelled muscle chills of malaise continuous nodes fever of redness,Pulmonology,7
132,having of appetite family fatigue skin loss yellowing yellowish of eyes nausea history,Gastroenterology,3
133,i have sensorium body of side one weakness altered vomiting,Neurology,5
134,my main issue is (typhos) headache abdominal chills look toxic constipation high belly nausea pain pain fever fatigue diarrhoea vomiting,Infectious,4
135,i am having mucoid fever breathlessness history high family fatigue cough sputum,Pulmonology,7
136,my main issue is sensorium headache of weakness one body altered vomiting side,Neurology,5
137,i think it's eyes from continuous sneezing watering chills shivering,Dermatology,1
138,my main issue is abdomen fluid consumption alcohol history swelling pain overload of distention yellowish of abdominal stomach of skin,Gastroenterology,3
139,having vessels fatigue legs veins prominent cramps swollen obesity on calf swollen blood bruising,Cardiology,0
140,my main issue is feel of discomfort urine burning bladder continuous micturition,Urology,8
141,suffering from yellowing family nausea appetite loss history yellowish of of eyes skin fatigue,Gastroenterology,3
142,my main issue is excessive disturbances acidity stiff headache distorted vision hunger neck visual blurred depression and indigestion,Neurology,5
143,i think it's extra patches contacts in wasting muscle throat high fever marital,Infectious,4
144,dealing with fast fever phlegm sputum heart sweating malaise chills high chest fatigue pain rusty breathlessness rate cough,Pulmonology,7
145,feeling cough fever heart fast malaise breathlessness chest chills fatigue rate sputum pain sweating phlegm high rusty,Pulmonology,7
146,i think it's in throat marital contacts fever high extra patches,Infectious,4
147,i think it's skin small joint nails dusting peeling silver dents inflammatory like rash skin pain in nails,Dermatology,1
148,experiencing history yellowish eyes fatigue nausea of family yellowing skin,Gastroenterology,3
149,i have appetite behind fever chills malaise body joint pain pain the spots fatigue eyes pain nausea headache skin vomiting back high loss red over rash of muscle pain,Infectious,4
150,having itching abdominal urine fever yellowish vomiting high pain fatigue skin dark,Gastroenterology,3
151,suffering from and fatigue menstruation abnormal swollen hands face dizziness puffy cold swings and thyroid nails extremeties lethargy depression irritability weight eyes feets mood brittle gain enlarged,Endocrinology,2
152,i feel altered vomiting sensorium headache lately,Neurology,5
153,suffering from muscle excessive swings fatigue irritability fast hunger weight loss restlessness mood menstruation heart sweating abnormal rate weakness,Endocrinology,2
154,having skin rash micturition pain burning urination itching spotting stomach,Dermatology,1
155,i think it's stomach pain micturition burning rash itching skin,Dermatology,1
156,i have vomiting dehydration diarrhoea sunken eyes,Gastroenterology,3
157,dealing with continuous from watering sneezing eyes chills shivering,Dermatology,1
158,i think it's vision anxiety fatigue nausea and hunger drying excessive lips palpitations tingling blurred slurred headache and irritability distorted sweating speech vomiting,Endocrinology,2
159,feeling muscle sweating chills nausea vomiting high diarrhoea pain headache fever,Infectious,4
160,experiencing of headache muscle nodes loss irritation fever of chest pain chills sinus swelled congestion malaise nose fatigue high throat eyes runny smell sneezing lymph pressure pain redness continuous phlegm,Pulmonology,7
161,having appetite fatigue loss joint pain pain skin fever spots of muscle over headache nausea back the malaise behind red pain body pain rash chills high eyes,Infectious,4
162,i am having eyes yellowing of dark yellowish pain skin vomiting loss of nausea urine fatigue appetite abdominal,Gastroenterology,3
163,experiencing fever headache pain pain skin eyes body of pain muscle back appetite spots nausea high rash malaise chills red fatigue joint the pain behind vomiting loss over,Infectious,4
164,i have extra contacts wasting in throat muscle marital patches,Infectious,4
165,suffering from neck pain loss balance weakness pain limbs of dizziness in back,Neurology,5
166,i have throat contacts patches extra marital fever high wasting in muscle,Infectious,4
167,having muscle sweating high vomiting nausea pain chills headache fever diarrhoea,Infectious,4
168,dealing with sweating nausea vision distorted blurred irritability vomiting and fatigue and headache anxiety speech drying hunger excessive lips slurred tingling palpitations,Endocrinology,2
169,dealing with dents in rash like skin nails inflammatory nails joint silver peeling pain skin small dusting,Dermatology,1
170,feeling of pain loss joint nausea dark vomiting appetite eyes fever pain yellowish muscle skin diarrhoea yellowing abdominal of urine pain mild,Gastroenterology,3
171,i think it's rash skin eruptions itching dischromic skin nodal patches,Dermatology,1
172,i am having joint skin loss pain pain muscle dark yellowing eyes mild nausea of abdominal fever diarrhoea urine yellowish pain appetite of,Gastroenterology,3
173,feeling skin scurring blackheads pimples rash filled pus,Dermatology,1
174,i feel neck dizziness weakness balance pain back limbs of loss in pain lately,Neurology,5
175,experiencing appetite transfusion dark receiving abdominal receiving pain malaise skin fatigue of blood itching injections unsterile loss yellowing yellow yellowish urine eyes of lethargy urine,Gastroenterology,3
176,i have stomach spotting pain itching micturition burning urination,Dermatology,1
177,my main issue is hunger fast loss weakness heart muscle sweating excessive rate swings restlessness abnormal menstruation fatigue weight irritability mood,Endocrinology,2
178,my main issue is sweating chest pain vomiting breathlessness,Cardiology,0
179,suffering from vomiting behind high rash muscle pain chills the headache pain body over red back of appetite nausea joint loss pain fever fatigue eyes skin pain spots,Infectious,4
180,i have nausea yellowing of dark appetite abdominal fatigue eyes pain vomiting of joint urine pain loss,Gastroenterology,3
181,i am having of pain dizziness loss balance neck pain back,Neurology,5
182,i am having abdominal high loss yellowish dark itching skin fatigue pain vomiting urine weight fever,Gastroenterology,3
183,i am having pus pimples skin blackheads filled scurring rash,Dermatology,1
184,my main issue is pain behind appetite over back nausea pain rash of vomiting body the spots fever red headache joint high loss fatigue pain malaise skin eyes chills,Infectious,4
185,i have pimples rash pus filled scurring skin,Dermatology,1
186,i feel fever nausea pain headache vomiting muscle diarrhoea high sweating lately,Infectious,4
187,experiencing vomiting loss weight fever skin yellowish high dark urine fatigue itching,Gastroenterology,3
188,i feel vomiting chills fever nausea pain headache diarrhoea muscle sweating high lately,Infectious,4
189,i think it's chills fatigue sweating sputum blood fever vomiting in yellowing of high loss weight eyes nodes loss cough phlegm appetite pain chest lymph mild malaise of fever swelled,Pulmonology,7
190,i have of itching internal gases passage abdominal pain indigestion vomiting,Gastroenterology,3
191,i think it's eyes watering from sneezing continuous chills,Dermatology,1
192,feeling skin fatigue yellowish nausea pain vomiting joint appetite pain abdominal loss of yellowing urine dark eyes of,Gastroenterology,3
193,having blood obesity swollen legs prominent on cramps vessels veins calf swollen fatigue,Cardiology,0
194,experiencing chills continuous eyes watering sneezing shivering from,Dermatology,1
195,i feel pain chest breathlessness vomiting lately,Cardiology,0
196,feeling itching of gases of passage pain abdominal vomiting loss appetite internal,Gastroenterology,3
197,feeling acidity vomiting cough on pain ulcers tongue chest,Gastroenterology,3
198,i have one weakness side of altered headache body sensorium,Neurology,5
199,i feel gases vomiting abdominal appetite internal indigestion of loss itching of pain passage lately,Gastroenterology,3
200,feeling nails small skin nails peeling inflammatory dents like silver dusting in skin rash pain joint,Dermatology,1
201,i feel behind high fatigue pain nausea the loss fever pain pain joint rash appetite body muscle vomiting spots headache back malaise eyes pain of skin over red chills lately,Infectious,4
202,feeling fatigue high in appetite eyes sweating pain yellowing loss blood malaise fever weight breathlessness fever cough phlegm vomiting mild loss of nodes sputum swelled chest lymph of chills,Pulmonology,7
203,suffering from excessive vision visual hunger neck indigestion disturbances distorted headache stiff depression blurred and acidity,Neurology,5
204,i feel skin filled pimples rash blackheads scurring pus lately,Dermatology,1
205,having appetite abdominal nausea loss pain pain fatigue yellowish vomiting of joint dark eyes yellowing skin of urine,Gastroenterology,3
206,having neck walking joint pain painful knee pain swelling pain joints,Orthopedics,6
207,i am having from eyes continuous sneezing watering shivering,Dermatology,1
208,feeling nose skin blister yellow around ooze sore rash red fever crust high,Dermatology,1
209,feeling menstruation rate irritability heart fast abnormal muscle mood excessive weakness fatigue weight loss restlessness hunger swings sweating,Endocrinology,2
210,suffering from stiffness weakness muscle walking joints stiff painful neck swelling movement,Orthopedics,6
211,having urine pain yellowing yellowish eyes appetite of nausea skin vomiting abdominal loss of joint pain dark fatigue,Gastroenterology,3
212,i think it's of skin vomiting pain fever joint mild eyes yellowing yellowish diarrhoea abdominal pain appetite of pain muscle loss nausea,Gastroenterology,3
213,i think it's of dark yellowing transfusion appetite yellowish blood malaise pain loss fatigue injections yellow lethargy urine unsterile of abdominal receiving skin receiving itching eyes urine,Gastroenterology,3
214,i feel high headache diarrhoea nausea chills muscle pain vomiting fever sweating lately,Infectious,4
215,experiencing chest pain breathlessness vomiting sweating,Cardiology,0
216,feeling skin inflammatory silver joint small nails like peeling in rash dusting pain nails skin dents,Dermatology,1
217,suffering from like small silver peeling joint pain rash dents skin skin nails in inflammatory dusting nails,Dermatology,1
218,my main issue is fatigue loss yellowing of family history yellowish nausea appetite of skin eyes,Gastroenterology,3
219,i feel fast phlegm fever pain heart rusty chills cough sputum malaise chest fatigue high sweating rate lately,Pulmonology,7
220,having pain yellowish loss dark skin urine abdominal high weight fatigue vomiting fever itching,Gastroenterology,3
221,i feel painful joint neck swelling pain knee pain walking pain joints lately,Orthopedics,6
222,experiencing neck acidity indigestion stiff and blurred hunger depression headache distorted disturbances vision visual excessive,Neurology,5
223,experiencing appetite loss pain vomiting gases of abdominal indigestion passage of,Gastroenterology,3
224,i think it's body side altered weakness of headache sensorium one,Neurology,5
225,suffering from gases abdominal loss passage of internal itching vomiting appetite of pain indigestion,Gastroenterology,3
226,my main issue is chest appetite sweating lymph cough weight phlegm mild swelled loss pain breathlessness blood high fever malaise vomiting nodes in chills eyes sputum loss of of fever yellowing,Pulmonology,7
227,i feel throat congestion fatigue fever chest nose of sinus malaise continuous headache nodes redness chills runny muscle high cough lymph pressure phlegm of pain loss pain sneezing eyes swelled irritation smell lately,Pulmonology,7
228,i am having side vomiting altered of one body weakness headache sensorium,Neurology,5
229,experiencing walking joint joints pain swelling painful hip pain knee pain joint,Orthopedics,6
230,dealing with skin scurring filled pus blackheads rash pimples,Dermatology,1
231,dealing with loss indigestion appetite of abdominal vomiting itching gases passage pain internal of,Gastroenterology,3
232,my main issue is pain hip joints pain pain joint swelling walking painful joint knee,Orthopedics,6
233,feeling fever nausea high diarrhoea chills sweating pain headache muscle,Infectious,4
234,feeling stomach overload abdominal of fluid distention vomiting abdomen yellowish alcohol of consumption skin history of pain swelling,Gastroenterology,3
235,i have vision palpitations sweating and hunger tingling vomiting slurred anxiety drying irritability fatigue speech and headache excessive distorted nausea lips blurred,Endocrinology,2
236,my main issue is fatigue breathlessness sputum history cough family mucoid,Pulmonology,7
237,experiencing sweating fatigue chest heart fever pain malaise sputum chills cough phlegm fast high rate rusty,Pulmonology,7
238,having painful pain neck pain joints walking joint joint swelling hip knee pain pain,Orthopedics,6
239,experiencing distorted irritability neck disturbances hunger indigestion visual blurred depression stiff vision headache and excessive,Neurology,5
240,experiencing hip pain painful pain joint swelling neck joints pain knee walking pain joint,Orthopedics,6
241,my main issue is rusty breathlessness sputum phlegm fever malaise sweating rate heart fatigue fast cough high pain chest,Pulmonology,7
242,i think it's fever sore blister around nose skin yellow crust red high rash ooze,Dermatology,1
243,feeling shivering sneezing continuous watering eyes from,Dermatology,1
244,suffering from blackheads pus filled pimples scurring,Dermatology,1
245,i feel diarrhoea mood weight fatigue swings sweating loss weakness hunger abnormal excessive restlessness irritability muscle menstruation lately,Endocrinology,2
246,i feel sneezing watering eyes continuous chills shivering from lately,Dermatology,1
247,feeling in back neck of balance limbs weakness dizziness pain pain loss,Neurology,5
248,having loss back pain of dizziness neck pain balance,Neurology,5
249,i feel skin nausea appetite loss of family yellowish history fatigue lately,Gastroenterology,3
250,experiencing swings abnormal weight muscle hunger sweating irritability restlessness menstruation excessive mood diarrhoea weakness fatigue loss,Endocrinology,2
251,dealing with knee hip neck pain joints painful pain joint swelling walking pain,Orthopedics,6
252,suffering from of vomiting pain fever abdominal loss nausea appetite yellowing urine pain dark pain mild muscle of diarrhoea skin joint yellowish eyes,Gastroenterology,3
253,having skin vomiting fatigue abdominal dark pain urine weight high loss yellowish fever,Gastroenterology,3
254,feeling indigestion vomiting gases pain appetite of internal passage abdominal loss of itching,Gastroenterology,3
255,i am having skin of urine appetite fatigue yellowish eyes joint pain yellowing dark abdominal loss nausea vomiting pain of,Gastroenterology,3
256,i think it's mild chills fatigue eyes chest vomiting yellowing sputum high lymph fever blood of phlegm malaise loss in breathlessness nodes of pain sweating weight cough loss appetite swelled fever,Pulmonology,7
257,i think it's burning urine feel of discomfort micturition urine foul of smell continuous bladder,Urology,8
258,dealing with extremeties fatigue and brittle menstruation and abnormal feets enlarged face dizziness swollen mood puffy hands thyroid eyes depression lethargy irritability swings nails cold,Endocrinology,2
259,i feel eyes cough loss fever sweating appetite of pain nodes fever vomiting weight chills chest swelled blood of breathlessness yellowing phlegm in loss fatigue high sputum malaise mild lymph lately,Pulmonology,7
260,my main issue is urine of urine micturition smell continuous foul discomfort of feel bladder burning,Urology,8
261,experiencing on pain pain chest acidity cough ulcers vomiting stomach tongue,Gastroenterology,3
262,suffering from muscle weakness fast diarrhoea swings loss hunger restlessness irritability heart menstruation weight excessive abnormal rate fatigue mood sweating,Endocrinology,2
263,feeling cough breathlessness history mucoid sputum high family fever,Pulmonology,7
264,i have peeling pain dusting rash skin joint skin like inflammatory silver nails,Dermatology,1
265,i feel of dizziness in limbs balance pain neck weakness pain loss back lately,Neurology,5
266,dealing with of history of yellowish of distention skin overload stomach abdomen vomiting fluid consumption swelling alcohol,Gastroenterology,3
267,my main issue is joint the loss pain eyes high skin spots behind red nausea chills rash headache muscle fatigue pain body fever back over vomiting pain appetite of malaise pain,Infectious,4
268,my main issue is depression menstruation abnormal gain thyroid irritability enlarged mood fatigue swollen puffy and lethargy swings extremeties brittle dizziness weight nails face eyes,Endocrinology,2
269,suffering from of eyes yellowish pain failure nausea liver coma bleeding joint vomiting yellowing pain fever of fatigue dark urine skin acute abdominal loss high stomach appetite,Gastroenterology,3
270,suffering from obesity swollen legs on vessels swollen cramps fatigue calf prominent blood veins,Cardiology,0
271,experiencing of yellowish family fatigue loss eyes of nausea history skin yellowing appetite,Gastroenterology,3
272,having phlegm redness malaise fever fatigue nodes chills nose of chest swelled pressure lymph sneezing irritation sinus headache smell pain pain runny loss of continuous high throat cough muscle congestion eyes,Pulmonology,7
273,having veins vessels swollen swollen fatigue cramps prominent legs blood on calf bruising,Cardiology,0
274,i am having disturbances and blurred excessive depression distorted indigestion vision hunger visual stiff irritability acidity neck,Neurology,5
275,my main issue is swelling vomiting skin stomach pain history of consumption overload alcohol abdominal of fluid yellowish abdomen of distention,Gastroenterology,3
276,i think it's of limbs balance back in neck loss weakness pain pain dizziness,Neurology,5
277,i think it's skin micturition spotting itching burning stomach rash pain urination,Dermatology,1
278,i feel body fatigue malaise lethargy lymph mild headache of nodes fever appetite over swelled itching spots red loss fever rash high skin lately,Infectious,4
279,experiencing pain in loss pain balance back dizziness weakness of neck limbs,Neurology,5
280,experiencing headache altered vomiting sensorium,Neurology,5
281,experiencing dents silver small inflammatory pain joint nails peeling dusting skin nails in like,Dermatology,1
282,suffering from like nails inflammatory in pain joint nails rash dents skin silver small dusting skin peeling,Dermatology,1
283,dealing with visual irritability vision neck distorted blurred indigestion hunger headache acidity and excessive stiff disturbances depression,Neurology,5
284,dealing with dischromic skin nodal patches skin eruptions rash itching,Dermatology,1
285,having rash filled skin scurring pus pimples blackheads,Dermatology,1
286,i think it's breathlessness family cough history fever mucoid high sputum fatigue,Pulmonology,7
287,having burning urine micturition smell feel urine of continuous foul discomfort of bladder,Urology,8
288,i feel high abdominal belly toxic fatigue look fever constipation pain nausea pain (typhos) chills vomiting headache lately,Infectious,4
289,having side altered one headache body weakness vomiting sensorium of,Neurology,5
290,having chills fast rusty heart sputum fatigue breathlessness fever high cough malaise rate chest phlegm pain sweating,Pulmonology,7
291,i think it's overload pain distention skin stomach alcohol of of of abdominal yellowish consumption history fluid swelling vomiting abdomen,Gastroenterology,3
292,suffering from vomiting diarrhoea dehydration,Gastroenterology,3
293,feeling ulcers on pain chest acidity tongue cough stomach pain,Gastroenterology,3
294,having pain walking joint joints painful knee joint swelling hip pain neck pain pain,Orthopedics,6
295,i feel in back weakness pain balance loss neck pain dizziness limbs of lately,Neurology,5
296,i think it's blister crust nose red rash around yellow skin sore ooze,Dermatology,1
297,suffering from prominent blood veins on calf cramps obesity vessels bruising swollen legs swollen fatigue,Cardiology,0
298,having fatigue cough breathlessness history family mucoid sputum fever high,Pulmonology,7
299,dealing with swelling pain vomiting of skin abdominal stomach history abdomen of consumption alcohol of yellowish fluid distention overload,Gastroenterology,3
300,i think it's swollen nails dizziness swings weight enlarged eyes and lethargy brittle face feets and abnormal hands extremeties thyroid mood irritability menstruation cold puffy fatigue gain depression,Endocrinology,2
301,my main issue is pain skin nausea of dark joint yellowish pain urine pain diarrhoea mild vomiting eyes yellowing abdominal muscle fever,Gastroenterology,3
302,suffering from patches muscle contacts fever marital high wasting in throat extra,Infectious,4
303,i think it's pain sweating chest breathlessness,Cardiology,0
304,feeling loss appetite headache red malaise mild skin fatigue nodes of itching rash fever spots swelled body over fever high lymph,Infectious,4
305,i am having pain nausea diarrhoea fever muscle skin abdominal pain appetite loss of vomiting yellowing eyes mild pain joint of yellowish,Gastroenterology,3
306,dealing with walking swelling weakness painful muscle neck joints stiff,Orthopedics,6
307,i feel feets swings menstruation abnormal nails dizziness eyes extremeties and fatigue depression and swollen brittle face cold hands enlarged gain thyroid mood puffy weight irritability lately,Endocrinology,2
308,i am having breathlessness chest pain vomiting sweating,Cardiology,0
309,i have rash burning stomach pain skin spotting urination micturition,Dermatology,1
310,i have joints painful neck stiff weakness movement swelling stiffness walking muscle,Orthopedics,6
311,my main issue is yellowing receiving loss eyes malaise appetite yellow yellowish urine transfusion of receiving skin unsterile abdominal lethargy fatigue pain itching urine blood injections dark of,Gastroenterology,3
312,i feel dusting like silver rash in skin pain dents nails small joint inflammatory skin peeling nails lately,Dermatology,1
313,feeling chills pain fever muscle nausea sweating high diarrhoea headache vomiting,Infectious,4
314,suffering from of skin yellowish abdominal overload distention stomach abdomen swelling pain fluid vomiting of,Gastroenterology,3
315,feeling sweating high pain diarrhoea fever chills vomiting nausea muscle headache,Infectious,4
316,i think it's stomach pain micturition urination rash burning spotting skin,Dermatology,1
317,i am having indigestion appetite of itching loss abdominal gases passage pain of internal,Gastroenterology,3
318,i feel inflammatory peeling rash joint nails nails dents pain small skin in skin lately,Dermatology,1
319,i think it's urination burning rash pain skin spotting stomach itching micturition,Dermatology,1
320,my main issue is of skin nausea abdominal yellowish pain of eyes dark acute loss pain fever joint urine appetite coma high bleeding fatigue stomach liver failure vomiting yellowing,Gastroenterology,3
321,i feel discomfort continuous bladder urine foul feel of micturition burning urine smell of lately,Urology,8
322,feeling of micturition of continuous burning urine feel discomfort urine foul smell bladder,Urology,8
323,experiencing rash mild headache skin high of fever spots fatigue body fever red appetite lethargy over loss itching malaise,Infectious,4
324,my main issue is swelled fatigue pressure fever lymph sneezing throat pain eyes nodes loss phlegm high pain runny chills of of cough chest nose continuous redness sinus congestion smell irritation muscle malaise headache,Pulmonology,7
325,feeling rash skin pus filled scurring pimples blackheads,Dermatology,1
326,i think it's urine abdominal transfusion of of blood appetite urine injections loss itching receiving receiving malaise eyes unsterile yellowish dark lethargy skin yellowing pain yellow,Gastroenterology,3
327,i have dark abdominal of skin pain loss nausea of joint yellowish pain appetite yellowing eyes urine vomiting fatigue,Gastroenterology,3
328,having fatigue face enlarged feets weight depression swollen hands cold irritability lethargy abnormal dizziness and and extremeties menstruation thyroid brittle eyes gain puffy nails,Endocrinology,2
329,i feel fever skin nose ooze sore rash high yellow blister red around crust lately,Dermatology,1
330,i feel loss of gases indigestion internal of passage abdominal pain itching appetite lately,Gastroenterology,3
331,having skin loss fever yellowish joint pain abdominal eyes of of mild appetite pain diarrhoea yellowing nausea muscle vomiting pain,Gastroenterology,3
332,i am having stomach itching rash pain burning skin micturition,Dermatology,1
333,suffering from sweating lips vision slurred drying palpitations nausea hunger anxiety headache speech distorted excessive and blurred tingling irritability fatigue and vomiting,Endocrinology,2
334,suffering from pain on stomach tongue ulcers vomiting cough acidity pain chest,Gastroenterology,3
335,i feel pimples scurring blackheads filled pus skin rash lately,Dermatology,1
336,i am having of body one side weakness headache sensorium altered vomiting,Neurology,5
337,i feel breathlessness fever chest nodes sweating in lymph of pain sputum fever appetite malaise swelled chills mild high blood cough weight vomiting eyes loss phlegm fatigue of yellowing loss lately,Pulmonology,7
338,suffering from of eyes vomiting yellowing dark acute failure skin fever coma yellowish liver of pain high fatigue bleeding stomach abdominal nausea appetite joint pain loss urine,Gastroenterology,3
339,having fatigue speech distorted hunger nausea palpitations and irritability vomiting sweating excessive and drying tingling anxiety lips headache vision blurred slurred,Endocrinology,2
340,having nausea high pain muscle joint vomiting malaise chills fever skin fatigue spots back rash pain headache pain loss behind eyes of pain red over body the appetite,Infectious,4
341,having blood bruising swollen calf on legs prominent vessels obesity fatigue veins cramps swollen,Cardiology,0
342,i am having walking painful stiffness swelling neck joints movement stiff,Orthopedics,6
343,suffering from muscle diarrhoea restlessness weight irritability sweating swings menstruation abnormal rate weakness fatigue mood hunger heart loss fast excessive,Endocrinology,2
344,i think it's tingling drying slurred headache blurred lips palpitations irritability excessive anxiety hunger sweating speech vision fatigue and distorted vomiting and,Endocrinology,2
345,dealing with pain limbs dizziness neck back in pain weakness,Neurology,5
346,feeling lymph fatigue fever swelled chills loss phlegm vomiting of blood nodes appetite sweating cough loss breathlessness eyes mild of pain high sputum fever malaise in yellowing chest weight,Pulmonology,7
347,i have rate irritability excessive weight fatigue muscle hunger restlessness abnormal heart mood diarrhoea swings sweating menstruation weakness loss fast,Endocrinology,2
348,i am having of burning smell foul micturition discomfort bladder urine,Urology,8
349,feeling chills from eyes shivering sneezing watering continuous,Dermatology,1
350,experiencing blackheads rash skin pimples filled pus,Dermatology,1
351,having chest pain vomiting sweating breathlessness,Cardiology,0
352,having pain history of abdomen fluid of stomach of alcohol yellowish overload consumption swelling abdominal vomiting distention skin,Gastroenterology,3
353,dealing with vomiting ulcers on acidity tongue chest pain cough pain stomach,Gastroenterology,3
354,having family fatigue cough breathlessness mucoid history sputum,Pulmonology,7
355,i have yellowing pain nausea pain abdominal joint vomiting eyes dark of fatigue loss urine of appetite,Gastroenterology,3
356,suffering from nose high skin ooze yellow blister sore around crust rash red fever,Dermatology,1
357,i am having of mild swelled appetite fever breathlessness loss in vomiting nodes chest malaise weight fatigue cough sweating yellowing loss of phlegm pain blood high sputum eyes fever chills lymph,Pulmonology,7
358,i have muscle the high spots behind pain pain of vomiting eyes fatigue pain nausea red chills rash appetite skin loss malaise back pain headache joint fever over body,Infectious,4
359,having breathlessness fatigue cough sputum mucoid high fever,Pulmonology,7
360,i feel eyes sneezing from continuous chills watering shivering lately,Dermatology,1
361,i feel hunger irritability fatigue sweating fast heart diarrhoea restlessness muscle swings rate weight weakness excessive mood abnormal menstruation loss lately,Endocrinology,2
362,i think it's abdomen alcohol overload yellowish skin stomach of vomiting history of distention swelling consumption of fluid,Gastroenterology,3
363,i feel mild pain eyes joint diarrhoea muscle vomiting abdominal pain urine nausea dark fever yellowish yellowing skin pain of lately,Gastroenterology,3
364,i have dehydration sunken vomiting diarrhoea eyes,Gastroenterology,3
365,feeling pain back of fatigue pain joint behind pain loss vomiting rash fever eyes high chills skin body appetite headache pain over the red muscle nausea spots,Infectious,4
366,i have abnormal diarrhoea hunger mood excessive muscle rate fatigue sweating heart loss swings fast weakness menstruation weight irritability,Endocrinology,2
367,i am having legs vessels obesity prominent swollen cramps blood fatigue swollen on bruising veins calf,Cardiology,0
368,i think it's fever headache nausea sweating vomiting diarrhoea pain high muscle chills,Infectious,4
369,i feel walking muscle movement weakness neck stiffness swelling joints painful stiff lately,Orthopedics,6
370,having scurring blackheads skin rash,Dermatology,1
371,suffering from altered of vomiting sensorium headache body weakness one side,Neurology,5
372,i have altered body weakness sensorium vomiting of one headache side,Neurology,5
373,i think it's sweating breathlessness pain chest vomiting,Cardiology,0
374,i have eyes stomach yellowing dark loss abdominal failure fever liver of fatigue joint yellowish of skin bleeding pain nausea appetite acute pain high urine coma vomiting,Gastroenterology,3
375,i think it's swelled malaise fatigue headache of appetite body red itching rash spots mild lymph skin nodes lethargy over loss fever,Infectious,4
376,my main issue is neck movement walking swelling stiffness muscle weakness painful stiff joints,Orthopedics,6
377,i am having patches marital contacts extra in fever high throat,Infectious,4
378,i feel nodal dischromic eruptions skin patches itching lately,Dermatology,1
379,feeling high loss pain vomiting itching fever urine fatigue weight dark abdominal,Gastroenterology,3
380,i have of appetite indigestion itching pain internal vomiting abdominal loss,Gastroenterology,3
381,my main issue is extra marital high in throat fever contacts patches,Infectious,4
382,suffering from hip pain joint joint swelling knee pain pain joints painful neck pain walking,Orthopedics,6
383,i feel stiff neck acidity visual headache and hunger distorted disturbances vision excessive indigestion depression blurred irritability lately,Neurology,5
384,my main issue is altered headache sensorium vomiting,Neurology,5
385,dealing with fever skin urine diarrhoea of yellowish pain yellowing mild of pain muscle loss joint pain eyes dark vomiting abdominal appetite nausea,Gastroenterology,3
386,having fatigue fever history breathlessness high family cough,Pulmonology,7
387,having nausea liver eyes vomiting joint coma bleeding fatigue acute skin of stomach yellowing loss of appetite yellowish high pain abdominal fever pain failure,Gastroenterology,3
388,experiencing urine malaise itching of pain yellowish appetite unsterile skin eyes urine receiving yellow blood injections lethargy transfusion of receiving dark abdominal yellowing fatigue loss,Gastroenterology,3
389,having legs swollen vessels blood veins obesity cramps bruising prominent on swollen calf fatigue,Cardiology,0
390,i feel abdomen stomach of skin pain consumption vomiting yellowish swelling of abdominal history distention fluid alcohol of overload lately,Gastroenterology,3
391,my main issue is pain of abdominal alcohol history swelling stomach overload fluid abdomen vomiting yellowish of distention consumption skin of,Gastroenterology,3
392,experiencing eyes nausea loss yellowish family skin history appetite yellowing of fatigue of,Gastroenterology,3
393,i feel nausea fever loss dark fatigue appetite liver pain bleeding yellowing urine pain of failure skin high joint coma of yellowish stomach acute eyes abdominal lately,Gastroenterology,3
394,dealing with sputum family breathlessness mucoid fever fatigue history high,Pulmonology,7
395,i think it's joints walking hip joint joint neck pain pain pain swelling painful pain knee,Orthopedics,6
396,suffering from of phlegm sinus pressure fatigue pain malaise smell eyes runny chills lymph of congestion sneezing redness swelled pain headache nose nodes continuous chest loss throat cough irritation muscle,Pulmonology,7
397,experiencing abnormal sweating swings weakness muscle heart diarrhoea menstruation hunger weight restlessness loss excessive irritability mood fatigue fast rate,Endocrinology,2
398,feeling from eyes continuous sneezing shivering chills watering,Dermatology,1
399,i have the high nausea muscle behind malaise fatigue back vomiting spots pain of loss pain fever over red chills pain joint appetite body headache pain eyes,Infectious,4
400,feeling abdominal unsterile transfusion eyes yellow dark blood pain urine receiving fatigue lethargy malaise of skin yellowing yellowish urine receiving itching injections,Gastroenterology,3
401,i think it's fatigue fever rate cough rusty chills sputum fast pain chest malaise high heart phlegm sweating,Pulmonology,7
402,dealing with family history yellowish of appetite nausea fatigue skin loss,Gastroenterology,3
403,my main issue is weight fatigue fast abnormal weakness hunger heart restlessness sweating excessive loss rate diarrhoea menstruation irritability muscle,Endocrinology,2
404,i feel joint yellowish loss yellowing nausea pain abdominal of fatigue skin of eyes urine pain dark vomiting appetite lately,Gastroenterology,3
405,suffering from high smell redness phlegm chest pressure fever sneezing lymph eyes nodes swelled chills loss pain fatigue headache muscle congestion of pain of continuous irritation sinus runny cough malaise throat nose,Pulmonology,7
406,suffering from pain weakness balance loss of neck limbs in pain back,Neurology,5
407,suffering from legs obesity prominent veins fatigue cramps bruising on calf swollen,Cardiology,0
408,i think it's dehydration vomiting eyes sunken diarrhoea,Gastroenterology,3
409,i think it's walking painful swelling pain joint pain knee hip neck joint pain joints pain,Orthopedics,6
410,feeling fever pain high pain joint appetite dark abdominal urine failure of fatigue stomach yellowing loss nausea coma acute liver of eyes vomiting bleeding,Gastroenterology,3
411,i think it's joints pain joint joint neck swelling hip painful pain pain knee pain walking,Orthopedics,6
412,having itching rash nodal patches dischromic skin skin eruptions,Dermatology,1
413,feeling muscle joints weakness painful neck movement stiffness walking stiff swelling,Orthopedics,6
414,dealing with like dents small pain silver inflammatory peeling skin rash nails joint nails skin in dusting,Dermatology,1
415,i feel rusty fever cough phlegm pain fast heart sweating high malaise sputum chest rate breathlessness fatigue lately,Pulmonology,7
416,experiencing distorted depression and hunger disturbances excessive headache visual acidity blurred indigestion irritability vision,Neurology,5
417,i have swollen prominent obesity blood veins on swollen vessels calf legs bruising cramps fatigue,Cardiology,0
418,my main issue is dehydration diarrhoea vomiting,Gastroenterology,3
419,dealing with chills fever muscle nausea headache pain sweating vomiting high,Infectious,4
420,my main issue is alcohol abdomen fluid abdominal pain of distention of consumption vomiting stomach swelling history of overload,Gastroenterology,3
421,feeling fever eyes runny congestion irritation muscle pain lymph of sneezing swelled smell continuous sinus cough nodes loss headache redness of chest pain phlegm nose pressure malaise fatigue high chills throat,Pulmonology,7
422,suffering from family high breathlessness sputum fatigue fever mucoid cough history,Pulmonology,7
423,dealing with burning urine bladder of of urine foul continuous micturition discomfort feel smell,Urology,8
424,i think it's swings weakness restlessness sweating hunger weight abnormal muscle fatigue loss irritability menstruation rate heart diarrhoea fast excessive mood,Endocrinology,2
425,suffering from foul continuous of burning smell urine bladder urine discomfort micturition of feel,Urology,8
426,my main issue is toxic abdominal fatigue high constipation chills look vomiting pain nausea diarrhoea fever (typhos) pain belly headache,Infectious,4
427,i have abdominal of skin fluid yellowish overload consumption abdomen pain vomiting alcohol distention of history,Gastroenterology,3
428,i think it's smell feel urine foul of bladder continuous urine discomfort of micturition burning,Urology,8
429,i have fatigue weight dark pain itching vomiting high yellowish abdominal skin loss urine fever,Gastroenterology,3
430,experiencing brittle extremeties abnormal enlarged nails thyroid swollen hands dizziness depression mood fatigue weight feets lethargy cold and menstruation gain swings irritability,Endocrinology,2
431,i am having fever malaise cough pain rate sweating phlegm breathlessness chest heart fatigue chills fast rusty high sputum,Pulmonology,7
432,having fever abdominal eyes urine joint pain dark of stomach appetite yellowing vomiting pain yellowish high nausea bleeding coma loss skin of fatigue,Gastroenterology,3
433,my main issue is loss history eyes yellowing of appetite yellowish fatigue family skin of,Gastroenterology,3
434,i have diarrhoea chills fever muscle pain headache sweating nausea vomiting high,Infectious,4
435,suffering from continuous urine of feel discomfort burning micturition bladder,Urology,8
436,suffering from spots over nodes appetite swelled loss skin fever red fatigue mild body headache fever rash lethargy of malaise high lymph,Infectious,4
437,suffering from excessive loss diarrhoea fast abnormal weight restlessness weakness sweating irritability hunger fatigue menstruation heart rate muscle mood swings,Endocrinology,2
438,having prominent fatigue vessels calf on blood swollen cramps bruising swollen veins obesity legs,Cardiology,0
439,dealing with breathlessness sputum fatigue fever high family cough history mucoid,Pulmonology,7
440,experiencing vomiting pain sweating chest,Cardiology,0
441,feeling skin urination itching micturition rash spotting pain burning stomach,Dermatology,1
442,i think it's nausea history loss of yellowish skin fatigue eyes yellowing appetite of family,Gastroenterology,3
443,i have pain chest of appetite fever weight sweating of eyes swelled yellowing breathlessness vomiting mild chills sputum phlegm fatigue blood high in loss fever malaise cough loss lymph nodes,Pulmonology,7
444,dealing with headache pain eyes pain chills fever skin fatigue of nausea joint body loss the appetite over pain muscle behind high red pain rash back vomiting spots,Infectious,4
445,experiencing high sweating fever pain diarrhoea vomiting muscle chills nausea headache,Infectious,4
446,i am having high sweating chills vomiting nausea muscle fever pain diarrhoea headache,Infectious,4
447,i have appetite yellowing fatigue skin pain joint of yellowish abdominal pain vomiting of eyes nausea loss dark urine,Gastroenterology,3
448,feeling overload swelling stomach consumption distention yellowish of vomiting abdominal abdomen pain skin of history alcohol fluid of,Gastroenterology,3
449,i think it's scurring rash blackheads pimples filled pus skin,Dermatology,1
450,feeling diarrhoea dehydration sunken eyes,Gastroenterology,3
451,suffering from pain red pain pain malaise fever joint of high vomiting appetite fatigue chills nausea the headache pain back loss spots rash eyes skin muscle behind over body,Infectious,4
452,experiencing fatigue pain (typhos) fever diarrhoea toxic vomiting look belly chills nausea constipation high headache pain abdominal,Infectious,4
453,i feel high yellow fever crust nose ooze around skin rash blister sore red lately,Dermatology,1
454,i have urine loss pain nausea vomiting appetite yellowish joint skin pain eyes yellowing of abdominal dark of,Gastroenterology,3
455,my main issue is body altered headache weakness sensorium one vomiting of side,Neurology,5
456,having nausea eyes yellowing of joint pain urine appetite pain of yellowish loss dark skin abdominal fatigue vomiting,Gastroenterology,3
457,i have smell urine bladder urine discomfort of micturition feel foul burning continuous of,Urology,8
458,i feel swelled sputum high loss nodes fever fatigue yellowing of malaise blood mild weight of lymph eyes vomiting phlegm loss breathlessness cough chest appetite pain in chills fever lately,Pulmonology,7
459,my main issue is burning pain spotting itching skin stomach urination rash micturition,Dermatology,1
460,having sweating fatigue fever in loss malaise mild chills yellowing nodes blood weight swelled fever of breathlessness eyes pain loss phlegm high sputum chest of cough vomiting appetite lymph,Pulmonology,7
461,suffering from vomiting dehydration diarrhoea,Gastroenterology,3
462,dealing with rash pimples pus scurring blackheads filled skin,Dermatology,1
463,experiencing mild of vomiting pain yellowing eyes pain fever joint nausea dark diarrhoea pain yellowish skin abdominal muscle urine,Gastroenterology,3
464,feeling receiving appetite yellow fatigue blood eyes malaise abdominal of injections skin receiving lethargy pain unsterile itching yellowing of transfusion urine loss urine dark yellowish,Gastroenterology,3
465,i feel chest breathlessness sweating pain vomiting lately,Cardiology,0
466,having loss fatigue yellowing appetite family of history of eyes yellowish nausea skin,Gastroenterology,3
467,i have headache lethargy fever fatigue swelled skin mild spots appetite lymph rash fever of body nodes high loss over red malaise itching,Infectious,4
468,dealing with high rash skin blister ooze fever yellow crust,Dermatology,1
469,i am having sweating phlegm rusty rate heart pain fast high sputum fatigue malaise chest breathlessness chills cough fever,Pulmonology,7
470,i have mood restlessness sweating weakness rate diarrhoea muscle fast excessive swings hunger abnormal fatigue menstruation irritability heart,Endocrinology,2
471,feeling of of vomiting joint eyes pain urine loss dark abdominal yellowish skin nausea pain appetite yellowing fatigue,Gastroenterology,3
472,having pain back body of skin pain pain red nausea chills malaise muscle spots eyes behind pain loss appetite fever fatigue over high vomiting headache joint the rash,Infectious,4
473,dealing with skin patches rash dischromic itching,Dermatology,1
474,i feel sneezing watering eyes shivering chills continuous from lately,Dermatology,1
475,i have eyes sunken vomiting dehydration diarrhoea,Gastroenterology,3
476,feeling weakness one vomiting side of headache body,Neurology,5
477,i am having family fatigue high cough sputum history mucoid breathlessness fever,Pulmonology,7
478,having history skin eyes of loss fatigue nausea appetite yellowing yellowish family of,Gastroenterology,3
479,my main issue is dehydration sunken vomiting eyes diarrhoea,Gastroenterology,3
480,i feel from chills shivering eyes sneezing watering continuous lately,Dermatology,1
481,feeling pain behind nausea body of appetite eyes chills high fever the pain pain spots back vomiting malaise loss rash skin muscle red joint over headache pain fatigue,Infectious,4
482,dealing with eyes high of coma yellowing dark bleeding loss abdominal yellowish liver appetite skin pain joint pain fatigue urine of failure acute nausea vomiting stomach fever,Gastroenterology,3
483,feeling around crust blister yellow rash sore skin high ooze red fever nose,Dermatology,1
484,my main issue is vision indigestion blurred acidity visual and stiff headache depression neck irritability disturbances distorted,Neurology,5
485,having of vomiting itching passage abdominal indigestion gases internal pain,Gastroenterology,3
486,i feel belly pain look (typhos) headache fatigue abdominal toxic chills fever pain high nausea diarrhoea constipation lately,Infectious,4
487,dealing with eyes dehydration vomiting sunken diarrhoea,Gastroenterology,3
488,i think it's irritability abnormal restlessness excessive weakness swings sweating weight heart mood muscle hunger fast rate menstruation loss fatigue diarrhoea,Endocrinology,2
489,feeling high cough fatigue family fever sputum mucoid history breathlessness,Pulmonology,7
490,my main issue is urine nausea loss pain pain yellowish skin abdominal vomiting dark fatigue joint of appetite,Gastroenterology,3
491,i am having high sore crust around red yellow nose fever ooze blister skin rash,Dermatology,1
492,experiencing yellowish of nausea loss fatigue eyes skin family history appetite yellowing of,Gastroenterology,3
493,experiencing neck pain joints walking pain knee pain painful swelling joint,Orthopedics,6
494,dealing with gases pain abdominal of internal of appetite loss indigestion passage itching,Gastroenterology,3
495,having swelling joint hip joints pain joint painful pain neck walking pain,Orthopedics,6
496,i am having eyes watering continuous sneezing chills from shivering,Dermatology,1
497,i feel joints stiffness weakness movement neck stiff painful walking muscle swelling lately,Orthopedics,6
498,my main issue is skin rash pus pimples filled scurring blackheads,Dermatology,1
499,i think it's eyes nausea loss appetite fatigue yellowish yellowing skin of history family of,Gastroenterology,3
500,i am having shivering continuous sneezing eyes chills watering from,Dermatology,1
501,having on stomach pain vomiting chest pain ulcers cough tongue acidity,Gastroenterology,3
502,i am having acidity on pain chest pain tongue ulcers stomach vomiting,Gastroenterology,3
503,my main issue is neck weakness back limbs balance in dizziness pain pain loss of,Neurology,5
504,experiencing dischromic patches eruptions itching nodal skin,Dermatology,1
505,i think it's chills abdominal diarrhoea (typhos) headache high fatigue belly nausea fever look pain constipation pain toxic vomiting,Infectious,4
506,i feel appetite eyes receiving itching receiving loss lethargy blood malaise yellowish abdominal urine pain of yellow transfusion urine fatigue dark yellowing of injections unsterile skin lately,Gastroenterology,3
507,experiencing stiff neck swelling stiffness weakness joints movement walking muscle painful,Orthopedics,6
508,having diarrhoea fever toxic (typhos) chills pain look nausea fatigue vomiting abdominal high constipation headache,Infectious,4
509,i have itching fever high nodes lymph over rash red spots malaise body fever headache mild skin fatigue swelled lethargy,Infectious,4
510,experiencing chest breathlessness sweating pain vomiting,Cardiology,0
511,having headache nausea pain belly diarrhoea look (typhos) high fatigue abdominal constipation pain fever vomiting toxic chills,Infectious,4
512,feeling menstruation mood abnormal rate heart irritability sweating restlessness fast hunger excessive weight fatigue muscle swings diarrhoea weakness loss,Endocrinology,2
513,i think it's fatigue skin nausea of of loss family eyes yellowing appetite yellowish history,Gastroenterology,3
514,i think it's headache and neck distorted indigestion blurred depression stiff irritability acidity visual disturbances vision,Neurology,5
515,feeling history mucoid fever high breathlessness cough sputum fatigue family,Pulmonology,7
516,i feel walking weakness stiffness muscle joints neck movement stiff swelling painful lately,Orthopedics,6
517,i have internal indigestion abdominal vomiting of of passage gases loss appetite pain itching,Gastroenterology,3
518,i think it's overload fluid of yellowish alcohol of swelling stomach abdomen of history consumption vomiting abdominal distention pain skin,Gastroenterology,3
519,i have fatigue family cough history fever breathlessness mucoid sputum high,Pulmonology,7
520,i feel movement painful joints neck swelling walking stiff muscle weakness stiffness lately,Orthopedics,6
521,experiencing skin fatigue pain fever joint headache muscle chills malaise pain the nausea high pain back behind appetite pain vomiting of loss rash eyes,Infectious,4
522,my main issue is pain knee swelling painful pain walking joint pain hip joints pain joint neck,Orthopedics,6
523,feeling malaise phlegm sinus lymph loss sneezing swelled pain irritation eyes of chest pain redness nodes fatigue chills continuous throat muscle pressure nose cough congestion smell runny headache of,Pulmonology,7
524,feeling limbs back loss pain of balance pain dizziness in weakness neck,Neurology,5
525,i have smell of irritation congestion throat pain loss high cough chest malaise redness fatigue nodes headache lymph fever continuous sinus phlegm runny sneezing swelled pain of nose pressure chills muscle eyes,Pulmonology,7
526,feeling continuous shivering watering sneezing eyes from,Dermatology,1
527,my main issue is yellowing loss of pain yellowish fatigue urine skin vomiting eyes joint nausea of dark abdominal appetite pain,Gastroenterology,3
528,dealing with yellowish yellowing of nausea fatigue of skin loss eyes appetite history family,Gastroenterology,3
529,i have of abdominal pain joint vomiting pain dark yellowing loss nausea appetite eyes urine fatigue of,Gastroenterology,3
530,dealing with unsterile blood dark urine yellow abdominal skin receiving loss lethargy eyes appetite yellowish urine of itching of transfusion injections malaise fatigue yellowing pain receiving,Gastroenterology,3
531,experiencing yellowish vomiting skin urine loss yellowing dark appetite pain nausea of eyes joint fatigue of,Gastroenterology,3
532,my main issue is history loss skin of family nausea fatigue appetite yellowish,Gastroenterology,3
533,feeling scurring skin blackheads rash,Dermatology,1
534,i think it's vomiting palpitations lips excessive speech and sweating hunger headache nausea irritability slurred tingling fatigue anxiety drying,Endocrinology,2
535,my main issue is malaise rate heart high sputum breathlessness sweating pain fast fatigue rusty cough fever phlegm chest chills,Pulmonology,7
536,dealing with nausea pain sweating high chills muscle vomiting headache fever,Infectious,4
537,suffering from disturbances excessive and indigestion hunger acidity blurred headache distorted visual irritability vision depression,Neurology,5
538,i have headache of one altered side weakness body vomiting sensorium,Neurology,5
539,i have excessive mood menstruation restlessness fast weight swings fatigue diarrhoea irritability abnormal weakness loss rate muscle heart hunger sweating,Endocrinology,2
540,feeling joints painful neck swelling walking muscle weakness movement stiff stiffness,Orthopedics,6
541,i feel fever in patches throat high wasting muscle lately,Infectious,4
542,i have contacts wasting high extra patches marital muscle throat in fever,Infectious,4
543,i have loss mood hunger weight muscle heart sweating rate menstruation weakness abnormal diarrhoea excessive restlessness fast swings fatigue irritability,Endocrinology,2
544,i feel skin fatigue abdominal transfusion yellowish appetite blood urine pain receiving injections unsterile of itching yellowing of urine malaise loss yellow receiving eyes dark lately,Gastroenterology,3
545,dealing with yellowish skin pain appetite vomiting joint of pain of eyes nausea abdominal loss yellowing fatigue,Gastroenterology,3
546,feeling pimples skin blackheads scurring filled pus rash,Dermatology,1
547,i have wasting contacts in extra muscle throat high marital patches fever,Infectious,4
548,i feel in skin skin small silver rash like peeling nails inflammatory nails dusting dents lately,Dermatology,1
549,experiencing speech irritability blurred hunger excessive and distorted sweating and headache slurred lips vision tingling nausea vomiting fatigue palpitations drying,Endocrinology,2
550,feeling history sputum mucoid high fever cough family breathlessness,Pulmonology,7
551,having fever chills nausea pain fatigue vomiting toxic constipation pain high diarrhoea look belly (typhos) headache abdominal,Infectious,4
552,having muscle in high throat patches fever wasting,Infectious,4
553,i feel sweating fatigue loss abnormal weight mood fast muscle irritability restlessness hunger excessive heart menstruation swings weakness rate diarrhoea lately,Endocrinology,2
554,i have pain joints pain swelling joint pain pain hip painful joint knee walking neck,Orthopedics,6
555,feeling pain sweating chest breathlessness vomiting,Cardiology,0
556,i think it's depression dizziness feets hands cold puffy abnormal mood swings gain and lethargy thyroid swollen nails and menstruation extremeties enlarged brittle irritability face weight eyes fatigue,Endocrinology,2
557,i feel yellowing pain bleeding failure vomiting urine eyes of fatigue stomach acute yellowish abdominal dark nausea loss skin of liver fever pain joint appetite coma high lately,Gastroenterology,3
558,i feel vomiting dehydration eyes diarrhoea sunken lately,Gastroenterology,3
559,feeling fever fatigue cough family sputum history mucoid high,Pulmonology,7
560,suffering from failure stomach high joint loss eyes fatigue urine dark vomiting yellowish pain yellowing appetite coma acute of fever pain of skin bleeding abdominal liver nausea,Gastroenterology,3
561,i have muscle neck stiffness stiff weakness walking painful movement,Orthopedics,6
562,suffering from enlarged cold abnormal mood hands swollen dizziness irritability and feets depression extremeties nails swings puffy gain and eyes thyroid menstruation weight face fatigue brittle lethargy,Endocrinology,2
563,i am having appetite of abdominal yellowish pain of joint dark yellowing pain fever loss pain mild eyes muscle vomiting skin urine diarrhoea nausea,Gastroenterology,3
564,having blurred distorted vision and headache drying lips excessive slurred speech tingling fatigue vomiting and irritability hunger anxiety palpitations nausea sweating,Endocrinology,2
565,feeling ooze fever blister nose around high yellow red crust sore,Dermatology,1
566,having sunken vomiting dehydration eyes diarrhoea,Gastroenterology,3
567,i have pain joint neck knee pain swelling walking joints hip painful joint pain pain,Orthopedics,6
568,having sweating headache vomiting fever nausea high muscle pain chills diarrhoea,Infectious,4
569,suffering from injections lethargy fatigue of abdominal yellowish appetite receiving of blood malaise unsterile itching urine pain loss transfusion dark eyes yellow urine receiving skin yellowing,Gastroenterology,3
570,having urine yellowish yellowing bleeding of abdominal failure joint stomach of loss pain vomiting coma fatigue liver eyes acute appetite pain dark fever high skin,Gastroenterology,3
571,i am having gases passage of indigestion appetite of loss abdominal pain internal itching,Gastroenterology,3
572,feeling extremeties lethargy thyroid enlarged menstruation brittle swings and mood dizziness nails hands gain cold depression fatigue irritability feets abnormal weight swollen,Endocrinology,2
573,i have in high patches contacts marital throat muscle extra wasting fever,Infectious,4
574,i am having of pressure headache redness cough chills fatigue high malaise of swelled nose smell muscle eyes runny pain loss lymph nodes phlegm continuous sneezing pain throat fever irritation congestion sinus chest,Pulmonology,7
575,i think it's micturition burning pain stomach rash skin itching,Dermatology,1
576,my main issue is yellowing blood receiving appetite dark lethargy fatigue itching receiving loss malaise of yellowish injections urine unsterile yellow urine skin transfusion eyes of,Gastroenterology,3
577,having vomiting fever pain diarrhoea nausea high muscle sweating chills,Infectious,4
578,feeling one vomiting of body side weakness headache sensorium altered,Neurology,5
579,experiencing calf fatigue legs on bruising obesity prominent swollen veins cramps,Cardiology,0
580,i think it's skin skin peeling silver nails rash dusting inflammatory like pain joint,Dermatology,1
581,having rate chest fever pain breathlessness phlegm sweating sputum cough fatigue fast chills heart high rusty,Pulmonology,7
582,i am having fatigue veins swollen vessels swollen prominent legs bruising blood on obesity calf cramps,Cardiology,0
583,feeling fever abdominal loss mild skin vomiting yellowing nausea urine diarrhoea joint muscle dark yellowish pain pain eyes pain of appetite of,Gastroenterology,3
584,i am having abdomen fluid of skin swelling of yellowish history pain of abdominal stomach vomiting overload consumption distention alcohol,Gastroenterology,3
585,feeling abdominal urine pain dark yellowish fever weight fatigue vomiting loss skin high itching,Gastroenterology,3
586,suffering from painful joints swelling pain joint pain pain joint knee walking hip pain neck,Orthopedics,6
587,experiencing passage vomiting appetite indigestion of abdominal itching loss gases pain of internal,Gastroenterology,3
588,my main issue is dehydration diarrhoea eyes vomiting sunken,Gastroenterology,3
589,feeling urine yellowish loss receiving urine unsterile abdominal receiving yellowing blood yellow dark itching transfusion fatigue pain appetite malaise eyes of lethargy injections of skin,Gastroenterology,3
590,i have dusting silver joint skin peeling like nails pain in rash small dents skin,Dermatology,1
591,i am having family history fever cough fatigue mucoid high breathlessness sputum,Pulmonology,7
592,i think it's history of skin fluid vomiting of stomach of abdominal swelling yellowish pain alcohol overload abdomen distention consumption,Gastroenterology,3
593,feeling fatigue brittle lethargy menstruation abnormal eyes dizziness mood thyroid gain extremeties hands feets depression cold irritability enlarged nails and and puffy weight swings face swollen,Endocrinology,2
594,experiencing high sweating pain fever rate fast malaise phlegm sputum chills breathlessness cough rusty fatigue heart chest,Pulmonology,7
595,i have walking pain joints swelling painful knee pain hip joint pain joint neck pain,Orthopedics,6
596,i think it's fatigue weight fever urine itching abdominal vomiting yellowish skin high dark pain loss,Gastroenterology,3
597,i think it's history sputum cough high fever breathlessness family mucoid,Pulmonology,7
598,i have indigestion irritability excessive distorted headache vision visual disturbances and neck hunger depression blurred stiff,Neurology,5
599,i am having pain abdominal diarrhoea pain loss yellowish eyes appetite nausea of mild urine joint pain muscle of dark vomiting fever skin yellowing,Gastroenterology,3
600,feeling fatigue nausea yellowing skin eyes of of appetite loss yellowish,Gastroenterology,3
601,feeling puffy fatigue and swings lethargy mood depression cold hands irritability nails enlarged swollen feets extremeties brittle eyes weight menstruation gain and thyroid face abnormal,Endocrinology,2
602,experiencing consumption pain distention vomiting swelling yellowish alcohol stomach history abdomen of abdominal overload of skin of fluid,Gastroenterology,3
603,i feel malaise urine receiving loss pain dark yellow transfusion yellowish appetite fatigue itching lethargy skin receiving yellowing of injections abdominal of blood unsterile eyes urine lately,Gastroenterology,3
604,my main issue is one vomiting headache weakness altered of sensorium body side,Neurology,5
605,i have stomach pain cough chest pain vomiting acidity,Gastroenterology,3
606,i think it's wasting marital contacts muscle high patches in fever extra throat,Infectious,4
607,experiencing hunger nausea irritability palpitations and excessive vomiting headache and lips tingling sweating fatigue blurred vision slurred drying distorted anxiety speech,Endocrinology,2
608,i think it's of spots fatigue nausea joint loss vomiting pain pain behind over high back the appetite rash skin eyes pain malaise red headache body chills muscle pain fever,Infectious,4
609,i am having continuous eyes watering shivering sneezing chills from,Dermatology,1
610,experiencing rash pimples pus scurring blackheads skin filled,Dermatology,1
611,suffering from weakness muscle stiff movement neck walking painful swelling joints stiffness,Orthopedics,6
612,i feel swollen prominent vessels veins bruising swollen calf obesity on blood cramps legs lately,Cardiology,0
613,i have of appetite history of loss skin family yellowing nausea yellowish eyes,Gastroenterology,3
614,having blood mild chills of fever chest yellowing loss eyes fever lymph breathlessness sweating fatigue malaise phlegm sputum loss in of appetite vomiting nodes high weight swelled cough pain,Pulmonology,7
615,i feel pus blackheads pimples rash skin filled scurring lately,Dermatology,1
616,i am having joint joints walking pain pain hip painful neck swelling pain joint,Orthopedics,6
617,dealing with eyes joint fever diarrhoea urine of of mild pain nausea loss yellowing muscle abdominal dark pain appetite vomiting skin pain yellowish,Gastroenterology,3
618,feeling history loss eyes of appetite yellowish yellowing skin of family fatigue,Gastroenterology,3
619,suffering from like inflammatory peeling skin skin rash pain silver joint nails dusting,Dermatology,1
620,experiencing nose ooze crust rash yellow skin blister sore high around red fever,Dermatology,1
621,suffering from dizziness depression nails irritability enlarged mood puffy extremeties abnormal weight cold menstruation lethargy swings and and thyroid swollen gain hands brittle eyes face fatigue feets,Endocrinology,2
622,dealing with of vomiting side sensorium body altered weakness one,Neurology,5
623,i have sputum fatigue cough pain malaise fast rusty rate chills sweating chest breathlessness high heart fever phlegm,Pulmonology,7
624,having abdominal overload yellowish distention abdomen swelling of of of alcohol pain skin fluid vomiting stomach consumption history,Gastroenterology,3
625,i feel watering chills eyes from shivering lately,Dermatology,1
626,experiencing micturition rash skin stomach pain urination itching spotting burning,Dermatology,1
627,dealing with joint peeling nails in rash nails dusting dents pain silver skin skin small like inflammatory,Dermatology,1
628,having dischromic itching skin rash patches,Dermatology,1
629,i am having sunken dehydration eyes diarrhoea vomiting,Gastroenterology,3
630,having joint pain knee walking painful joints swelling neck pain pain,Orthopedics,6
631,suffering from muscle weakness abnormal rate diarrhoea excessive mood fatigue fast loss restlessness menstruation weight irritability sweating hunger heart swings,Endocrinology,2
632,i have loss dark pain pain appetite of vomiting muscle urine mild of skin abdominal diarrhoea yellowing nausea pain eyes yellowish joint fever,Gastroenterology,3
633,i have puffy abnormal and thyroid irritability nails cold enlarged swings lethargy fatigue mood menstruation hands weight face extremeties eyes and gain dizziness brittle swollen depression feets,Endocrinology,2
634,suffering from muscle pain fever vomiting headache high chills diarrhoea nausea sweating,Infectious,4
635,feeling weakness menstruation abnormal diarrhoea heart swings restlessness fast hunger rate sweating fatigue mood muscle excessive irritability,Endocrinology,2
636,i have discomfort bladder of urine micturition feel burning of continuous foul urine smell,Urology,8
637,having pain urine vomiting fatigue skin yellowish fever abdominal itching high dark weight loss,Gastroenterology,3
638,dealing with vomiting pain stomach cough on tongue chest pain ulcers,Gastroenterology,3
639,my main issue is patches muscle in throat contacts extra wasting marital,Infectious,4
640,i am having pimples scurring rash skin pus blackheads filled,Dermatology,1
641,dealing with dischromic rash nodal eruptions skin itching skin patches,Dermatology,1
642,suffering from pain constipation fatigue abdominal nausea belly look vomiting fever high pain (typhos) toxic chills diarrhoea headache,Infectious,4
643,i think it's blackheads skin pimples filled rash pus,Dermatology,1
644,feeling in joint rash skin dusting dents inflammatory skin pain small peeling nails silver nails like,Dermatology,1
645,feeling skin patches nodal skin eruptions dischromic itching rash,Dermatology,1
646,i am having pus scurring pimples blackheads filled,Dermatology,1
647,experiencing diarrhoea dehydration sunken eyes vomiting,Gastroenterology,3
648,i think it's skin burning rash itching stomach urination pain micturition spotting,Dermatology,1
649,i have puffy brittle irritability gain cold extremeties fatigue and menstruation lethargy enlarged weight eyes dizziness swings thyroid feets nails abnormal mood depression face hands swollen and,Endocrinology,2
650,my main issue is sputum fever family breathlessness mucoid high history cough fatigue,Pulmonology,7
651,suffering from consumption pain of of distention stomach skin overload alcohol swelling yellowish abdominal fluid history of abdomen,Gastroenterology,3
652,my main issue is burning spotting urination rash itching micturition skin,Dermatology,1
653,i think it's fatigue loss yellowish weight vomiting itching abdominal high urine dark fever skin pain,Gastroenterology,3
654,i think it's abnormal extremeties brittle enlarged swollen cold face hands dizziness and gain thyroid fatigue puffy nails mood depression eyes feets menstruation lethargy weight irritability swings and,Endocrinology,2
655,experiencing sunken dehydration vomiting eyes diarrhoea,Gastroenterology,3
656,having joints neck muscle swelling weakness stiff stiffness movement,Orthopedics,6
657,i have rusty fast sweating rate sputum chest breathlessness phlegm malaise pain cough high fever chills heart,Pulmonology,7
658,i feel skin fatigue pain yellowish vomiting loss abdominal weight urine itching high fever dark lately,Gastroenterology,3
659,experiencing muscle headache nausea fever sweating pain high diarrhoea chills vomiting,Infectious,4
660,my main issue is weakness joints stiffness painful walking stiff swelling neck movement muscle,Orthopedics,6
661,i am having dehydration diarrhoea vomiting,Gastroenterology,3
662,i feel nausea and anxiety sweating blurred irritability fatigue lips speech headache palpitations distorted excessive and slurred tingling vision vomiting hunger drying lately,Endocrinology,2
663,i feel gain weight hands thyroid brittle and menstruation dizziness depression mood swollen extremeties puffy eyes swings enlarged lethargy feets abnormal cold irritability and nails face lately,Endocrinology,2
664,my main issue is walking knee pain joint neck joint pain pain swelling hip joints painful pain,Orthopedics,6
665,suffering from diarrhoea vomiting dehydration eyes sunken,Gastroenterology,3
666,my main issue is crust around yellow rash skin nose red ooze blister sore,Dermatology,1
667,i have joint stomach appetite pain bleeding acute fever high dark abdominal yellowish pain urine eyes loss of fatigue yellowing failure vomiting liver coma of skin,Gastroenterology,3
668,feeling chest pain vomiting tongue stomach ulcers cough on pain,Gastroenterology,3
669,my main issue is stomach of abdomen fluid overload yellowish swelling skin consumption pain of alcohol history distention of vomiting abdominal,Gastroenterology,3
670,i feel speech nausea vision lips tingling headache and and blurred fatigue vomiting slurred excessive hunger anxiety distorted palpitations irritability drying sweating lately,Endocrinology,2
671,feeling vomiting of consumption overload fluid abdominal of distention stomach skin history swelling alcohol pain abdomen of yellowish,Gastroenterology,3
672,having urination micturition itching stomach spotting burning pain,Dermatology,1
673,my main issue is high chest pain sweating chills malaise breathlessness cough sputum fever heart rate fatigue rusty fast,Pulmonology,7
674,having sensorium vomiting altered headache,Neurology,5
675,having burning smell discomfort continuous urine feel urine bladder of micturition of foul,Urology,8
676,suffering from constipation nausea belly high vomiting chills abdominal fatigue toxic pain pain look (typhos) fever headache,Infectious,4
677,my main issue is obesity swollen bruising legs blood fatigue vessels swollen cramps,Cardiology,0
678,i am having dark eyes vomiting abdominal joint pain yellowing skin of pain yellowish nausea fatigue loss urine of appetite,Gastroenterology,3
679,suffering from dents joint pain silver peeling in nails skin like nails skin dusting rash small inflammatory,Dermatology,1
680,i am having diarrhoea of dark abdominal of eyes pain skin fever urine nausea vomiting joint pain yellowing appetite yellowish loss mild muscle pain,Gastroenterology,3
681,dealing with appetite in mild nodes of yellowing lymph blood vomiting sweating swelled malaise loss phlegm cough chills chest of fatigue loss sputum pain high weight fever fever eyes,Pulmonology,7
682,my main issue is throat in patches fever extra contacts muscle high wasting marital,Infectious,4
683,feeling hunger muscle heart mood irritability weight diarrhoea rate fast abnormal weakness swings fatigue menstruation restlessness excessive loss,Endocrinology,2
684,dealing with dehydration vomiting diarrhoea,Gastroenterology,3
685,having swings loss weight hunger fast mood irritability restlessness abnormal rate fatigue weakness muscle diarrhoea menstruation heart sweating excessive,Endocrinology,2
686,suffering from gases of pain loss of abdominal internal vomiting passage appetite itching indigestion,Gastroenterology,3
687,i think it's eyes vomiting of mild pain loss appetite of fever pain diarrhoea abdominal dark yellowish skin nausea muscle yellowing urine pain joint,Gastroenterology,3
688,my main issue is itching weight fatigue fever abdominal loss yellowish dark skin high pain vomiting urine,Gastroenterology,3
689,i have yellow nose crust around blister sore ooze skin red rash,Dermatology,1
690,having abdominal itching passage loss of of vomiting pain internal indigestion appetite gases,Gastroenterology,3
691,feeling pain chills pain joint nausea pain the pain headache behind fever vomiting appetite of muscle eyes malaise fatigue rash high skin back loss,Infectious,4
692,i feel palpitations excessive and headache sweating hunger fatigue speech irritability vomiting drying nausea anxiety lips distorted tingling vision blurred and slurred lately,Endocrinology,2
693,my main issue is dark abdominal yellowing joint muscle pain appetite loss nausea of pain mild pain vomiting of urine eyes diarrhoea fever,Gastroenterology,3
694,my main issue is feel of bladder burning urine of smell foul continuous micturition discomfort urine,Urology,8
695,i feel wasting fever patches high in muscle throat lately,Infectious,4
696,dealing with chest sputum high blood phlegm mild fever loss fever of swelled pain cough yellowing loss of lymph breathlessness eyes nodes chills in appetite weight vomiting sweating fatigue malaise,Pulmonology,7
697,feeling rash nodal patches eruptions itching dischromic skin skin,Dermatology,1
698,having chest sweating pain breathlessness,Cardiology,0
699,having yellowish itching weight fatigue fever vomiting dark urine skin high loss,Gastroenterology,3
700,experiencing peeling dusting skin silver nails in joint small like dents pain rash skin inflammatory nails,Dermatology,1
701,i feel abdominal appetite pain passage indigestion of of internal loss itching gases vomiting lately,Gastroenterology,3
702,my main issue is urine of loss appetite injections urine lethargy pain blood itching of unsterile dark receiving eyes abdominal malaise receiving fatigue transfusion yellow yellowing,Gastroenterology,3
703,i think it's blister yellow ooze fever around red nose rash sore high crust skin,Dermatology,1
704,having itching stomach pain micturition burning rash skin,Dermatology,1
705,i feel speech hunger and excessive blurred anxiety nausea distorted vision irritability vomiting headache palpitations slurred sweating fatigue lately,Endocrinology,2
706,having history high sputum mucoid fever breathlessness family fatigue,Pulmonology,7
707,i have (typhos) pain nausea headache belly constipation fatigue diarrhoea high toxic look fever chills abdominal pain vomiting,Infectious,4
708,i have pain in weakness back loss neck limbs balance pain of dizziness,Neurology,5
709,i feel yellow red rash ooze crust high nose sore blister fever skin around lately,Dermatology,1
710,i am having patches wasting fever muscle in high throat,Infectious,4
711,i am having nose blister rash red ooze fever yellow sore high skin around crust,Dermatology,1
712,i am having pus filled rash skin pimples blackheads scurring,Dermatology,1
713,my main issue is throat muscle wasting marital patches high extra fever contacts in,Infectious,4
714,feeling yellowing appetite itching dark urine blood loss unsterile receiving urine of yellowish pain skin transfusion malaise abdominal yellow receiving eyes injections of fatigue,Gastroenterology,3
715,suffering from appetite yellowing urine pain abdominal acute pain skin fever joint loss liver vomiting eyes fatigue bleeding of nausea of dark high yellowish failure stomach coma,Gastroenterology,3
716,experiencing thyroid irritability brittle mood fatigue and gain menstruation enlarged extremeties lethargy depression face puffy dizziness cold hands swings abnormal feets swollen weight and eyes nails,Endocrinology,2
717,i am having fatigue coma of appetite nausea loss urine pain vomiting dark failure yellowish stomach pain joint liver bleeding high abdominal fever yellowing eyes acute of skin,Gastroenterology,3
718,feeling excessive distorted vision indigestion irritability and acidity visual blurred headache disturbances hunger depression,Neurology,5
719,i think it's blood in chills fatigue sputum of vomiting sweating mild fever chest eyes phlegm pain swelled fever appetite lymph loss loss malaise cough of weight high breathlessness nodes yellowing,Pulmonology,7
720,my main issue is of pain behind rash loss high back pain body pain over fatigue eyes chills vomiting joint headache pain skin red appetite muscle nausea fever the spots malaise,Infectious,4
721,dealing with palpitations blurred slurred tingling nausea sweating drying vision distorted headache speech fatigue irritability hunger and and lips anxiety vomiting excessive,Endocrinology,2
722,i have vomiting eyes dehydration diarrhoea sunken,Gastroenterology,3
723,my main issue is distorted indigestion depression acidity visual excessive irritability and blurred neck disturbances stiff headache vision hunger,Neurology,5
724,i feel tingling and distorted fatigue nausea lips irritability speech palpitations vision sweating blurred excessive and vomiting hunger headache drying anxiety slurred lately,Endocrinology,2
725,i feel abdominal pain appetite fatigue vomiting urine skin yellowish joint loss pain of nausea dark lately,Gastroenterology,3
726,i think it's swelling movement painful muscle walking stiffness weakness joints,Orthopedics,6
727,having in marital muscle throat extra wasting patches contacts high fever,Infectious,4
728,feeling history sputum family fever high breathlessness cough mucoid fatigue,Pulmonology,7
729,having rate restlessness excessive heart diarrhoea weakness irritability fast abnormal swings sweating loss muscle mood weight hunger menstruation,Endocrinology,2
730,my main issue is eruptions dischromic skin patches rash skin itching nodal,Dermatology,1
731,having dehydration sunken diarrhoea eyes,Gastroenterology,3
732,having chills pain diarrhoea headache nausea muscle sweating fever high vomiting,Infectious,4
733,i think it's and nausea fatigue palpitations speech headache irritability vomiting drying blurred lips anxiety distorted and excessive slurred vision hunger sweating tingling,Endocrinology,2
734,dealing with swollen blood calf swollen vessels obesity bruising legs on veins prominent fatigue,Cardiology,0
735,dealing with urine pain dark fever yellowish fatigue skin abdominal vomiting high itching weight loss,Gastroenterology,3
736,i am having continuous shivering chills sneezing,Dermatology,1
737,feeling in back pain neck pain balance dizziness weakness limbs loss of,Neurology,5
738,suffering from fatigue pain yellow transfusion urine yellowing receiving appetite skin of dark lethargy eyes urine yellowish unsterile abdominal malaise blood receiving loss injections itching of,Gastroenterology,3
739,i am having scurring rash blackheads skin,Dermatology,1
740,i am having micturition pain stomach skin rash urination spotting itching burning,Dermatology,1
741,i feel vomiting sunken diarrhoea dehydration eyes lately,Gastroenterology,3
742,i feel ooze fever high skin crust rash blister yellow lately,Dermatology,1
743,dealing with peeling nails dents inflammatory skin skin like nails pain dusting in rash small joint silver,Dermatology,1
744,i think it's sunken vomiting diarrhoea eyes dehydration,Gastroenterology,3
745,my main issue is joints weakness painful muscle movement walking swelling neck stiff stiffness,Orthopedics,6
746,having breathlessness fever high history family sputum cough mucoid fatigue,Pulmonology,7
747,experiencing heart sweating chest phlegm cough fever breathlessness rate high rusty chills fast sputum pain malaise,Pulmonology,7
748,suffering from spotting micturition urination skin pain rash stomach itching burning,Dermatology,1
749,i think it's sensorium side body altered one weakness of vomiting,Neurology,5
750,experiencing extra marital patches throat fever contacts high in,Infectious,4
751,having lethargy itching lymph over mild fever high nodes malaise appetite red body spots headache skin swelled of rash loss fatigue fever,Infectious,4
752,i have dark eyes receiving urine receiving lethargy injections fatigue of appetite malaise itching skin yellow loss unsterile yellowing transfusion yellowish blood urine of,Gastroenterology,3
753,feeling on legs veins prominent cramps swollen calf fatigue obesity bruising,Cardiology,0
754,suffering from itching fatigue of appetite yellowish abdominal of skin malaise transfusion injections unsterile eyes yellowing pain receiving loss lethargy blood urine receiving dark,Gastroenterology,3
755,feeling vessels prominent blood cramps on legs swollen calf fatigue swollen veins obesity bruising,Cardiology,0
756,i am having chest fast cough heart phlegm chills fatigue malaise breathlessness pain rate high sputum fever rusty,Pulmonology,7
757,i think it's weakness altered headache body side of one vomiting sensorium,Neurology,5
758,i think it's skin nails like pain dents dusting skin rash nails peeling joint small silver in inflammatory,Dermatology,1
759,dealing with swollen bruising on vessels fatigue obesity swollen blood veins cramps prominent legs calf,Cardiology,0
760,feeling vomiting body altered side sensorium weakness one of headache,Neurology,5
761,feeling watering chills eyes continuous from sneezing,Dermatology,1
762,feeling high sputum mucoid breathlessness cough fever history family,Pulmonology,7
763,my main issue is joint like in skin dents peeling inflammatory nails rash pain silver dusting skin small nails,Dermatology,1
764,my main issue is nausea irritability vision headache and distorted blurred vomiting fatigue speech palpitations tingling slurred anxiety sweating and hunger excessive lips drying,Endocrinology,2
765,i have ooze yellow fever nose crust sore rash red around skin high blister,Dermatology,1
766,experiencing menstruation gain and swings eyes puffy dizziness nails hands abnormal enlarged swollen thyroid lethargy feets extremeties cold and brittle fatigue depression weight mood face irritability,Endocrinology,2
767,dealing with of over fever malaise pain eyes headache loss rash joint behind muscle pain chills appetite nausea fatigue spots back red vomiting pain high body pain the skin,Infectious,4
768,my main issue is rash burning urination skin stomach pain itching micturition spotting,Dermatology,1
769,suffering from yellowish itching loss skin weight vomiting urine pain abdominal dark fatigue,Gastroenterology,3
770,suffering from continuous from watering eyes sneezing shivering,Dermatology,1
771,my main issue is continuous bladder micturition of burning discomfort feel urine,Urology,8
772,experiencing restlessness swings weakness weight fast mood loss abnormal muscle rate heart menstruation hunger diarrhoea irritability excessive fatigue,Endocrinology,2
773,my main issue is vomiting pain breathlessness sweating chest,Cardiology,0
774,i have sweating chest pain breathlessness,Cardiology,0
775,i think it's micturition of discomfort burning bladder continuous feel urine,Urology,8
776,i am having on vomiting cough tongue stomach acidity ulcers pain pain chest,Gastroenterology,3
777,experiencing yellowing loss diarrhoea skin pain dark of pain joint yellowish urine mild of eyes appetite fever vomiting abdominal pain nausea muscle,Gastroenterology,3
778,dealing with ooze fever rash red around nose skin crust high yellow blister sore,Dermatology,1
779,i feel pressure nodes high redness muscle lymph throat of sneezing nose irritation sinus eyes headache congestion pain fatigue loss chills swelled phlegm smell malaise continuous runny pain of fever cough chest lately,Pulmonology,7
780,having excessive neck visual headache stiff vision indigestion acidity distorted irritability and depression hunger disturbances blurred,Neurology,5
781,feeling throat contacts marital patches fever muscle wasting extra high in,Infectious,4
782,i have behind high loss red chills headache spots rash malaise pain muscle pain of pain fever vomiting body back eyes skin the nausea over joint fatigue pain appetite,Infectious,4
783,i think it's dehydration sunken vomiting eyes diarrhoea,Gastroenterology,3
784,experiencing of malaise high fever chest yellowing sweating swelled of phlegm lymph pain weight loss chills mild appetite cough loss nodes in blood breathlessness fatigue vomiting sputum eyes fever,Pulmonology,7
785,suffering from sore blister ooze skin fever rash around yellow high nose red crust,Dermatology,1
786,i am having vomiting itching loss gases appetite abdominal passage pain of internal of,Gastroenterology,3
787,i feel yellowish vomiting dark loss fatigue skin high itching fever weight urine abdominal pain lately,Gastroenterology,3
788,having and headache fatigue distorted and slurred irritability excessive lips hunger drying palpitations tingling vision speech anxiety blurred nausea sweating vomiting,Endocrinology,2
789,i have hunger excessive depression indigestion visual disturbances stiff neck acidity headache irritability,Neurology,5
790,i think it's toxic (typhos) nausea belly look fatigue fever diarrhoea vomiting headache chills pain high abdominal constipation pain,Infectious,4
791,my main issue is pain nausea vomiting diarrhoea headache high fever chills muscle,Infectious,4
792,dealing with appetite weight fever cough swelled chest vomiting sputum of blood fatigue loss of phlegm in high malaise mild chills breathlessness loss sweating eyes pain lymph nodes fever yellowing,Pulmonology,7
793,i am having hunger mood fatigue loss irritability sweating menstruation weakness rate heart abnormal excessive swings weight muscle restlessness fast,Endocrinology,2
794,experiencing skin yellow lethargy of unsterile receiving appetite urine urine transfusion blood dark eyes receiving fatigue pain malaise abdominal loss itching yellowish of injections yellowing,Gastroenterology,3
795,suffering from yellowing high failure fever loss stomach liver nausea skin of yellowish of vomiting acute appetite dark coma joint urine pain eyes bleeding pain fatigue abdominal,Gastroenterology,3
796,i feel of pain in loss weakness limbs balance neck dizziness lately,Neurology,5
797,feeling fatigue swelled loss high headache body rash malaise fever lymph red fever itching lethargy of spots mild nodes skin appetite over,Infectious,4
798,i feel family of history appetite loss yellowish eyes nausea of skin fatigue yellowing lately,Gastroenterology,3
799,feeling anxiety vomiting drying distorted fatigue slurred sweating blurred headache vision irritability tingling and and hunger excessive speech palpitations lips,Endocrinology,2
800,i feel depression irritability puffy brittle abnormal lethargy hands enlarged fatigue dizziness feets extremeties and and weight swollen eyes thyroid cold nails menstruation mood face swings gain lately,Endocrinology,2
801,i think it's history high breathlessness mucoid fatigue family sputum cough fever,Pulmonology,7
802,experiencing behind vomiting fever the skin over of pain muscle pain back nausea high headache spots loss body chills rash eyes red malaise fatigue pain appetite,Infectious,4
803,dealing with of itching pain yellowing yellow loss skin eyes yellowish unsterile urine transfusion blood malaise appetite fatigue abdominal of lethargy injections receiving dark urine receiving,Gastroenterology,3
804,feeling of yellowing history family appetite loss fatigue nausea eyes yellowish of skin,Gastroenterology,3
805,i have high pain muscle headache vomiting chills fever diarrhoea sweating nausea,Infectious,4
806,having vomiting sweating chest pain,Cardiology,0
807,having eyes feets swollen and thyroid face nails enlarged brittle irritability and weight lethargy menstruation depression extremeties hands dizziness fatigue cold gain puffy swings mood abnormal,Endocrinology,2
808,i am having chest in yellowing sweating pain weight sputum vomiting of mild loss fever malaise loss nodes fever phlegm of eyes lymph fatigue swelled appetite blood cough chills breathlessness high,Pulmonology,7
809,suffering from filled pimples scurring pus blackheads,Dermatology,1
810,i think it's pimples skin rash filled scurring pus blackheads,Dermatology,1
811,my main issue is loss itching vomiting passage of pain abdominal internal of indigestion appetite gases,Gastroenterology,3
812,i feel from sneezing chills eyes shivering watering continuous lately,Dermatology,1
813,i am having urine receiving transfusion appetite yellow abdominal blood itching eyes skin fatigue of pain lethargy dark malaise unsterile receiving yellowing injections urine of yellowish loss,Gastroenterology,3
814,having headache irritability sweating vomiting vision hunger and and fatigue speech excessive lips anxiety drying slurred blurred nausea tingling distorted palpitations,Endocrinology,2
815,my main issue is abnormal mood swings sweating hunger fatigue muscle weakness loss menstruation irritability rate excessive diarrhoea restlessness heart weight fast,Endocrinology,2
816,having abnormal heart swings irritability mood rate restlessness hunger loss menstruation weight excessive fast fatigue muscle diarrhoea sweating weakness,Endocrinology,2
817,suffering from diarrhoea pain (typhos) nausea high constipation pain toxic vomiting headache chills fever fatigue look abdominal belly,Infectious,4
818,i feel pain overload yellowish swelling fluid stomach skin abdomen distention of abdominal of vomiting lately,Gastroenterology,3
819,experiencing continuous from sneezing watering shivering chills eyes,Dermatology,1
820,i think it's eruptions dischromic nodal skin skin patches rash itching,Dermatology,1
821,dealing with walking joints pain pain pain swelling knee hip painful joint joint neck pain,Orthopedics,6
822,i think it's heart cough rate fever rusty sweating chest breathlessness sputum pain malaise phlegm fast chills fatigue high,Pulmonology,7
823,experiencing stiff excessive visual disturbances depression hunger distorted vision headache acidity indigestion blurred and neck irritability,Neurology,5
824,feeling rash urination spotting itching burning skin stomach micturition pain,Dermatology,1
825,suffering from fever yellow rash skin crust ooze blister high,Dermatology,1
826,i have disturbances stiff vision irritability and excessive distorted blurred hunger indigestion neck headache visual depression,Neurology,5
827,experiencing cramps blood swollen legs swollen vessels calf prominent on bruising fatigue veins obesity,Cardiology,0
828,feeling fever ooze rash high red sore nose crust yellow around skin,Dermatology,1
829,my main issue is fever chills sweating headache muscle diarrhoea pain vomiting high,Infectious,4
830,experiencing puffy swollen extremeties and swings menstruation dizziness feets nails hands depression fatigue cold weight lethargy brittle eyes mood irritability enlarged face gain and abnormal thyroid,Endocrinology,2
831,dealing with history eyes family of fatigue yellowish appetite nausea skin yellowing of loss,Gastroenterology,3
832,i am having pain eyes of skin loss appetite malaise red chills behind joint over back body nausea headache pain high spots fever fatigue the rash pain muscle pain vomiting,Infectious,4
833,experiencing mild abdominal dark pain fever yellowing eyes yellowish vomiting pain pain nausea of muscle of urine skin diarrhoea appetite joint loss,Gastroenterology,3
834,i have acute of of appetite urine high liver pain vomiting yellowing loss dark fatigue skin coma fever yellowish pain eyes failure joint bleeding abdominal nausea stomach,Gastroenterology,3
835,i am having in small silver joint dents dusting pain like peeling skin nails rash skin nails inflammatory,Dermatology,1
836,suffering from urine eyes of of itching urine receiving dark yellowish yellow receiving transfusion malaise loss injections lethargy pain skin yellowing blood abdominal appetite unsterile,Gastroenterology,3
837,my main issue is altered of side one body headache sensorium weakness vomiting,Neurology,5
838,i feel small rash joint pain silver skin nails dents dusting like nails inflammatory in lately,Dermatology,1
839,experiencing burning of micturition of smell continuous foul feel urine urine,Urology,8
840,i have sweating vomiting breathlessness,Cardiology,0
841,dealing with pimples filled blackheads scurring skin pus rash,Dermatology,1
842,i am having yellow nose red ooze rash crust blister around fever sore high skin,Dermatology,1
843,i have sneezing shivering watering from chills eyes continuous,Dermatology,1
844,i think it's loss high swelled vomiting cough fever yellowing sputum nodes of phlegm loss of pain malaise chills fever mild fatigue blood chest eyes weight in appetite breathlessness lymph,Pulmonology,7
845,i feel eyes diarrhoea dehydration sunken lately,Gastroenterology,3
846,i have continuous sneezing shivering chills,Dermatology,1
847,suffering from urine bladder burning micturition feel urine of continuous discomfort foul of smell,Urology,8
848,i have skin pus filled blackheads pimples rash,Dermatology,1
849,i think it's nausea loss history skin yellowing family of of yellowish appetite fatigue eyes,Gastroenterology,3
850,suffering from stomach pain ulcers on cough pain acidity tongue chest,Gastroenterology,3
851,i have urine stomach appetite coma fever of abdominal dark eyes acute fatigue of skin high yellowish bleeding yellowing pain pain loss failure nausea joint liver,Gastroenterology,3
852,i am having discomfort micturition urine of burning bladder foul continuous feel smell urine of,Urology,8
853,suffering from abdominal yellowish weight loss fever high pain urine itching skin fatigue vomiting dark,Gastroenterology,3
854,experiencing of abdominal history abdomen stomach pain vomiting distention alcohol fluid of consumption skin of swelling overload yellowish,Gastroenterology,3
855,dealing with visual stiff vision excessive acidity hunger irritability blurred and distorted headache disturbances neck indigestion,Neurology,5
856,i feel scurring blackheads skin rash lately,Dermatology,1
857,feeling high vomiting dark pain nausea pain abdominal liver appetite yellowish joint stomach eyes of coma of failure fever urine bleeding skin loss yellowing acute,Gastroenterology,3
858,suffering from vomiting headache constipation abdominal high pain nausea chills belly fatigue pain (typhos) toxic look diarrhoea fever,Infectious,4
859,dealing with cough vomiting stomach acidity pain chest pain,Gastroenterology,3
860,i have vomiting yellowish nausea urine abdominal of muscle pain pain appetite diarrhoea eyes skin fever loss of yellowing pain joint dark mild,Gastroenterology,3
861,i have constipation nausea fatigue belly chills fever diarrhoea pain look abdominal pain (typhos) high vomiting toxic,Infectious,4
862,dealing with history of eyes yellowish family loss fatigue skin nausea yellowing of appetite,Gastroenterology,3
863,feeling loss abdominal vomiting pain yellowish appetite of yellowing skin urine eyes of fatigue nausea dark,Gastroenterology,3
864,having fatigue fever vomiting in malaise pain yellowing chest appetite of mild weight cough high breathlessness swelled blood sputum sweating nodes of eyes chills loss loss lymph fever phlegm,Pulmonology,7
865,i am having bruising calf prominent swollen swollen cramps legs blood obesity on veins vessels,Cardiology,0
866,having stomach spotting skin pain rash burning urination micturition itching,Dermatology,1
867,i think it's around high yellow crust sore fever ooze blister red nose,Dermatology,1
868,my main issue is appetite abdominal passage internal itching of indigestion pain vomiting of gases loss,Gastroenterology,3
869,having stomach acute bleeding abdominal eyes failure yellowish vomiting dark fatigue nausea of loss yellowing pain skin pain urine joint of appetite coma liver,Gastroenterology,3
870,feeling behind of headache joint spots chills fatigue back nausea malaise pain muscle skin loss pain eyes red over vomiting body pain rash appetite the pain,Infectious,4
871,my main issue is rash nose around crust high fever yellow sore ooze skin blister red,Dermatology,1
872,dealing with fatigue fever vomiting itching skin loss abdominal urine pain dark weight yellowish high,Gastroenterology,3
873,i think it's dark itching yellowing receiving unsterile injections pain of abdominal lethargy receiving yellowish yellow urine loss eyes appetite skin malaise urine blood transfusion fatigue of,Gastroenterology,3
874,i have fatigue of pain joint abdominal dark pain vomiting eyes yellowish of nausea loss urine yellowing appetite skin,Gastroenterology,3
875,i am having menstruation and swollen swings irritability nails extremeties thyroid enlarged dizziness feets lethargy and depression hands brittle puffy face fatigue weight mood abnormal cold gain eyes,Endocrinology,2
876,dealing with headache of body one altered weakness side vomiting sensorium,Neurology,5
877,feeling skin rash pus filled pimples scurring,Dermatology,1
878,having high marital muscle throat patches contacts fever extra wasting in,Infectious,4
879,i have loss weight diarrhoea mood abnormal hunger irritability fatigue fast restlessness swings excessive rate weakness menstruation heart muscle,Endocrinology,2
880,feeling of pain loss back pain dizziness neck weakness limbs in balance,Neurology,5
881,my main issue is urine abdominal of dark yellowing nausea joint loss pain skin yellowish vomiting of fatigue eyes appetite pain,Gastroenterology,3
882,i am having visual hunger stiff irritability indigestion neck excessive distorted blurred vision depression and disturbances headache acidity,Neurology,5
883,i think it's rash burning urination stomach pain spotting micturition skin itching,Dermatology,1
884,suffering from itching skin spotting urination rash stomach pain,Dermatology,1
885,feeling appetite injections yellowing of malaise blood receiving pain yellowish loss receiving fatigue yellow unsterile eyes urine of urine dark skin itching abdominal transfusion,Gastroenterology,3
886,i have rash malaise of swelled mild nodes over lymph fever loss body itching skin fatigue spots red appetite high fever lethargy headache,Infectious,4
887,i think it's history fluid of abdominal vomiting yellowish distention abdomen overload alcohol swelling stomach of of consumption pain skin,Gastroenterology,3
888,my main issue is breathlessness vomiting pain sweating chest,Cardiology,0
889,suffering from pain balance pain back of weakness in limbs dizziness neck loss,Neurology,5
890,my main issue is blood urine urine loss malaise lethargy abdominal transfusion pain eyes unsterile skin receiving of receiving yellowish of yellowing appetite fatigue injections itching yellow dark,Gastroenterology,3
891,dealing with discomfort urine smell micturition feel urine of bladder foul of continuous burning,Urology,8
892,i have stiff vision irritability visual headache acidity disturbances depression and neck indigestion distorted blurred,Neurology,5
893,i feel chest fast rusty sweating chills rate fever breathlessness fatigue sputum malaise heart phlegm high cough pain lately,Pulmonology,7
894,dealing with red yellow sore ooze skin rash around high nose fever blister crust,Dermatology,1
895,i think it's feel burning of bladder urine continuous micturition discomfort,Urology,8
896,dealing with skin patches eruptions itching skin nodal rash dischromic,Dermatology,1
897,feeling swings dizziness depression extremeties weight thyroid irritability puffy feets nails cold mood abnormal gain and swollen face menstruation hands and brittle enlarged lethargy eyes,Endocrinology,2
898,my main issue is vomiting headache altered weakness sensorium one side of body,Neurology,5
899,having of skin eyes yellowish nausea loss appetite of yellowing fatigue,Gastroenterology,3
900,feeling loss swelled vomiting sweating high eyes blood pain weight nodes in fever appetite mild of chills breathlessness loss lymph malaise chest fever fatigue phlegm sputum yellowing of,Pulmonology,7
901,my main issue is continuous urine micturition bladder of of burning smell feel foul discomfort urine,Urology,8
902,dealing with puffy and menstruation mood extremeties face hands gain dizziness swings brittle depression weight and feets swollen enlarged nails eyes fatigue irritability abnormal cold thyroid,Endocrinology,2
903,experiencing painful walking stiff joints swelling weakness muscle neck,Orthopedics,6
904,having irritation nodes loss nose pressure pain pain swelled of lymph fever congestion continuous throat of sinus chills smell eyes malaise redness cough phlegm chest runny sneezing fatigue high muscle,Pulmonology,7
905,suffering from fatigue itching of skin urine dark malaise yellow lethargy loss pain receiving injections receiving yellowing eyes yellowish blood of urine unsterile appetite abdominal transfusion,Gastroenterology,3
906,i think it's pain itching skin stomach spotting urination rash,Dermatology,1
907,i am having mood sweating loss hunger muscle weakness heart fatigue abnormal restlessness rate diarrhoea fast weight swings excessive irritability menstruation,Endocrinology,2
908,i have in marital extra wasting fever patches throat contacts muscle high,Infectious,4
909,i think it's palpitations tingling vomiting sweating excessive and distorted and irritability vision fatigue anxiety speech headache hunger drying blurred lips slurred,Endocrinology,2
910,my main issue is the body nausea red high appetite of pain muscle behind pain pain spots back loss over pain skin fever malaise rash vomiting headache joint fatigue eyes,Infectious,4
911,having hunger irritability depression visual and stiff headache vision blurred distorted acidity indigestion neck disturbances excessive,Neurology,5
912,i think it's breathlessness fever fatigue history high mucoid family sputum,Pulmonology,7
913,having rash skin small nails dusting inflammatory in dents like peeling nails silver skin,Dermatology,1
914,having continuous irritation swelled fatigue of cough loss malaise nodes smell pain redness lymph sneezing eyes chest nose of congestion high muscle phlegm fever headache pain pressure throat sinus chills runny,Pulmonology,7
915,suffering from joint skin inflammatory silver rash in dents pain dusting like small nails nails,Dermatology,1
916,i am having chills heart pain sputum phlegm fatigue malaise chest high rusty cough fever fast sweating breathlessness rate,Pulmonology,7
917,i think it's shivering watering continuous from eyes chills sneezing,Dermatology,1
918,i am having spots rash swelled malaise loss high of itching over appetite lethargy lymph skin fever red fever nodes body fatigue mild headache,Infectious,4
919,dealing with yellowish urine weight abdominal fever high pain skin fatigue loss dark vomiting itching,Gastroenterology,3
920,dealing with muscle stiffness walking weakness stiff painful joints swelling neck movement,Orthopedics,6
921,i feel sweating diarrhoea menstruation restlessness mood fast fatigue excessive swings abnormal irritability rate weight hunger weakness muscle loss heart lately,Endocrinology,2
922,i feel red rash over headache mild body malaise lymph spots lethargy fever swelled skin fever fatigue high itching nodes lately,Infectious,4
923,having diarrhoea vomiting muscle pain chills fever high sweating nausea,Infectious,4
924,dealing with fever pain muscle joint vomiting mild dark nausea eyes skin yellowish abdominal of of pain diarrhoea loss urine yellowing appetite pain,Gastroenterology,3
925,dealing with acidity blurred neck stiff indigestion and hunger headache irritability distorted excessive depression vision,Neurology,5
926,i am having extra muscle fever marital wasting contacts high,Infectious,4
927,i am having urine nausea of coma high liver acute failure loss appetite abdominal yellowish yellowing pain vomiting of joint dark pain eyes bleeding fatigue stomach fever skin,Gastroenterology,3
928,i feel cough on vomiting acidity ulcers chest pain tongue lately,Gastroenterology,3
929,i am having chest breathlessness sweating pain vomiting,Cardiology,0
930,feeling pain indigestion abdominal gases appetite passage itching of internal vomiting of loss,Gastroenterology,3
931,i have of skin high rash malaise headache lethargy red fatigue itching fever loss body nodes spots over swelled appetite mild fever lymph,Infectious,4
932,dealing with swings sweating mood irritability diarrhoea fast menstruation abnormal muscle rate heart weight excessive hunger loss weakness fatigue,Endocrinology,2
933,i am having sweating pain vomiting muscle diarrhoea fever high chills headache nausea,Infectious,4
934,suffering from fever (typhos) nausea headache toxic high look constipation chills vomiting belly fatigue abdominal diarrhoea pain pain,Infectious,4
935,suffering from acidity chest pain cough tongue vomiting ulcers pain on stomach,Gastroenterology,3
936,my main issue is red skin swelled malaise loss nodes over headache rash fever mild appetite lymph itching lethargy fatigue fever body high of spots,Infectious,4
937,feeling prominent veins swollen bruising cramps calf fatigue legs on obesity,Cardiology,0
938,i think it's headache vomiting one body side of weakness,Neurology,5
939,i feel breathlessness vomiting chest pain sweating lately,Cardiology,0
940,experiencing burning discomfort feel bladder continuous of urine micturition,Urology,8
941,i think it's lymph weight of eyes nodes appetite vomiting chills in chest of yellowing phlegm sweating fever pain fatigue mild high blood fever loss loss swelled cough sputum malaise,Pulmonology,7
942,i have cold face fatigue swollen depression gain nails and dizziness brittle puffy lethargy and feets menstruation irritability abnormal hands thyroid weight eyes extremeties enlarged,Endocrinology,2
943,my main issue is visual disturbances irritability acidity neck stiff headache excessive vision hunger blurred and depression distorted,Neurology,5
944,feeling vomiting dark eyes yellowish loss yellowing of pain appetite fatigue nausea of pain abdominal joint skin urine,Gastroenterology,3
945,experiencing itching weight fatigue vomiting abdominal skin loss dark yellowish urine high pain fever,Gastroenterology,3
946,having swollen extremeties and and feets enlarged nails depression eyes dizziness mood swings fatigue gain lethargy brittle weight thyroid face irritability abnormal menstruation puffy cold hands,Endocrinology,2
947,suffering from continuous chills sneezing eyes from shivering watering,Dermatology,1
948,experiencing skin pain rash itching burning micturition stomach,Dermatology,1
949,dealing with appetite eyes skin family history of yellowish yellowing fatigue loss of nausea,Gastroenterology,3
950,i feel yellowing vomiting loss appetite eyes fever high joint skin pain of bleeding dark yellowish of stomach nausea pain urine coma fatigue abdominal lately,Gastroenterology,3
951,suffering from in marital extra patches fever contacts muscle throat wasting high,Infectious,4
952,i have eyes yellowish skin vomiting of yellowing appetite abdominal coma failure liver bleeding joint stomach nausea acute of fever loss pain high fatigue pain,Gastroenterology,3
953,i feel nausea high fever diarrhoea muscle sweating pain vomiting chills headache lately,Infectious,4
954,i think it's weakness painful stiff neck joints swelling stiffness muscle movement walking,Orthopedics,6
955,i am having receiving loss unsterile pain urine transfusion yellowish yellow yellowing injections blood eyes of dark abdominal receiving of lethargy malaise skin urine itching appetite,Gastroenterology,3
956,i am having vomiting skin abdomen fluid consumption distention yellowish alcohol of abdominal pain of history overload,Gastroenterology,3
957,i am having of discomfort feel smell urine bladder urine of continuous foul,Urology,8
958,i have loss pain pain dizziness weakness limbs in balance neck of back,Neurology,5
959,dealing with yellowing muscle vomiting nausea eyes pain appetite mild yellowish of of joint skin urine pain fever loss diarrhoea dark pain abdominal,Gastroenterology,3
960,experiencing fever lymph phlegm fatigue pain irritation chills smell pain muscle nose sinus of continuous chest eyes cough sneezing of nodes headache redness congestion runny swelled malaise throat high loss pressure,Pulmonology,7
961,dealing with filled pimples rash scurring blackheads skin pus,Dermatology,1
962,i have crust high red sore skin rash yellow fever nose around ooze blister,Dermatology,1
963,my main issue is marital throat contacts extra muscle fever patches in high wasting,Infectious,4
964,dealing with vomiting pain breathlessness chest,Cardiology,0
965,experiencing pain of limbs balance back loss pain dizziness in neck weakness,Neurology,5
966,dealing with chills sneezing eyes watering from continuous,Dermatology,1
967,dealing with of pain dark abdominal of appetite yellowing pain eyes urine vomiting nausea fatigue loss joint,Gastroenterology,3
968,i am having smell feel bladder continuous foul discomfort of urine urine of,Urology,8
969,experiencing fever heart high breathlessness sputum sweating fast rate rusty malaise fatigue cough chills pain chest,Pulmonology,7
970,i have lethargy appetite red skin of high fever body malaise headache itching over loss spots nodes swelled fatigue lymph rash,Infectious,4
971,dealing with appetite of yellowing vomiting loss muscle eyes mild abdominal pain dark diarrhoea of urine fever pain pain joint nausea,Gastroenterology,3
972,experiencing side one headache weakness vomiting body of,Neurology,5
973,i am having diarrhoea vomiting high nausea chills sweating muscle headache fever pain,Infectious,4
974,dealing with dehydration diarrhoea eyes sunken vomiting,Gastroenterology,3
975,feeling of abdominal nausea coma stomach fatigue dark yellowing liver loss acute of joint appetite urine skin bleeding fever eyes pain yellowish vomiting high pain failure,Gastroenterology,3
976,experiencing coma failure acute appetite bleeding fatigue vomiting nausea fever pain pain eyes dark high stomach of liver of joint yellowing urine loss abdominal,Gastroenterology,3
977,experiencing blackheads scurring skin rash filled pimples pus,Dermatology,1
978,having of itching nodes malaise lethargy loss over body swelled fever spots red appetite mild fever headache fatigue high lymph,Infectious,4
979,feeling walking painful pain joint pain pain swelling knee hip joints pain joint neck,Orthopedics,6
980,i have pain chest vomiting sweating,Cardiology,0
981,my main issue is vomiting chills yellowing chest swelled pain in phlegm weight high sputum of appetite lymph fatigue eyes fever breathlessness sweating malaise mild loss loss nodes fever blood of,Pulmonology,7
982,i have pain vomiting loss itching indigestion of internal passage of gases appetite abdominal,Gastroenterology,3
983,i have micturition foul urine of discomfort smell urine of continuous bladder burning feel,Urology,8
984,feeling fever high vomiting abdominal (typhos) fatigue diarrhoea toxic constipation nausea chills headache look pain,Infectious,4
985,my main issue is continuous micturition burning urine discomfort of bladder feel,Urology,8
986,having itching eruptions nodal dischromic patches skin,Dermatology,1
987,dealing with scurring skin pimples rash filled blackheads pus,Dermatology,1
988,i think it's headache distorted stiff and vision excessive depression irritability neck disturbances visual indigestion acidity blurred hunger,Neurology,5
989,having yellowish nausea loss skin family of fatigue appetite history,Gastroenterology,3
990,i feel of urine feel micturition burning continuous discomfort bladder lately,Urology,8
991,dealing with acute coma pain appetite of yellowish of urine bleeding high liver stomach skin vomiting fever abdominal eyes failure joint nausea dark fatigue loss pain yellowing,Gastroenterology,3
992,i am having vomiting itching high skin loss weight fatigue pain fever yellowish abdominal,Gastroenterology,3
993,feeling pain pain painful walking joints pain knee neck joint swelling joint pain hip,Orthopedics,6
994,having skin dark yellowish vomiting weight loss pain fever urine abdominal itching high,Gastroenterology,3
995,i feel enlarged nails gain weight face mood and lethargy dizziness brittle thyroid cold hands feets swings irritability fatigue extremeties menstruation depression and eyes puffy swollen abnormal lately,Endocrinology,2
996,my main issue is appetite loss indigestion vomiting abdominal of of pain passage gases,Gastroenterology,3
997,experiencing loss high itching fever urine yellowish dark weight abdominal vomiting pain skin,Gastroenterology,3
998,my main issue is muscle excessive heart hunger diarrhoea weight sweating loss rate irritability abnormal weakness fast fatigue menstruation restlessness,Endocrinology,2
999,my main issue is pain chills headache fever belly look high fatigue pain (typhos) toxic diarrhoea abdominal nausea vomiting constipation,Infectious,4
1000,i have high fever mild lymph yellowing in cough sputum of loss breathlessness chills chest eyes malaise blood fatigue weight swelled nodes sweating appetite vomiting loss pain of fever phlegm,Pulmonology,7
1001,i am having skin skin in dusting small silver like peeling nails inflammatory pain rash dents joint nails,Dermatology,1
1002,my main issue is urine urine smell feel foul continuous micturition of of burning,Urology,8
1003,suffering from pain pain yellowish appetite vomiting fatigue nausea skin yellowing eyes abdominal joint of of loss,Gastroenterology,3
1004,having urine itching vomiting abdominal yellowish dark fever skin fatigue high pain,Gastroenterology,3
1005,feeling crust nose around sore ooze skin blister yellow fever red rash high,Dermatology,1
1006,my main issue is itching abdominal high yellowish fever loss urine vomiting pain skin weight dark,Gastroenterology,3
1007,having pain skin loss vomiting liver eyes acute pain fatigue coma failure of dark of urine fever yellowing bleeding appetite yellowish high joint abdominal stomach,Gastroenterology,3
1008,i have stomach rash urination itching skin burning spotting micturition pain,Dermatology,1
1009,feeling discomfort of of foul urine micturition smell urine bladder burning continuous feel,Urology,8
1010,having of yellowish swelling overload of of alcohol skin abdomen history consumption distention abdominal vomiting stomach pain fluid,Gastroenterology,3
1011,i think it's scurring rash pimples blackheads pus skin filled,Dermatology,1
1012,experiencing itching loss gases indigestion pain internal of passage appetite abdominal of,Gastroenterology,3
1013,dealing with chills fatigue belly pain headache pain high abdominal nausea vomiting diarrhoea fever look constipation (typhos) toxic,Infectious,4
1014,i am having red rash around skin sore crust yellow blister nose ooze,Dermatology,1
1015,suffering from abdominal skin fatigue urine yellowish dark high pain vomiting fever loss weight,Gastroenterology,3
1016,having appetite of eyes family fatigue loss yellowing of nausea yellowish skin history,Gastroenterology,3
1017,suffering from stiff disturbances indigestion and vision headache visual excessive neck blurred hunger irritability acidity depression distorted,Neurology,5
1018,i am having weakness mood swings heart excessive sweating hunger menstruation weight muscle loss abnormal rate fatigue fast irritability diarrhoea,Endocrinology,2
1019,suffering from failure pain pain loss coma vomiting abdominal fever of eyes of nausea fatigue high dark urine liver appetite acute stomach joint bleeding yellowing,Gastroenterology,3
1020,i have headache neck indigestion blurred and irritability hunger stiff excessive depression visual disturbances distorted vision acidity,Neurology,5
1021,i have sputum appetite vomiting mild loss blood fever eyes high nodes chest swelled of malaise fever chills lymph yellowing fatigue phlegm sweating pain breathlessness of cough in,Pulmonology,7
1022,experiencing nodal eruptions skin patches rash dischromic skin itching,Dermatology,1
1023,experiencing blackheads filled pus scurring skin pimples rash,Dermatology,1
1024,dealing with high phlegm malaise fast sputum fatigue breathlessness heart chills sweating pain chest cough rusty rate fever,Pulmonology,7
1025,suffering from pain diarrhoea fever vomiting sweating muscle headache high chills nausea,Infectious,4
1026,experiencing of itching appetite abdominal pain internal indigestion loss vomiting,Gastroenterology,3
1027,my main issue is pain nausea back chills muscle rash behind pain eyes pain pain the vomiting joint malaise headache fever skin fatigue high appetite loss of,Infectious,4
1028,suffering from calf swollen bruising legs on obesity cramps prominent blood swollen veins fatigue vessels,Cardiology,0
1029,having headache skin spots nausea of over pain vomiting fever high red eyes pain the malaise chills pain body loss muscle rash appetite behind fatigue back joint pain,Infectious,4
1030,suffering from obesity swollen legs swollen vessels blood on bruising veins cramps fatigue calf prominent,Cardiology,0
1031,suffering from pain pain cough vomiting ulcers on tongue stomach chest,Gastroenterology,3
1032,experiencing appetite spots headache mild lymph fever nodes fever skin of high loss itching over malaise lethargy rash red body swelled,Infectious,4
1033,i have fever wasting patches extra high contacts in marital throat muscle,Infectious,4
1034,feeling muscle high vomiting headache sweating diarrhoea fever chills nausea pain,Infectious,4
1035,i am having pain pain walking pain joint knee hip joint swelling painful joints pain neck,Orthopedics,6
1036,experiencing pain yellowing yellowish unsterile abdominal blood receiving lethargy yellow appetite receiving skin eyes malaise injections of urine of itching dark loss transfusion urine,Gastroenterology,3
1037,suffering from loss pain joint skin vomiting yellowish pain of nausea of dark eyes abdominal yellowing fatigue appetite urine,Gastroenterology,3
1038,i am having painful joint swelling walking pain hip joint pain joints knee pain neck pain,Orthopedics,6
1039,dealing with neck stiff painful joints muscle weakness movement stiffness swelling walking,Orthopedics,6
1040,having fever extra high contacts wasting muscle marital in patches throat,Infectious,4
1041,dealing with skin rash dents skin silver nails dusting joint like in nails small peeling pain inflammatory,Dermatology,1
1042,my main issue is nausea eyes family fatigue loss yellowish of appetite of skin yellowing history,Gastroenterology,3
1043,suffering from skin stomach itching spotting rash pain urination,Dermatology,1
1044,my main issue is joints weakness swelling painful neck movement muscle stiffness stiff walking,Orthopedics,6
1045,i think it's sore red crust yellow around fever blister rash high nose ooze skin,Dermatology,1
1046,i think it's itching micturition pain burning rash stomach skin,Dermatology,1
1047,experiencing micturition urination burning rash spotting skin itching,Dermatology,1
1048,i am having knee pain pain pain painful joint joint hip walking pain neck,Orthopedics,6
1049,i feel yellowing of dark fatigue appetite pain of loss eyes vomiting skin nausea yellowish abdominal pain joint urine lately,Gastroenterology,3
1050,dealing with blurred indigestion depression stiff irritability hunger headache acidity neck disturbances visual distorted and excessive vision,Neurology,5
1051,feeling vomiting eyes sunken diarrhoea dehydration,Gastroenterology,3
1052,dealing with burning pain stomach spotting itching urination micturition,Dermatology,1
1053,i feel chest vomiting pain breathlessness sweating lately,Cardiology,0
1054,experiencing stomach vomiting pain cough ulcers acidity pain on tongue chest,Gastroenterology,3
1055,having yellow appetite lethargy receiving malaise yellowing skin pain receiving of eyes of fatigue urine dark unsterile yellowish urine itching injections abdominal blood loss transfusion,Gastroenterology,3
1056,dealing with fast heart rate sputum pain phlegm rusty cough chills fatigue chest malaise sweating breathlessness,Pulmonology,7
1057,experiencing indigestion visual neck acidity vision distorted headache and irritability excessive disturbances hunger blurred stiff,Neurology,5
1058,i think it's peeling small dents inflammatory silver rash dusting like skin in pain skin nails nails joint,Dermatology,1
1059,my main issue is chest pain breathlessness sweating,Cardiology,0
1060,experiencing nodal skin itching patches skin eruptions rash dischromic,Dermatology,1
1061,experiencing filled rash pimples blackheads pus skin,Dermatology,1
1062,feeling urine pain joint muscle yellowish of abdominal mild fever pain pain yellowing eyes skin vomiting nausea diarrhoea dark,Gastroenterology,3
1063,i have eyes and face dizziness extremeties hands fatigue mood cold nails swollen menstruation lethargy thyroid puffy brittle feets abnormal swings gain weight irritability and enlarged depression,Endocrinology,2
1064,experiencing pain dizziness balance loss pain neck in back weakness of limbs,Neurology,5
1065,i feel history high sputum mucoid family fatigue fever breathlessness cough lately,Pulmonology,7
1066,i feel lymph fatigue of swelled loss pressure sneezing muscle cough nose sinus eyes phlegm high redness runny malaise smell continuous congestion of nodes headache irritation pain chills chest pain throat fever lately,Pulmonology,7
1067,i think it's urine foul discomfort burning feel micturition of of smell continuous bladder urine,Urology,8
1068,i think it's sweating chest pain vomiting,Cardiology,0
1069,i am having history overload swelling pain skin of yellowish abdominal consumption of fluid alcohol stomach vomiting,Gastroenterology,3
1070,i have loss indigestion vomiting of appetite pain internal abdominal itching,Gastroenterology,3
1071,feeling walking joint pain pain knee neck painful swelling pain joints,Orthopedics,6
1072,i have swollen weight feets gain depression irritability dizziness thyroid cold puffy face fatigue eyes and brittle lethargy extremeties enlarged menstruation swings hands abnormal nails and mood,Endocrinology,2
1073,experiencing of fatigue receiving dark loss injections urine lethargy urine yellow unsterile receiving blood pain skin of appetite yellowish eyes abdominal malaise itching yellowing transfusion,Gastroenterology,3
1074,suffering from fatigue chills phlegm high cough pain sweating rusty breathlessness sputum rate chest heart fast fever malaise,Pulmonology,7
1075,suffering from joint joints swelling knee pain painful neck pain walking pain joint hip pain,Orthopedics,6
1076,dealing with joints joint painful walking knee neck pain pain swelling pain,Orthopedics,6
1077,feeling distorted and irritability speech nausea vomiting hunger blurred fatigue vision lips sweating headache slurred and palpitations excessive tingling anxiety drying,Endocrinology,2
1078,having of skin distention consumption swelling history of stomach pain vomiting abdomen of fluid overload alcohol abdominal yellowish,Gastroenterology,3
1079,feeling diarrhoea of yellowish nausea pain fever vomiting yellowing joint appetite urine mild of abdominal muscle skin pain pain loss eyes dark,Gastroenterology,3
1080,suffering from blood lethargy injections of pain yellow loss urine yellowish yellowing dark receiving skin eyes receiving itching unsterile abdominal fatigue malaise appetite transfusion urine of,Gastroenterology,3
1081,my main issue is pain joints swelling pain walking knee joint pain hip neck painful joint pain,Orthopedics,6
1082,i think it's feets cold weight fatigue extremeties abnormal and face lethargy and depression thyroid gain menstruation eyes puffy nails irritability enlarged swollen brittle hands dizziness,Endocrinology,2
1083,i have mood gain and puffy swollen face feets enlarged abnormal thyroid nails and fatigue cold hands eyes brittle extremeties lethargy irritability depression menstruation weight swings,Endocrinology,2
1084,dealing with diarrhoea headache high pain fever chills muscle sweating nausea,Infectious,4
1085,having high malaise appetite lymph blood eyes vomiting chills swelled fever weight mild loss fever cough of in of pain fatigue phlegm breathlessness nodes loss chest sweating yellowing sputum,Pulmonology,7
1086,feeling sensorium weakness side altered one headache body of,Neurology,5
1087,my main issue is limbs neck weakness in pain dizziness back loss pain balance of,Neurology,5
1088,having foul of bladder urine burning urine of continuous micturition discomfort feel smell,Urology,8
1089,i think it's skin loss abdominal pain vomiting fever urine itching high weight yellowish fatigue dark,Gastroenterology,3
1090,having vision stiff irritability neck distorted disturbances acidity excessive headache hunger blurred visual and indigestion depression,Neurology,5
1091,i have malaise loss receiving injections skin appetite dark urine eyes of lethargy pain abdominal of yellowish yellowing blood unsterile yellow itching receiving fatigue transfusion urine,Gastroenterology,3
1092,having dehydration vomiting diarrhoea sunken eyes,Gastroenterology,3
1093,my main issue is fatigue prominent veins bruising blood vessels on cramps swollen obesity calf legs swollen,Cardiology,0
1094,feeling knee joints pain swelling joint joint neck hip pain painful pain walking pain,Orthopedics,6
1095,having knee neck pain painful joints pain joint hip swelling pain walking pain joint,Orthopedics,6
1096,experiencing in skin nails joint dents peeling rash inflammatory dusting small like skin pain nails silver,Dermatology,1
1097,i have passage indigestion appetite pain abdominal of of gases vomiting loss,Gastroenterology,3
1098,experiencing swollen gain nails fatigue mood weight and abnormal extremeties irritability menstruation enlarged swings depression thyroid brittle puffy dizziness face lethargy eyes,Endocrinology,2
1099,suffering from urine bladder of of urine micturition burning smell foul feel continuous discomfort,Urology,8
1100,i feel fever patches throat muscle marital in high extra wasting contacts lately,Infectious,4
1101,suffering from itching eruptions rash nodal skin patches dischromic skin,Dermatology,1
1102,experiencing of sensorium altered side vomiting one body weakness,Neurology,5
1103,i think it's bruising vessels cramps swollen veins on fatigue prominent legs obesity swollen calf blood,Cardiology,0
1104,i have spotting pain urination burning skin micturition itching stomach rash,Dermatology,1
1105,experiencing breathlessness fever sweating malaise of weight vomiting pain lymph cough appetite phlegm loss yellowing swelled mild eyes high in chest of loss sputum chills fever nodes blood fatigue,Pulmonology,7
1106,feeling red skin mild fatigue swelled loss lethargy nodes appetite headache itching high rash fever fever lymph over malaise spots body of,Infectious,4
1107,feeling chest cough tongue on stomach acidity pain vomiting ulcers pain,Gastroenterology,3
1108,suffering from diarrhoea of nausea pain of mild loss dark vomiting eyes yellowing appetite yellowish muscle abdominal fever joint skin pain pain urine,Gastroenterology,3
1109,dealing with muscle weakness swelling painful movement joints neck walking stiff stiffness,Orthopedics,6
1110,dealing with sweating chest breathlessness pain,Cardiology,0
1111,feeling sweating irritability palpitations excessive slurred vomiting drying and nausea speech lips hunger tingling anxiety fatigue headache,Endocrinology,2
1112,my main issue is muscle sweating pain high diarrhoea headache chills vomiting nausea fever,Infectious,4
1113,i feel appetite pain of internal vomiting gases itching indigestion loss of abdominal passage lately,Gastroenterology,3
1114,dealing with puffy depression dizziness extremeties nails swings fatigue menstruation gain and brittle enlarged weight irritability mood lethargy eyes swollen abnormal thyroid face,Endocrinology,2
1115,dealing with one body weakness headache of side sensorium altered vomiting,Neurology,5
1116,having joint hip knee pain pain pain walking joint pain neck painful,Orthopedics,6
1117,dealing with fever pain chest chills sputum sweating high fast cough rate rusty phlegm malaise heart fatigue,Pulmonology,7
1118,feeling fatigue high weight eyes pain appetite blood loss in mild of loss of malaise phlegm chills nodes sweating sputum cough vomiting lymph swelled fever chest yellowing fever breathlessness,Pulmonology,7
1119,suffering from sputum breathlessness mucoid cough fatigue history family,Pulmonology,7
1120,having dark fever vomiting joint pain appetite eyes abdominal urine yellowish pain mild yellowing muscle of nausea skin loss pain diarrhoea of,Gastroenterology,3
1121,dealing with blackheads scurring pimples rash skin filled pus,Dermatology,1
1122,dealing with yellowish pain loss high skin fever vomiting abdominal itching fatigue weight,Gastroenterology,3
1123,i am having sneezing runny swelled high loss malaise fatigue headache pressure throat nose smell eyes muscle fever sinus of pain lymph irritation phlegm redness pain continuous chest of chills congestion nodes,Pulmonology,7
1124,i am having ulcers tongue on cough pain chest pain acidity stomach,Gastroenterology,3
1125,i feel chest vomiting sweating breathlessness pain lately,Cardiology,0
1126,i am having urination spotting stomach skin itching burning pain micturition rash,Dermatology,1
1127,i have urine discomfort of burning feel continuous micturition bladder,Urology,8
1128,my main issue is in marital extra throat contacts muscle patches wasting,Infectious,4
1129,i feel breathlessness sweating pain chest vomiting lately,Cardiology,0
1130,i think it's of appetite vomiting pain loss gases abdominal indigestion of passage itching internal,Gastroenterology,3
1131,i am having small pain inflammatory joint nails like peeling nails in dents rash skin silver dusting skin,Dermatology,1
1132,my main issue is fluid yellowish alcohol history distention of of overload skin stomach of consumption vomiting swelling abdomen abdominal pain,Gastroenterology,3
1133,experiencing swelling movement weakness muscle walking stiffness joints painful neck stiff,Orthopedics,6
1134,i feel skin itching stomach spotting urination pain rash burning micturition lately,Dermatology,1
1135,suffering from neck pain balance limbs back in weakness loss of pain dizziness,Neurology,5
1136,suffering from rash patches nodal skin itching skin dischromic eruptions,Dermatology,1
1137,suffering from throat contacts extra muscle marital fever wasting high in patches,Infectious,4
1138,i think it's neck pain balance back dizziness of pain loss,Neurology,5
1139,having neck painful stiffness swelling joints muscle stiff walking movement weakness,Orthopedics,6
1140,i feel loss abdominal internal itching gases passage indigestion pain of of appetite lately,Gastroenterology,3
1141,i feel yellowish loss vomiting skin pain high abdominal itching fever weight fatigue lately,Gastroenterology,3
1142,dealing with pain look fatigue diarrhoea (typhos) constipation chills pain vomiting toxic nausea high fever abdominal belly headache,Infectious,4
1143,suffering from sweating headache chills high vomiting nausea diarrhoea pain muscle fever,Infectious,4
1144,feeling headache pain vomiting appetite pain rash high loss skin nausea muscle of red eyes fever back body over pain joint the behind fatigue spots malaise pain,Infectious,4
1145,having loss back pain weakness pain of neck in limbs balance,Neurology,5
1146,my main issue is loss stomach liver fatigue acute joint bleeding pain skin dark failure yellowing abdominal yellowish of eyes high nausea of coma fever pain vomiting appetite urine,Gastroenterology,3
1147,i am having fatigue body high over lymph headache loss swelled fever malaise appetite spots skin lethargy red of nodes itching rash,Infectious,4
1148,i have nausea sweating pain high fever vomiting headache chills muscle diarrhoea,Infectious,4
1149,i am having eyes vomiting sunken dehydration,Gastroenterology,3
1150,having bladder smell urine urine of discomfort feel of foul continuous,Urology,8
1151,suffering from fever throat wasting extra high marital patches in contacts muscle,Infectious,4
1152,suffering from menstruation abnormal heart weakness restlessness swings loss sweating rate fast muscle fatigue irritability mood diarrhoea weight,Endocrinology,2
1153,having eyes lymph throat pain cough continuous of swelled redness sneezing fatigue congestion irritation smell runny sinus phlegm nose muscle fever high nodes pressure of malaise chest headache loss pain,Pulmonology,7
1154,suffering from loss dark joint yellowish pain appetite yellowing eyes pain urine nausea of vomiting abdominal of skin,Gastroenterology,3
1155,i think it's high family cough breathlessness mucoid fever sputum history,Pulmonology,7
1156,i think it's nodal skin patches rash eruptions dischromic skin,Dermatology,1
1157,i have swelling of alcohol yellowish fluid abdominal consumption overload of history skin distention of pain vomiting stomach abdomen,Gastroenterology,3
1158,suffering from fatigue speech and blurred distorted drying palpitations headache lips sweating irritability vomiting nausea excessive and anxiety vision slurred tingling hunger,Endocrinology,2
1159,feeling weight dark high fatigue pain vomiting itching yellowish loss urine skin fever abdominal,Gastroenterology,3
1160,i feel of vomiting swelling skin stomach abdominal distention of history yellowish abdomen consumption fluid pain of overload alcohol lately,Gastroenterology,3
1161,i think it's pain walking pain joints joint joint neck pain painful pain knee hip swelling,Orthopedics,6
1162,i am having passage itching appetite indigestion loss abdominal vomiting internal pain gases of of,Gastroenterology,3
1163,my main issue is redness continuous of loss nose nodes high irritation sinus fatigue smell congestion pressure lymph cough pain phlegm headache chest fever eyes runny muscle chills of malaise swelled sneezing pain throat,Pulmonology,7
1164,having chest pain breathlessness vomiting,Cardiology,0
1165,having spotting stomach skin itching pain rash urination,Dermatology,1
1166,i have vomiting sweating pain chest breathlessness,Cardiology,0
1167,suffering from red sore rash high fever skin around blister yellow crust ooze nose,Dermatology,1
1168,feeling alcohol abdomen of skin yellowish distention pain of consumption stomach vomiting swelling of overload history fluid abdominal,Gastroenterology,3
1169,i am having dizziness of pain weakness in loss limbs balance neck,Neurology,5
1170,having indigestion loss pain itching of vomiting appetite passage of internal gases abdominal,Gastroenterology,3
1171,i feel chest runny malaise high pressure of of pain chills swelled sinus smell pain congestion headache fatigue throat phlegm continuous loss irritation redness cough nose fever eyes nodes sneezing lymph muscle lately,Pulmonology,7
1172,i have pain of of gases indigestion vomiting itching loss internal abdominal appetite passage,Gastroenterology,3
1173,experiencing sunken dehydration vomiting diarrhoea eyes,Gastroenterology,3
1174,i think it's of neck pain dizziness limbs weakness balance pain in back loss,Neurology,5
1175,suffering from nails rash joint peeling dusting small nails pain in skin silver inflammatory dents like skin,Dermatology,1
1176,my main issue is vision indigestion and neck acidity depression stiff irritability excessive visual blurred distorted hunger disturbances headache,Neurology,5
1177,i am having cough tongue ulcers vomiting acidity stomach pain on,Gastroenterology,3
1178,dealing with watering continuous from eyes sneezing chills,Dermatology,1
1179,i have spots of mild skin lymph fever itching appetite nodes fever malaise fatigue high over red swelled loss lethargy rash body headache,Infectious,4
1180,dealing with joints pain painful swelling pain neck joint walking knee joint pain hip pain,Orthopedics,6
1181,i think it's tongue acidity chest stomach cough ulcers vomiting on pain pain,Gastroenterology,3
1182,i am having chills chest sweating high breathlessness fever pain rate rusty malaise sputum fast fatigue phlegm cough heart,Pulmonology,7
1183,dealing with abdomen overload of alcohol fluid history pain distention vomiting of yellowish skin abdominal consumption stomach swelling of,Gastroenterology,3
1184,experiencing weight itching pain vomiting skin dark yellowish fever fatigue loss abdominal high urine,Gastroenterology,3
1185,experiencing yellowing dark loss pain pain urine fatigue vomiting abdominal joint eyes appetite nausea skin yellowish of of,Gastroenterology,3
1186,i feel chills eyes watering from continuous shivering sneezing lately,Dermatology,1
1187,i am having continuous chills from sneezing shivering eyes watering,Dermatology,1
1188,i am having back pain skin pain vomiting pain fatigue eyes rash chills red over pain behind nausea spots body fever muscle headache of joint appetite loss high the,Infectious,4
1189,having skin itching loss pain yellowish abdominal weight vomiting high fever urine dark,Gastroenterology,3
1190,having veins blood obesity on vessels legs calf cramps swollen fatigue bruising prominent swollen,Cardiology,0
1191,feeling lymph loss high of yellowing appetite fever eyes chest malaise nodes loss fever breathlessness weight sputum sweating pain swelled fatigue cough phlegm in mild vomiting of blood chills,Pulmonology,7
1192,my main issue is loss eyes skin appetite yellowish of history fatigue of nausea family yellowing,Gastroenterology,3
1193,experiencing distorted hunger neck and stiff acidity excessive visual vision headache irritability indigestion blurred disturbances depression,Neurology,5
1194,having loss abdominal passage appetite of vomiting itching of gases indigestion pain internal,Gastroenterology,3
1195,i think it's extra muscle wasting contacts fever high marital,Infectious,4
1196,experiencing blood mild yellowing of chest swelled fatigue in appetite high eyes chills breathlessness phlegm cough fever loss lymph sweating of sputum fever weight vomiting nodes loss pain malaise,Pulmonology,7
1197,feeling neck hunger irritability depression and vision acidity excessive visual distorted headache blurred indigestion stiff disturbances,Neurology,5
1198,i am having marital wasting high throat muscle contacts fever extra patches in,Infectious,4
1199,i have movement walking muscle neck stiff painful joints stiffness swelling weakness,Orthopedics,6
1200,feeling high breathlessness fever sputum family fatigue cough history mucoid,Pulmonology,7
1201,experiencing fast breathlessness heart high cough rate phlegm chills fever fatigue pain malaise sweating sputum chest rusty,Pulmonology,7
1202,experiencing weakness stiffness neck walking movement painful muscle stiff,Orthopedics,6
1203,my main issue is feets gain mood fatigue swings weight swollen brittle depression face irritability abnormal cold and menstruation and hands nails extremeties puffy eyes dizziness enlarged lethargy thyroid,Endocrinology,2
1204,i think it's sore blister skin ooze yellow high nose crust red rash around fever,Dermatology,1
1205,dealing with sweating chest breathlessness vomiting pain,Cardiology,0
1206,suffering from yellowish urine loss of coma liver skin of pain vomiting dark yellowing joint high abdominal fatigue acute stomach pain failure fever nausea bleeding appetite eyes,Gastroenterology,3
1207,i have calf swollen fatigue legs vessels swollen obesity cramps blood bruising on prominent veins,Cardiology,0
1208,my main issue is muscle sinus fatigue chest lymph runny of phlegm pressure of throat headache pain nodes sneezing loss chills eyes malaise congestion redness cough pain continuous swelled irritation nose smell,Pulmonology,7
1209,suffering from altered weakness of sensorium side one body vomiting headache,Neurology,5
1210,having high fever cough fatigue breathlessness mucoid sputum,Pulmonology,7
1211,suffering from skin nausea of yellowish abdominal vomiting yellowing urine joint pain fatigue loss appetite eyes of dark pain,Gastroenterology,3
1212,i think it's one headache altered vomiting body sensorium side of weakness,Neurology,5
1213,i am having dehydration sunken vomiting diarrhoea eyes,Gastroenterology,3
1214,suffering from headache body sensorium side of vomiting one weakness altered,Neurology,5
1215,i am having burning rash pain stomach micturition spotting skin urination itching,Dermatology,1
1216,i feel pain of appetite indigestion loss of passage internal itching vomiting gases abdominal lately,Gastroenterology,3
1217,dealing with eruptions skin dischromic itching nodal patches,Dermatology,1
1218,i am having muscle mild yellowing of of dark loss eyes appetite abdominal fever diarrhoea pain vomiting pain nausea urine skin yellowish,Gastroenterology,3
1219,experiencing pain loss itching appetite of abdominal internal vomiting passage of indigestion gases,Gastroenterology,3
1220,feeling throat nose malaise loss redness swelled sneezing fever runny sinus chest of muscle nodes congestion cough phlegm lymph continuous pressure irritation pain of chills eyes pain fatigue smell high headache,Pulmonology,7
1221,feeling weight vomiting loss nodes chills lymph loss sputum fever fever eyes of yellowing sweating high mild of breathlessness pain cough chest appetite blood in swelled phlegm malaise fatigue,Pulmonology,7
1222,my main issue is loss swings fast mood sweating irritability heart excessive rate menstruation hunger weakness muscle restlessness diarrhoea weight abnormal,Endocrinology,2
1223,i feel vomiting sensorium side body weakness altered headache of one lately,Neurology,5
1224,experiencing stomach nausea pain skin fever of joint dark eyes pain vomiting loss high appetite failure yellowing coma of urine yellowish abdominal bleeding fatigue liver acute,Gastroenterology,3
1225,i have eyes urine fatigue yellowing yellowish pain of vomiting nausea abdominal skin of pain loss appetite dark joint,Gastroenterology,3
1226,having excessive drying tingling hunger sweating lips and vomiting slurred vision and palpitations anxiety fatigue nausea blurred speech irritability headache distorted,Endocrinology,2
1227,i feel peeling nails like inflammatory joint skin rash dusting dents pain in nails skin small silver lately,Dermatology,1
1228,i have breathlessness cough phlegm mild weight eyes fever high swelled pain lymph appetite sputum malaise of yellowing fever of loss blood chills in sweating vomiting nodes chest loss,Pulmonology,7
1229,i feel stiffness painful neck walking joints weakness muscle swelling movement stiff lately,Orthopedics,6
1230,suffering from altered of headache sensorium weakness body one side vomiting,Neurology,5
1231,suffering from joint knee joints pain pain pain pain hip swelling neck joint walking painful,Orthopedics,6
1232,i feel eyes yellowish of of appetite skin yellowing loss history fatigue family lately,Gastroenterology,3
1233,i am having smell urine bladder of discomfort urine continuous burning feel micturition of foul,Urology,8
1234,dealing with nose blister fever ooze crust rash red around high sore yellow skin,Dermatology,1
1235,dealing with pain skin skin peeling dusting silver rash in like small nails joint dents,Dermatology,1
1236,i feel high pain diarrhoea chills headache fever sweating muscle nausea vomiting lately,Infectious,4
1237,i feel eyes watering chills sneezing from continuous lately,Dermatology,1
1238,i have peeling small dusting in dents rash silver nails skin inflammatory skin pain joint nails like,Dermatology,1
1239,i am having red high blister yellow sore ooze fever nose rash skin crust around,Dermatology,1
1240,my main issue is yellowish abdominal vomiting yellowing of of joint loss pain dark urine fatigue pain skin appetite eyes,Gastroenterology,3
1241,i have headache nausea fever abdominal toxic belly pain chills vomiting look diarrhoea fatigue (typhos) pain high,Infectious,4
1242,suffering from abdominal yellowish pain of skin alcohol stomach overload history vomiting of abdomen swelling of fluid distention consumption,Gastroenterology,3
1243,having skin abdomen distention of of alcohol stomach fluid swelling overload abdominal history of yellowish consumption pain,Gastroenterology,3
1244,experiencing sunken dehydration eyes vomiting diarrhoea,Gastroenterology,3
1245,i have nails dents like in silver peeling nails skin dusting inflammatory rash skin joint small pain,Dermatology,1
1246,feeling nausea appetite family of loss history yellowing fatigue of eyes,Gastroenterology,3
1247,suffering from visual blurred excessive and depression headache indigestion distorted irritability vision disturbances hunger acidity,Neurology,5
1248,having sunken dehydration diarrhoea vomiting eyes,Gastroenterology,3
1249,feeling fever yellowing vomiting diarrhoea of skin eyes mild of pain muscle appetite pain joint yellowish dark urine nausea loss,Gastroenterology,3
1250,experiencing sweating fever pain chills high eyes phlegm appetite fever blood loss vomiting sputum breathlessness yellowing of loss cough of chest lymph fatigue malaise swelled weight mild nodes in,Pulmonology,7
1251,dealing with filled skin scurring pus rash pimples,Dermatology,1
1252,i am having chest phlegm malaise sweating high cough chills rusty heart rate fever pain sputum fast fatigue,Pulmonology,7
1253,i have mood excessive swings fatigue diarrhoea abnormal menstruation irritability muscle rate loss fast weight sweating weakness heart hunger,Endocrinology,2
1254,i think it's headache red fatigue loss body mild malaise lethargy lymph high appetite itching spots of fever over fever swelled nodes,Infectious,4
1255,i am having balance loss limbs back pain pain dizziness neck of weakness in,Neurology,5
1256,suffering from gases of internal of abdominal loss vomiting appetite itching pain passage indigestion,Gastroenterology,3
1257,having dark loss bleeding acute coma of high yellowish joint nausea eyes fatigue skin liver abdominal yellowing vomiting failure fever stomach appetite pain pain of urine,Gastroenterology,3
1258,i have back skin pain loss vomiting headache rash over chills fatigue the appetite eyes spots body joint pain malaise behind red high fever of pain muscle nausea pain,Infectious,4
1259,suffering from in limbs pain back pain weakness dizziness balance of loss neck,Neurology,5
1260,i am having chills sneezing shivering continuous,Dermatology,1
1261,suffering from loss of failure of bleeding joint urine appetite dark yellowish skin abdominal acute fever vomiting coma eyes fatigue pain liver yellowing high pain nausea stomach,Gastroenterology,3
1262,i think it's spots appetite lethargy fever over mild high of body headache fatigue fever itching loss malaise red rash skin,Infectious,4
1263,having throat muscle wasting patches high fever in,Infectious,4
1264,having weight yellowish itching fever skin abdominal loss dark high urine fatigue vomiting pain,Gastroenterology,3
1265,feeling of gases internal passage appetite indigestion vomiting itching pain loss of abdominal,Gastroenterology,3
1266,i am having yellowing skin of fatigue nausea history eyes appetite family loss yellowish of,Gastroenterology,3
1267,i am having swollen blood vessels on legs swollen prominent veins obesity cramps calf fatigue,Cardiology,0
1268,suffering from breathlessness vomiting chest sweating pain,Cardiology,0
1269,i think it's phlegm malaise fatigue of chills sweating chest loss vomiting pain yellowing nodes mild in sputum fever eyes breathlessness cough blood weight appetite of high lymph loss fever swelled,Pulmonology,7
1270,experiencing filled skin scurring rash pus pimples,Dermatology,1
1271,suffering from pain alcohol abdomen consumption swelling history skin stomach of vomiting overload fluid of of distention abdominal yellowish,Gastroenterology,3
1272,i think it's mood swings fatigue rate diarrhoea irritability abnormal heart hunger fast muscle sweating restlessness excessive menstruation weakness,Endocrinology,2
1273,i feel skin high loss urine abdominal yellowish dark weight fever pain itching fatigue lately,Gastroenterology,3
1274,my main issue is chills breathlessness eyes nodes in cough high fever swelled of phlegm weight blood loss malaise sputum fever sweating fatigue yellowing appetite mild vomiting lymph of pain loss chest,Pulmonology,7
1275,suffering from receiving receiving blood yellowish urine appetite dark of loss transfusion fatigue unsterile lethargy skin malaise pain yellowing eyes of injections yellow urine abdominal itching,Gastroenterology,3
1276,i feel abdominal itching passage gases loss pain of of internal vomiting appetite lately,Gastroenterology,3
1277,experiencing joints neck muscle walking weakness movement swelling painful stiffness stiff,Orthopedics,6
1278,feeling of vomiting passage loss of indigestion appetite gases pain itching internal abdominal,Gastroenterology,3
1279,i feel skin eyes vomiting of muscle yellowish dark diarrhoea nausea yellowing fever of urine pain abdominal pain appetite pain mild joint loss lately,Gastroenterology,3
1280,suffering from yellowish abdominal loss high pain fatigue vomiting itching skin urine fever weight dark,Gastroenterology,3
1281,i feel diarrhoea vomiting eyes dehydration sunken lately,Gastroenterology,3
1282,having of limbs in pain loss balance weakness neck dizziness,Neurology,5
1283,i have sweating headache slurred vomiting excessive and distorted irritability speech anxiety tingling blurred drying nausea vision palpitations lips hunger and,Endocrinology,2
1284,i have loss yellowish dark abdominal skin pain weight urine high fatigue fever itching,Gastroenterology,3
1285,my main issue is visual disturbances vision stiff blurred indigestion depression acidity hunger headache irritability and excessive distorted neck,Neurology,5
1286,my main issue is lymph fever swelled skin loss fever over of mild high lethargy itching appetite red spots body rash nodes fatigue malaise,Infectious,4
1287,feeling skin pimples blackheads filled pus rash scurring,Dermatology,1
1288,i have receiving of lethargy receiving unsterile blood fatigue loss urine urine yellowing eyes appetite transfusion malaise dark abdominal yellow skin of injections itching pain yellowish,Gastroenterology,3
1289,having stomach history consumption pain abdominal of yellowish alcohol fluid distention of abdomen swelling of skin vomiting overload,Gastroenterology,3
1290,dealing with of of pain skin consumption fluid distention alcohol vomiting history stomach overload abdominal yellowish of abdomen swelling,Gastroenterology,3
1291,dealing with swollen vessels veins swollen prominent fatigue calf legs cramps obesity blood bruising on,Cardiology,0
1292,i think it's blackheads skin pimples filled rash pus scurring,Dermatology,1
1293,i am having fast swings menstruation irritability abnormal muscle restlessness rate diarrhoea heart hunger mood weakness loss sweating excessive fatigue weight,Endocrinology,2
1294,i think it's loss of pain skin appetite joint fever bleeding eyes fatigue pain coma yellowish abdominal yellowing failure urine high dark stomach liver vomiting of nausea acute,Gastroenterology,3
1295,i think it's loss dark skin pain coma pain acute appetite liver fatigue stomach eyes urine abdominal joint yellowing of of failure vomiting nausea bleeding yellowish,Gastroenterology,3
1296,suffering from of of pain nausea abdominal loss pain urine vomiting fatigue skin joint yellowing eyes yellowish appetite dark,Gastroenterology,3
1297,feeling urine smell burning continuous micturition foul of bladder feel urine discomfort of,Urology,8
1298,i am having eyes from chills continuous sneezing watering,Dermatology,1
1299,suffering from blurred slurred vision vomiting distorted tingling drying and irritability anxiety lips nausea sweating and excessive hunger palpitations speech headache,Endocrinology,2
1300,experiencing appetite loss vomiting internal passage pain of indigestion itching of gases abdominal,Gastroenterology,3
1301,experiencing skin crust nose yellow ooze around fever high sore red rash,Dermatology,1
1302,dealing with chest chills fatigue rate fast malaise high pain fever cough heart sweating sputum breathlessness rusty phlegm,Pulmonology,7
1303,experiencing internal abdominal of itching appetite indigestion pain vomiting loss,Gastroenterology,3
1304,experiencing nodes loss appetite fever fatigue fever red lethargy over headache of spots malaise swelled high skin lymph rash mild itching body,Infectious,4
1305,i feel nose high chills headache of throat redness sneezing loss cough chest congestion eyes pressure muscle pain lymph smell phlegm sinus irritation runny continuous pain fatigue of fever swelled nodes malaise lately,Pulmonology,7
1306,experiencing patches nodal skin dischromic rash skin eruptions,Dermatology,1
1307,feeling walking neck movement painful stiffness weakness muscle stiff,Orthopedics,6
1308,i have watering chills sneezing shivering from eyes continuous,Dermatology,1
1309,dealing with smell of micturition continuous of feel bladder discomfort foul urine urine burning,Urology,8
1310,my main issue is yellowish fatigue abdominal dark weight fever itching high skin loss vomiting pain urine,Gastroenterology,3
1311,i am having skin nodal rash eruptions skin patches dischromic,Dermatology,1
1312,i think it's pain in balance back loss weakness dizziness of limbs,Neurology,5
1313,i think it's of coma joint pain acute fever skin of nausea abdominal dark yellowing high yellowish stomach loss fatigue urine appetite liver eyes failure pain vomiting bleeding,Gastroenterology,3
1314,i feel pain stomach joint acute vomiting failure abdominal of of skin liver yellowing urine nausea eyes yellowish high fever pain loss coma bleeding appetite fatigue dark lately,Gastroenterology,3
1315,feeling of loss pain yellowing eyes muscle nausea diarrhoea pain pain joint fever of mild urine vomiting appetite abdominal dark,Gastroenterology,3
1316,i have shivering from continuous chills sneezing eyes watering,Dermatology,1
1317,i think it's vomiting dehydration diarrhoea,Gastroenterology,3
1318,my main issue is irritability distorted speech excessive anxiety hunger sweating nausea vision vomiting headache palpitations and fatigue blurred slurred,Endocrinology,2
1319,experiencing blurred neck irritability disturbances and hunger visual acidity distorted depression stiff vision indigestion excessive headache,Neurology,5
1320,suffering from cough pain pain chest acidity on tongue vomiting stomach ulcers,Gastroenterology,3
1321,having sputum pain heart rate rusty malaise fatigue breathlessness phlegm high sweating fever chills chest cough fast,Pulmonology,7
1322,suffering from visual irritability acidity and headache hunger disturbances neck distorted blurred vision depression stiff excessive,Neurology,5
1323,having fatigue over high lethargy mild loss nodes fever itching of spots swelled appetite rash malaise fever red lymph skin headache body,Infectious,4
1324,feeling peeling dents rash skin nails pain joint like dusting in inflammatory small nails skin silver,Dermatology,1
1325,suffering from pain joint joint pain knee neck hip swelling walking painful pain pain joints,Orthopedics,6
1326,feeling abdominal yellowing yellowish of nausea diarrhoea eyes urine loss mild muscle of pain vomiting appetite fever dark pain joint pain skin,Gastroenterology,3
1327,dealing with in dizziness pain limbs pain back neck weakness,Neurology,5
1328,i think it's ooze crust nose sore blister yellow red high fever around,Dermatology,1
1329,i think it's and visual vision acidity excessive hunger disturbances depression stiff neck blurred irritability headache distorted indigestion,Neurology,5
1330,my main issue is of lethargy blood yellowing eyes yellowish dark unsterile transfusion itching loss of malaise injections urine fatigue skin receiving receiving yellow pain abdominal urine appetite,Gastroenterology,3
1331,i am having pain chills fatigue of rash malaise pain headache fever back the joint loss spots red pain pain appetite over skin nausea behind eyes body muscle high,Infectious,4
1332,i think it's sweating vomiting speech palpitations excessive lips irritability blurred distorted and drying headache vision slurred hunger anxiety fatigue tingling and,Endocrinology,2
1333,feeling fever chills sweating headache vomiting muscle pain high nausea,Infectious,4
1334,experiencing scurring skin rash blackheads,Dermatology,1
1335,feeling micturition urination skin pain spotting itching stomach rash burning,Dermatology,1
1336,i have of appetite yellowing of blood fatigue eyes dark urine loss lethargy yellowish yellow receiving urine itching malaise receiving unsterile transfusion injections skin,Gastroenterology,3
1337,i think it's nodes phlegm runny throat lymph eyes fever pain continuous irritation of muscle sneezing smell cough loss sinus congestion pressure chills pain headache high redness of swelled fatigue chest nose,Pulmonology,7
1338,i am having abdominal of pain dark skin vomiting nausea urine eyes joint loss fatigue of yellowish appetite pain yellowing,Gastroenterology,3
1339,i think it's depression menstruation swings weight lethargy hands fatigue dizziness cold eyes puffy irritability gain mood abnormal swollen feets enlarged and face extremeties brittle thyroid nails and,Endocrinology,2
1340,i have micturition burning urine of discomfort foul continuous feel bladder urine smell of,Urology,8
1341,my main issue is cough high mucoid breathlessness family fever history fatigue sputum,Pulmonology,7
1342,dealing with altered sensorium headache vomiting one of weakness side body,Neurology,5
1343,i think it's filled pimples skin rash blackheads scurring pus,Dermatology,1
1344,having high nose crust red fever around blister sore yellow skin rash ooze,Dermatology,1
1345,i am having sunken eyes diarrhoea vomiting dehydration,Gastroenterology,3
1346,i have appetite skin yellowish loss eyes family history of nausea yellowing fatigue of,Gastroenterology,3
1347,feeling sunken vomiting dehydration eyes,Gastroenterology,3
1348,experiencing skin blackheads rash pimples scurring filled pus,Dermatology,1
1349,my main issue is pain joint pain swelling painful pain neck pain hip joint joints walking knee,Orthopedics,6
1350,suffering from yellowish abdomen of vomiting skin of overload stomach of history consumption alcohol swelling abdominal distention pain fluid,Gastroenterology,3
1351,my main issue is loss appetite yellowing pain joint vomiting fever mild of dark urine diarrhoea skin nausea yellowish muscle of pain eyes,Gastroenterology,3
1352,experiencing burning continuous bladder smell of urine micturition feel of discomfort foul urine,Urology,8
1353,i feel pain stomach tongue ulcers cough acidity on vomiting lately,Gastroenterology,3
1354,i feel appetite vomiting sweating of sputum pain fever high loss phlegm blood chest fever eyes of cough yellowing loss weight mild fatigue swelled nodes malaise in lymph chills lately,Pulmonology,7
1355,suffering from vomiting eyes diarrhoea sunken dehydration,Gastroenterology,3
1356,having yellowish of of consumption abdomen swelling history distention of stomach overload vomiting skin fluid alcohol,Gastroenterology,3
1357,having vomiting sensorium headache altered side weakness one of body,Neurology,5
1358,my main issue is ulcers on cough vomiting pain stomach acidity tongue,Gastroenterology,3
1359,having blood cramps swollen legs swollen fatigue obesity vessels bruising,Cardiology,0
1360,i feel like nails silver in dusting rash pain skin skin nails small inflammatory dents peeling joint lately,Dermatology,1
1361,i have phlegm fever pain chest mild of nodes fever malaise cough lymph breathlessness blood chills eyes appetite vomiting high sweating in sputum swelled yellowing of loss fatigue,Pulmonology,7
1362,suffering from diarrhoea yellowing mild of pain pain appetite dark fever muscle pain loss urine nausea of yellowish eyes skin joint abdominal,Gastroenterology,3
1363,dealing with loss vomiting pain in sputum sweating cough fever fatigue fever of eyes chest blood chills breathlessness yellowing nodes lymph appetite mild high loss phlegm swelled of malaise weight,Pulmonology,7
1364,i have pus filled pimples blackheads scurring,Dermatology,1
1365,i think it's pain vomiting diarrhoea headache fever muscle nausea chills high sweating,Infectious,4
1366,i am having hunger and tingling palpitations lips fatigue slurred drying nausea distorted excessive anxiety vision blurred irritability speech sweating headache and vomiting,Endocrinology,2
1367,i feel neck joints stiffness painful stiff weakness walking muscle swelling movement lately,Orthopedics,6
1368,i feel excessive headache hunger stiff and indigestion irritability blurred acidity distorted depression neck vision lately,Neurology,5
1369,i have skin rash pus filled blackheads pimples,Dermatology,1
1370,experiencing loss appetite yellowish dark eyes yellowing fatigue failure coma nausea pain of urine of skin vomiting pain joint stomach acute abdominal liver bleeding,Gastroenterology,3
1371,having swelling movement stiff stiffness neck joints muscle painful walking weakness,Orthopedics,6
1372,i have mild dark of fever yellowish joint diarrhoea skin abdominal muscle vomiting loss nausea of pain pain pain eyes yellowing appetite urine,Gastroenterology,3
1373,i am having itching dischromic eruptions nodal skin skin rash patches,Dermatology,1
1374,having weakness side headache altered body of sensorium one,Neurology,5
1375,feeling back pain eyes skin of chills malaise nausea joint pain the appetite pain muscle loss headache spots behind pain over fatigue vomiting rash body red,Infectious,4
1376,i have skin history eyes nausea fatigue yellowish loss family of appetite of yellowing,Gastroenterology,3
1377,i have appetite yellowing of abdominal pain of dark yellowish pain eyes joint vomiting loss nausea skin urine fatigue,Gastroenterology,3
1378,dealing with eyes puffy swollen lethargy nails menstruation fatigue and irritability brittle swings cold and face gain abnormal feets hands dizziness mood depression weight thyroid enlarged extremeties,Endocrinology,2
1379,experiencing toxic belly (typhos) constipation vomiting fatigue diarrhoea fever look pain abdominal headache chills nausea pain high,Infectious,4
1380,dealing with skin history fatigue loss of of yellowing nausea eyes family yellowish appetite,Gastroenterology,3
1381,i feel skin stomach itching pain micturition urination spotting burning rash lately,Dermatology,1
1382,experiencing high red behind pain body pain fever pain back joint skin headache malaise nausea rash of eyes loss over appetite spots fatigue vomiting muscle pain chills the,Infectious,4
1383,i have spotting pain urination itching micturition stomach burning,Dermatology,1
1384,i have pain neck walking joints pain pain hip knee pain joint joint painful swelling,Orthopedics,6
1385,dealing with skin skin rash eruptions dischromic itching nodal patches,Dermatology,1
1386,suffering from fatigue pain belly look toxic abdominal chills (typhos) vomiting high headache diarrhoea fever nausea constipation pain,Infectious,4
1387,i think it's high patches in marital muscle contacts extra throat fever wasting,Infectious,4
1388,i have sweating muscle chills vomiting headache diarrhoea high fever pain,Infectious,4
1389,having yellowing appetite pain lethargy malaise dark yellow of urine loss fatigue blood urine receiving eyes of transfusion skin abdominal receiving itching injections unsterile yellowish,Gastroenterology,3
1390,i feel pain loss itching of abdominal of passage vomiting indigestion appetite internal gases lately,Gastroenterology,3
1391,feeling appetite mild rash of itching skin high red loss body lymph swelled fatigue headache malaise nodes lethargy over spots fever fever,Infectious,4
1392,suffering from marital throat contacts high patches in fever extra,Infectious,4
1393,i am having vomiting chest breathlessness sweating pain,Cardiology,0
1394,dealing with swelling skin of of overload consumption yellowish fluid abdomen of history pain stomach vomiting alcohol distention abdominal,Gastroenterology,3
1395,dealing with body altered of weakness side one headache sensorium vomiting,Neurology,5
1396,i think it's sneezing watering from chills continuous shivering eyes,Dermatology,1
1397,suffering from high fever yellow sore red skin nose rash blister crust ooze around,Dermatology,1
1398,i am having dark appetite abdominal of skin nausea urine joint of loss fatigue yellowing pain vomiting pain yellowish eyes,Gastroenterology,3
1399,i have mucoid breathlessness high fever sputum history family cough,Pulmonology,7
1400,i have fatigue sweating blood lymph yellowing chills nodes in loss pain malaise swelled chest weight loss breathlessness phlegm mild appetite high of vomiting cough fever sputum of eyes fever,Pulmonology,7
1401,feeling loss abdominal passage of vomiting indigestion of pain itching gases appetite internal,Gastroenterology,3
1402,experiencing pain itching internal appetite of gases loss abdominal passage indigestion of vomiting,Gastroenterology,3
1403,i feel weakness balance pain pain neck in loss of back limbs dizziness lately,Neurology,5
1404,experiencing hands feets extremeties mood swollen enlarged menstruation fatigue gain irritability dizziness abnormal lethargy brittle depression and nails face puffy eyes weight cold swings thyroid and,Endocrinology,2
1405,suffering from sweating fatigue high sputum malaise chest rate pain phlegm heart rusty fast chills fever breathlessness cough,Pulmonology,7
1406,i have on bruising calf fatigue obesity swollen legs prominent cramps veins,Cardiology,0
1407,feeling joint walking joints pain pain swelling neck pain painful hip pain knee joint,Orthopedics,6
1408,feeling belly nausea diarrhoea headache constipation chills fever toxic (typhos) high abdominal fatigue look pain pain vomiting,Infectious,4
1409,i have sensorium altered vomiting headache,Neurology,5
1410,i feel stiff movement joints weakness stiffness neck walking swelling muscle painful lately,Orthopedics,6
1411,my main issue is rash itching skin patches dischromic,Dermatology,1
1412,feeling sneezing eyes shivering watering from continuous,Dermatology,1
1413,i think it's sensorium vomiting one weakness body side of headache altered,Neurology,5
1414,feeling muscle in wasting patches high fever extra throat marital contacts,Infectious,4
1415,i feel hunger heart weight excessive fast irritability loss swings mood restlessness muscle diarrhoea weakness rate menstruation abnormal sweating fatigue lately,Endocrinology,2
1416,i have dischromic patches skin itching rash skin nodal eruptions,Dermatology,1
1417,feeling rate pain fever cough high rusty chest malaise fast chills phlegm fatigue breathlessness sputum heart,Pulmonology,7
1418,experiencing appetite blood yellowish loss lethargy yellow yellowing fatigue of receiving eyes receiving itching urine transfusion pain malaise abdominal of injections unsterile skin,Gastroenterology,3
1419,i have consumption overload abdomen abdominal fluid of stomach distention alcohol vomiting swelling of yellowish pain skin of history,Gastroenterology,3
1420,i think it's high joint fever nausea pain skin yellowish vomiting appetite coma of pain dark fatigue of stomach eyes abdominal bleeding yellowing loss urine,Gastroenterology,3
1421,i have nails feets depression brittle thyroid puffy and menstruation swollen irritability swings dizziness lethargy mood weight cold extremeties hands gain eyes enlarged abnormal and face,Endocrinology,2
1422,experiencing fatigue high pain vomiting failure bleeding pain acute liver eyes urine of abdominal fever of yellowing appetite joint yellowish coma stomach dark loss skin,Gastroenterology,3
1423,i am having cold gain eyes swollen extremeties lethargy depression irritability brittle abnormal weight mood thyroid face feets nails puffy and dizziness swings enlarged and hands menstruation,Endocrinology,2
1424,i think it's skin pain loss eyes appetite malaise joint nausea spots behind the high back chills pain of rash pain fever pain body over headache red vomiting muscle,Infectious,4
1425,suffering from of stomach yellowing dark loss coma pain failure acute vomiting fatigue joint liver urine pain skin nausea yellowish abdominal bleeding appetite eyes fever high of,Gastroenterology,3
1426,i am having vomiting high sweating muscle headache chills pain fever diarrhoea,Infectious,4
1427,experiencing itching dischromic skin rash eruptions patches skin nodal,Dermatology,1
1428,feeling loss yellowing of skin nausea yellowish appetite history family of eyes fatigue,Gastroenterology,3
1429,suffering from fast restlessness weight weakness abnormal loss diarrhoea swings menstruation irritability heart sweating rate fatigue hunger excessive mood muscle,Endocrinology,2
1430,suffering from fever mild weight loss pain sputum fatigue appetite sweating lymph eyes of fever yellowing chest phlegm cough high malaise loss nodes blood swelled of breathlessness chills in,Pulmonology,7
1431,feeling from watering eyes chills sneezing shivering continuous,Dermatology,1
1432,dealing with pain pain pain joint hip swelling neck joint pain joints knee,Orthopedics,6
1433,my main issue is walking hip pain joints swelling joint knee joint pain painful neck pain pain,Orthopedics,6
1434,experiencing rash spotting urination skin stomach pain itching,Dermatology,1
1435,i have skin lymph mild fatigue itching lethargy high rash over appetite of swelled nodes malaise loss spots red body headache fever fever,Infectious,4
1436,i am having shivering chills from watering eyes sneezing continuous,Dermatology,1
1437,experiencing watering continuous chills from shivering sneezing eyes,Dermatology,1
1438,i am having sunken eyes diarrhoea vomiting,Gastroenterology,3
1439,i have urine vomiting weight yellowish dark skin fatigue abdominal itching high fever loss pain,Gastroenterology,3
1440,i feel filled blackheads pus pimples scurring lately,Dermatology,1
1441,i have feets depression mood and menstruation fatigue irritability weight nails thyroid and gain brittle swollen swings puffy extremeties abnormal hands eyes face dizziness cold enlarged lethargy,Endocrinology,2
1442,feeling pain constipation high look chills fatigue abdominal pain toxic headache nausea fever diarrhoea (typhos) belly,Infectious,4
1443,experiencing pain pain yellowing pain of yellowish skin eyes nausea muscle vomiting joint dark fever diarrhoea abdominal mild urine,Gastroenterology,3
1444,i feel weight pain high urine dark itching vomiting fever fatigue loss abdominal lately,Gastroenterology,3
1445,i think it's history skin stomach consumption overload of abdomen vomiting abdominal yellowish pain swelling of fluid distention alcohol of,Gastroenterology,3
1446,i think it's marital high wasting throat in extra fever contacts muscle patches,Infectious,4
1447,feeling back dizziness in weakness pain of pain neck loss limbs balance,Neurology,5
1448,i have yellowing eyes high failure skin acute bleeding pain fever vomiting pain joint fatigue stomach liver coma yellowish nausea abdominal appetite of of loss,Gastroenterology,3
1449,dealing with fatigue on vessels swollen legs veins obesity bruising swollen prominent calf blood cramps,Cardiology,0
1450,experiencing foul burning feel urine of of smell micturition continuous urine,Urology,8
1451,i think it's blister red sore crust high rash around nose yellow fever skin ooze,Dermatology,1
1452,dealing with of abdominal skin pain joint urine nausea appetite pain loss yellowish vomiting dark fatigue,Gastroenterology,3
1453,feeling palpitations distorted drying and and slurred headache speech excessive anxiety lips nausea sweating vomiting irritability fatigue hunger blurred tingling vision,Endocrinology,2
1454,i am having pressure fever of nose lymph congestion cough smell throat of continuous sinus swelled malaise headache sneezing irritation runny high redness pain muscle loss phlegm chest nodes eyes chills pain,Pulmonology,7
1455,dealing with pain sputum cough chills chest heart rate sweating high breathlessness rusty phlegm fatigue fever fast,Pulmonology,7
1456,suffering from of abdominal urine diarrhoea muscle nausea fever vomiting dark skin pain appetite joint yellowing yellowish of mild loss pain pain eyes,Gastroenterology,3
1457,i think it's swollen swings face menstruation and mood and puffy feets nails thyroid depression abnormal enlarged fatigue hands cold extremeties eyes dizziness irritability lethargy brittle,Endocrinology,2
1458,experiencing vomiting gases itching of indigestion of loss abdominal appetite pain passage internal,Gastroenterology,3
1459,i think it's urine eyes dark injections loss unsterile yellowish fatigue skin receiving of yellow urine blood transfusion lethargy appetite malaise itching of receiving yellowing,Gastroenterology,3
1460,having in pain back balance pain weakness of limbs loss neck dizziness,Neurology,5
1461,my main issue is nausea high of skin joint abdominal acute failure yellowing yellowish appetite fatigue stomach fever pain bleeding liver of coma pain vomiting loss eyes,Gastroenterology,3
1462,dealing with of the pain pain eyes vomiting fatigue behind rash pain fever muscle headache high nausea appetite chills loss joint pain skin back malaise,Infectious,4
1463,experiencing pimples pus filled scurring blackheads rash skin,Dermatology,1
1464,dealing with loss pain itching passage indigestion appetite abdominal internal of of vomiting gases,Gastroenterology,3
1465,my main issue is vessels veins calf cramps bruising blood swollen legs prominent swollen fatigue obesity on,Cardiology,0
1466,suffering from pimples pus rash filled skin scurring,Dermatology,1
1467,feeling rash over red nodes lymph itching spots fever appetite skin fever mild lethargy malaise high body headache fatigue swelled loss of,Infectious,4
1468,i have pain high chills fatigue heart phlegm chest cough rate breathlessness sputum rusty fever sweating fast,Pulmonology,7
1469,having vomiting pain cough chest stomach pain acidity tongue ulcers on,Gastroenterology,3
1470,i have pain chest sweating chills cough rate rusty heart malaise fatigue phlegm sputum fast fever high breathlessness,Pulmonology,7
1471,i am having eruptions itching skin dischromic nodal skin patches rash,Dermatology,1
1472,dealing with dischromic skin itching skin patches eruptions nodal rash,Dermatology,1
1473,experiencing weakness stiffness walking stiff movement painful joints swelling muscle neck,Orthopedics,6
1474,experiencing balance of dizziness loss in weakness back limbs pain neck pain,Neurology,5
1475,suffering from smell chills continuous swelled irritation malaise throat of pain lymph pain eyes nose loss chest fever runny nodes pressure muscle congestion cough high sinus sneezing headache phlegm redness of fatigue,Pulmonology,7
1476,dealing with marital extra wasting contacts high muscle fever,Infectious,4
1477,i think it's irritation chills eyes pressure runny of high malaise sinus smell redness fever nose phlegm cough fatigue loss swelled pain muscle pain continuous sneezing lymph nodes of chest throat congestion,Pulmonology,7
1478,feeling family appetite yellowing history yellowish of nausea skin of loss eyes fatigue,Gastroenterology,3
1479,having legs vessels calf fatigue cramps on bruising swollen obesity veins blood prominent swollen,Cardiology,0
1480,suffering from abdominal of history skin overload vomiting fluid pain yellowish swelling alcohol stomach consumption of,Gastroenterology,3
1481,i am having dents in nails skin peeling pain silver small rash dusting inflammatory joint nails skin like,Dermatology,1
1482,i feel fever contacts muscle in wasting extra marital high throat patches lately,Infectious,4
1483,i think it's yellowish loss of skin nausea history family appetite eyes fatigue of yellowing,Gastroenterology,3
1484,i feel fast breathlessness sputum rusty cough fatigue phlegm sweating pain fever chest high malaise heart rate lately,Pulmonology,7
1485,having neck weakness limbs back pain in pain balance dizziness loss of,Neurology,5
1486,i feel headache body sensorium of weakness side altered vomiting one lately,Neurology,5
1487,suffering from palpitations slurred nausea irritability anxiety distorted lips fatigue vomiting excessive vision tingling sweating speech blurred and and headache drying hunger,Endocrinology,2
1488,suffering from dischromic itching skin rash patches,Dermatology,1
1489,feeling pain hip joint walking joint neck pain pain swelling painful knee pain joints,Orthopedics,6
1490,my main issue is failure fatigue of vomiting dark yellowing urine pain nausea appetite loss bleeding of fever high coma acute liver joint eyes pain yellowish skin stomach abdominal,Gastroenterology,3
1491,i think it's nausea chills diarrhoea sweating high muscle fever vomiting pain headache,Infectious,4
1492,suffering from swollen vessels fatigue swollen legs blood bruising cramps obesity,Cardiology,0
1493,having yellowing eyes nausea history of loss family appetite yellowish skin of,Gastroenterology,3
1494,feeling yellowing fatigue yellowish eyes joint of appetite nausea loss dark abdominal vomiting urine of pain skin pain,Gastroenterology,3
1495,i think it's behind nausea high headache joint spots loss fever over pain pain eyes chills vomiting the skin back appetite muscle rash body of red pain fatigue pain malaise,Infectious,4
1496,experiencing mood weakness weight muscle menstruation heart swings irritability hunger excessive diarrhoea abnormal fast rate fatigue sweating loss restlessness,Endocrinology,2
1497,i feel menstruation feets irritability cold hands gain puffy and swings and thyroid swollen extremeties lethargy abnormal face brittle enlarged mood eyes weight depression dizziness nails lately,Endocrinology,2
1498,my main issue is weakness fast weight irritability fatigue swings loss sweating mood abnormal heart muscle excessive rate hunger menstruation restlessness diarrhoea,Endocrinology,2
1499,suffering from swollen vessels on bruising calf veins legs obesity fatigue swollen blood prominent cramps,Cardiology,0
1500,having patches marital high extra fever muscle in throat contacts wasting,Infectious,4
1501,i am having joint eyes of yellowing dark pain of yellowish loss nausea vomiting urine abdominal appetite fatigue skin pain,Gastroenterology,3
1502,i feel itching lymph fatigue body fever red over nodes spots swelled mild rash appetite headache lethargy malaise high skin loss of fever lately,Infectious,4
1503,my main issue is silver dents joint skin skin small in peeling rash dusting like nails pain inflammatory nails,Dermatology,1
1504,feeling skin of fatigue fever headache vomiting over appetite nausea pain the body back spots pain muscle behind red rash eyes joint malaise loss high pain pain,Infectious,4
1505,i think it's patches skin rash eruptions itching nodal skin dischromic,Dermatology,1
1506,feeling vomiting of distention pain yellowish fluid abdominal abdomen alcohol history overload skin consumption of,Gastroenterology,3
1507,i think it's anxiety blurred slurred nausea lips headache speech drying and excessive distorted sweating vision tingling palpitations irritability hunger and fatigue vomiting,Endocrinology,2
1508,my main issue is bleeding nausea appetite skin loss joint liver yellowing stomach acute pain fatigue of high failure coma yellowish eyes vomiting of pain fever abdominal,Gastroenterology,3
1509,dealing with swollen prominent blood legs vessels calf veins on obesity bruising swollen fatigue,Cardiology,0
1510,suffering from stomach history alcohol fluid skin swelling yellowish overload consumption pain of abdominal distention of vomiting of abdomen,Gastroenterology,3
1511,i think it's yellowing dark joint skin loss pain nausea abdominal appetite of pain urine vomiting yellowish eyes of,Gastroenterology,3
1512,i feel ulcers stomach chest tongue on vomiting pain pain acidity lately,Gastroenterology,3
1513,having rash nodal itching eruptions skin skin patches dischromic,Dermatology,1
1514,dealing with skin itching eruptions nodal dischromic patches rash skin,Dermatology,1
1515,feeling receiving malaise fatigue eyes urine abdominal skin transfusion yellowing appetite injections yellow receiving pain urine yellowish unsterile of of lethargy dark blood loss,Gastroenterology,3
1516,feeling pain breathlessness sweating vomiting chest,Cardiology,0
1517,my main issue is skin yellowing yellowish of nausea history eyes fatigue loss of appetite family,Gastroenterology,3
1518,i have one side vomiting sensorium altered body of weakness,Neurology,5
1519,experiencing vomiting sunken eyes dehydration,Gastroenterology,3
1520,dealing with vomiting indigestion pain passage internal abdominal gases itching of,Gastroenterology,3
1521,i have mild skin over fatigue body of nodes loss spots itching swelled lethargy malaise fever appetite rash red lymph fever high headache,Infectious,4
1522,i have pain joint neck joints knee pain pain swelling hip joint pain,Orthopedics,6
1523,i think it's nails pain like dents silver dusting skin in joint skin peeling nails small rash inflammatory,Dermatology,1
1524,having fatigue malaise pain rate chills breathlessness phlegm fast chest heart high sweating rusty sputum fever,Pulmonology,7
1525,i think it's vomiting chest breathlessness pain,Cardiology,0
1526,dealing with chills pain sweating fever muscle diarrhoea nausea headache high vomiting,Infectious,4
1527,i think it's bladder of continuous micturition feel urine discomfort burning,Urology,8
1528,feeling swelling stiff muscle painful joints weakness stiffness movement neck walking,Orthopedics,6
1529,experiencing skin fever of urine nausea loss yellowish of vomiting muscle pain dark pain yellowing mild eyes joint appetite diarrhoea,Gastroenterology,3
1530,i am having chest vomiting pain breathlessness,Cardiology,0
1531,having failure nausea liver pain vomiting eyes coma joint skin yellowish bleeding urine acute fatigue dark loss of yellowing fever pain appetite abdominal stomach of high,Gastroenterology,3
1532,feeling breathlessness sweating vomiting,Cardiology,0
1533,i feel chills pain fatigue nausea toxic (typhos) fever abdominal look diarrhoea headache belly pain high constipation lately,Infectious,4
1534,having menstruation loss hunger fatigue weight excessive restlessness mood swings diarrhoea abnormal weakness muscle sweating irritability,Endocrinology,2
1535,experiencing mood lethargy extremeties and weight dizziness feets gain thyroid brittle puffy cold hands face fatigue enlarged eyes swollen depression menstruation abnormal irritability swings and nails,Endocrinology,2
1536,suffering from in silver nails inflammatory nails like dents joint skin small peeling dusting pain skin rash,Dermatology,1
1537,suffering from skin nails silver dusting dents pain peeling in inflammatory small nails like skin joint rash,Dermatology,1
1538,i think it's congestion of pain cough fatigue lymph muscle continuous chest nodes smell runny sneezing irritation swelled pain malaise sinus pressure headache redness phlegm throat nose chills of loss eyes,Pulmonology,7
1539,feeling pain walking neck pain joints hip knee pain swelling joint painful pain joint,Orthopedics,6
1540,i have feets enlarged gain thyroid brittle cold lethargy fatigue and depression nails puffy eyes extremeties irritability dizziness abnormal weight face swings mood swollen hands menstruation and,Endocrinology,2
1541,suffering from high look fatigue (typhos) toxic diarrhoea pain chills belly nausea headache constipation vomiting fever,Infectious,4
1542,i feel feel urine discomfort burning bladder of smell urine foul continuous micturition of lately,Urology,8
1543,suffering from burning micturition skin urination stomach rash spotting pain,Dermatology,1
1544,i think it's chest vomiting pain sweating,Cardiology,0
1545,i feel abnormal swings thyroid fatigue cold and enlarged dizziness gain menstruation nails hands brittle feets extremeties depression lethargy mood irritability swollen weight lately,Endocrinology,2
1546,my main issue is joint pain swelling neck pain joints pain knee joint painful walking hip pain,Orthopedics,6
1547,having receiving injections blood of lethargy loss appetite dark urine eyes transfusion receiving malaise of unsterile yellowing skin urine itching pain yellowish yellow abdominal fatigue,Gastroenterology,3
1548,having lethargy irritability gain dizziness and feets extremeties weight mood swings menstruation depression puffy abnormal hands and swollen cold face fatigue thyroid nails brittle eyes enlarged,Endocrinology,2
1549,i think it's breathlessness vomiting sweating chest pain,Cardiology,0
1550,suffering from rash nose crust fever yellow around skin ooze high blister red sore,Dermatology,1
1551,dealing with depression gain weight dizziness enlarged lethargy irritability feets swings swollen brittle mood cold fatigue and abnormal extremeties eyes menstruation face and hands puffy thyroid nails,Endocrinology,2
1552,experiencing blackheads pus filled skin pimples scurring rash,Dermatology,1
1553,suffering from pus blackheads rash skin scurring filled pimples,Dermatology,1
1554,i feel chest sweating vomiting pain lately,Cardiology,0
1555,having diarrhoea fever belly pain toxic headache high nausea (typhos) fatigue vomiting look chills constipation,Infectious,4
1556,i think it's appetite yellowing yellowish pain of joint skin dark pain of vomiting nausea fatigue abdominal urine loss eyes,Gastroenterology,3
1557,i am having muscle yellowish pain skin mild abdominal joint dark urine of eyes appetite loss yellowing nausea pain pain of fever diarrhoea vomiting,Gastroenterology,3
1558,i have sensorium one altered weakness of body side headache vomiting,Neurology,5
1559,i think it's rate chills fever phlegm chest rusty high cough sputum pain breathlessness fast fatigue sweating heart,Pulmonology,7
1560,i have skin pain micturition itching urination rash stomach burning spotting,Dermatology,1
1561,i feel vision neck visual indigestion headache irritability disturbances depression distorted acidity and excessive stiff hunger blurred lately,Neurology,5
1562,i feel high of sweating appetite vomiting chills fever weight loss blood sputum eyes pain malaise mild breathlessness nodes swelled lymph in cough fatigue yellowing loss of fever chest phlegm lately,Pulmonology,7
1563,having (typhos) vomiting headache fatigue fever pain belly toxic look nausea constipation high pain diarrhoea abdominal chills,Infectious,4
1564,i think it's fatigue loss mild swelled yellowing in of high nodes sweating breathlessness sputum lymph malaise weight loss pain phlegm blood fever appetite chest eyes vomiting of fever cough,Pulmonology,7
1565,i have tongue acidity chest ulcers pain cough pain on stomach,Gastroenterology,3
1566,having chest sweating pain vomiting,Cardiology,0
1567,experiencing chills the loss back nausea malaise pain spots over pain joint eyes muscle high of headache appetite pain red body skin fever pain vomiting behind rash fatigue,Infectious,4
1568,i feel eyes continuous chills watering sneezing from lately,Dermatology,1
1569,having acute yellowish vomiting yellowing high failure of fever fatigue liver abdominal coma eyes bleeding urine of skin loss stomach joint pain pain dark appetite,Gastroenterology,3
1570,suffering from nose sore skin red around fever ooze crust rash blister yellow high,Dermatology,1
1571,dealing with weakness balance pain limbs back of pain in loss neck,Neurology,5
1572,suffering from abdomen skin distention yellowish stomach of abdominal pain history alcohol of swelling of fluid overload vomiting consumption,Gastroenterology,3
1573,experiencing skin yellowish fatigue urine weight itching fever high vomiting dark loss,Gastroenterology,3
1574,my main issue is of fever dark abdominal pain pain nausea eyes joint muscle diarrhoea yellowing mild pain of loss urine skin appetite yellowish,Gastroenterology,3
1575,experiencing pain fever chest breathlessness rusty sputum fatigue rate cough high heart malaise phlegm chills fast,Pulmonology,7
1576,feeling chills continuous shivering from watering eyes sneezing,Dermatology,1
1577,dealing with dischromic patches skin nodal itching eruptions,Dermatology,1
1578,i have sputum mucoid cough history high fatigue family fever breathlessness,Pulmonology,7
1579,my main issue is loss high fatigue headache mild fever lymph appetite itching rash red swelled nodes body lethargy skin fever spots over of malaise,Infectious,4
1580,i feel skin itching urination stomach spotting micturition pain burning rash lately,Dermatology,1
1581,dealing with skin rash nodal itching dischromic skin eruptions patches,Dermatology,1
1582,i think it's irritability indigestion vision and acidity blurred headache visual stiff disturbances depression neck hunger distorted excessive,Neurology,5
1583,dealing with sweating vomiting pain chest breathlessness,Cardiology,0
1584,i think it's fever diarrhoea pain abdominal urine of joint dark nausea muscle yellowish mild appetite of pain skin eyes pain yellowing loss,Gastroenterology,3
1585,dealing with vision visual neck and disturbances depression blurred hunger irritability excessive distorted acidity stiff indigestion,Neurology,5
1586,having small peeling skin joint nails rash in pain like silver skin dusting dents,Dermatology,1
1587,having urine feel smell bladder foul discomfort urine of burning micturition continuous of,Urology,8
1588,experiencing skin itching fever high body loss nodes appetite swelled lethargy spots rash lymph over of fever mild headache fatigue malaise red,Infectious,4
1589,i have skin inflammatory small silver peeling skin joint in nails pain rash dents like dusting nails,Dermatology,1
1590,suffering from limbs in pain dizziness back balance of neck loss pain weakness,Neurology,5
1591,i think it's internal passage itching abdominal loss gases pain vomiting of of appetite indigestion,Gastroenterology,3
1592,i have yellowish transfusion yellow eyes receiving abdominal malaise fatigue receiving pain loss blood urine dark skin of injections of lethargy itching unsterile appetite urine yellowing,Gastroenterology,3
1593,suffering from fatigue of abdominal eyes injections loss transfusion yellowish dark urine receiving pain receiving appetite of yellowing skin itching blood yellow urine lethargy unsterile malaise,Gastroenterology,3
1594,suffering from appetite nausea skin urine eyes muscle dark of mild pain yellowish diarrhoea vomiting yellowing abdominal joint of fever pain pain loss,Gastroenterology,3
1595,having pain itching abdominal fatigue dark urine fever loss vomiting high weight,Gastroenterology,3
1596,my main issue is skin dischromic itching rash patches,Dermatology,1
1597,my main issue is family fever mucoid sputum fatigue breathlessness history high,Pulmonology,7
1598,my main issue is loss appetite fatigue of of skin history yellowing nausea eyes family yellowish,Gastroenterology,3
1599,i feel fatigue loss blood appetite pain injections skin lethargy urine receiving yellow malaise of transfusion eyes yellowish yellowing of itching dark receiving abdominal urine unsterile lately,Gastroenterology,3
1600,experiencing spotting micturition pain skin rash itching burning stomach urination,Dermatology,1
1601,experiencing urination pain itching stomach rash micturition skin burning spotting,Dermatology,1
1602,i think it's chills malaise chest fast heart breathlessness sputum fatigue pain fever sweating rusty high cough rate phlegm,Pulmonology,7
1603,i am having neck joint joints swelling joint pain pain painful pain walking knee hip pain,Orthopedics,6
1604,i feel sweating pain chest breathlessness lately,Cardiology,0
1605,i am having around ooze rash yellow sore red high blister fever crust nose skin,Dermatology,1
1606,suffering from of stomach urine yellowing pain bleeding acute eyes of abdominal pain joint fatigue loss nausea fever high dark failure appetite yellowish liver skin coma vomiting,Gastroenterology,3
1607,i feel vomiting chest pain breathlessness lately,Cardiology,0
1608,suffering from abnormal diarrhoea irritability excessive weakness fatigue swings sweating hunger muscle weight restlessness menstruation loss mood,Endocrinology,2
1609,i think it's watering eyes shivering sneezing continuous from,Dermatology,1
1610,i think it's body joint red fever rash over pain pain chills fatigue spots of pain back behind nausea headache appetite high muscle skin pain loss the vomiting malaise eyes,Infectious,4
1611,feeling rate chills heart phlegm chest sweating rusty cough pain fast breathlessness malaise fatigue high sputum fever,Pulmonology,7
1612,i have spots fever nodes mild swelled rash of lymph headache loss itching fatigue over malaise lethargy skin appetite fever body red high,Infectious,4
1613,dealing with rusty breathlessness fever fatigue chills fast sweating phlegm heart sputum malaise chest pain high rate,Pulmonology,7
1614,i feel nausea abdominal look toxic chills high pain headache fatigue diarrhoea belly (typhos) pain fever constipation lately,Infectious,4
1615,dealing with and blurred hunger headache excessive disturbances neck vision distorted visual stiff depression acidity indigestion irritability,Neurology,5
1616,my main issue is throat wasting patches contacts extra marital in high muscle fever,Infectious,4
1617,i think it's filled scurring pus blackheads skin pimples rash,Dermatology,1
1618,i think it's fever fatigue sputum high breathlessness mucoid cough family history,Pulmonology,7
1619,i have sunken eyes diarrhoea vomiting dehydration,Gastroenterology,3
1620,having muscle sweating restlessness weight weakness swings diarrhoea heart mood fast loss abnormal fatigue irritability rate menstruation,Endocrinology,2
1621,i have headache of body side weakness altered vomiting one sensorium,Neurology,5
1622,i think it's in balance back of limbs weakness pain dizziness loss,Neurology,5
1623,suffering from vomiting pain chest on cough stomach ulcers tongue pain,Gastroenterology,3
1624,i have eyes appetite receiving yellowing of dark transfusion injections itching blood skin fatigue abdominal of yellow unsterile receiving lethargy urine pain malaise loss yellowish urine,Gastroenterology,3
1625,dealing with congestion fever pain of chest swelled continuous sinus sneezing high lymph of pressure loss nodes irritation redness eyes phlegm smell chills pain muscle malaise fatigue nose runny cough throat,Pulmonology,7
1626,feeling movement joints stiff neck weakness painful swelling walking muscle stiffness,Orthopedics,6
1627,i am having micturition burning spotting rash urination pain itching skin stomach,Dermatology,1
1628,dealing with dischromic itching skin patches eruptions nodal skin rash,Dermatology,1
1629,i think it's fever swelled nodes pain chills nose irritation fatigue lymph loss throat pressure continuous muscle redness of runny malaise phlegm chest headache pain sneezing smell cough congestion sinus high of eyes,Pulmonology,7
1630,suffering from and mood and brittle dizziness face weight abnormal gain hands swollen menstruation fatigue puffy thyroid eyes depression feets cold irritability nails swings extremeties enlarged,Endocrinology,2
1631,i have sputum fatigue fever breathlessness cough family history mucoid high,Pulmonology,7
1632,i feel abdominal yellowish dark fever pain loss urine fatigue high itching weight skin lately,Gastroenterology,3
1633,suffering from eruptions dischromic skin patches nodal itching,Dermatology,1
1634,having itching fatigue urine yellowish skin dark abdominal fever weight loss high pain,Gastroenterology,3
1635,my main issue is redness pain of nose eyes continuous fever pressure of high smell swelled chills fatigue phlegm headache runny loss sneezing lymph nodes muscle chest sinus malaise throat irritation pain cough congestion,Pulmonology,7
1636,i think it's blood cramps calf prominent on veins fatigue vessels obesity swollen bruising,Cardiology,0
1637,experiencing body appetite loss headache spots fatigue fever rash skin swelled malaise over fever of red nodes mild itching high lymph lethargy,Infectious,4
1638,experiencing fever skin ooze crust high rash around blister nose sore red yellow,Dermatology,1
1639,i have skin blackheads pimples filled rash scurring pus,Dermatology,1
1640,experiencing malaise of urine abdominal dark of yellowish injections loss urine skin unsterile pain eyes yellowing appetite blood fatigue yellow transfusion lethargy receiving itching receiving,Gastroenterology,3
1641,having yellowish loss eyes of yellowing family nausea of fatigue appetite skin history,Gastroenterology,3
1642,my main issue is breathlessness high sputum in yellowing weight of blood vomiting fatigue cough loss lymph sweating fever loss swelled chills chest of malaise appetite mild fever eyes pain nodes phlegm,Pulmonology,7
1643,dealing with skin appetite family nausea history yellowish of loss fatigue,Gastroenterology,3
1644,my main issue is cough phlegm weight yellowing in swelled loss lymph breathlessness appetite fever fatigue malaise high sweating mild pain chest vomiting chills of eyes sputum blood of fever loss nodes,Pulmonology,7
1645,i have rash scurring skin blackheads,Dermatology,1
1646,i think it's side of one vomiting sensorium altered weakness headache body,Neurology,5
1647,my main issue is breathlessness in of chest loss high fever malaise weight mild lymph appetite yellowing sputum of cough swelled loss fatigue pain fever sweating chills blood eyes nodes vomiting phlegm,Pulmonology,7
1648,i think it's urine yellowing pain injections of blood urine fatigue unsterile malaise receiving yellowish yellow appetite eyes skin abdominal transfusion of lethargy dark loss receiving,Gastroenterology,3
1649,dealing with continuous chills watering shivering sneezing from eyes,Dermatology,1
1650,having rash skin itching eruptions nodal dischromic patches skin,Dermatology,1
1651,my main issue is distention of of skin fluid history stomach swelling yellowish vomiting overload abdominal alcohol pain of abdomen consumption,Gastroenterology,3
1652,i have neck pain hip pain knee painful joint walking pain swelling pain joint joints,Orthopedics,6
1653,i think it's on veins calf legs obesity swollen blood fatigue prominent cramps swollen vessels,Cardiology,0
1654,i think it's skin distention of pain vomiting of overload swelling abdomen yellowish fluid stomach abdominal,Gastroenterology,3
1655,feeling of burning micturition continuous urine bladder feel discomfort,Urology,8
1656,dealing with crust fever around red high ooze rash skin sore yellow nose,Dermatology,1
1657,dealing with appetite fever vomiting weight of in pain yellowing mild fatigue malaise swelled high cough loss phlegm lymph eyes loss blood nodes sweating sputum chills of chest fever breathlessness,Pulmonology,7
1658,dealing with continuous from watering eyes shivering sneezing,Dermatology,1
1659,suffering from chest breathlessness pain sweating,Cardiology,0
1660,i am having family fever history mucoid breathlessness sputum high cough,Pulmonology,7
1661,i have sputum mucoid high family fever cough history fatigue breathlessness,Pulmonology,7
1662,i think it's headache body side vomiting altered weakness one sensorium of,Neurology,5
1663,i think it's shivering continuous sneezing chills,Dermatology,1
1664,i think it's red high sore nose skin fever rash blister around,Dermatology,1
1665,i am having joint pain appetite of loss pain yellowing of nausea vomiting yellowish abdominal eyes fatigue skin,Gastroenterology,3
1666,experiencing palpitations nausea fatigue and vomiting slurred hunger sweating headache vision lips excessive drying blurred distorted anxiety irritability speech and tingling,Endocrinology,2
1667,having of itching over lethargy lymph malaise high body rash appetite nodes headache skin red swelled loss spots fever fatigue,Infectious,4
1668,suffering from pain vomiting mild yellowing appetite eyes fever of of joint dark loss skin pain urine abdominal pain muscle diarrhoea yellowish,Gastroenterology,3
1669,i am having loss back dizziness neck weakness in of pain limbs pain balance,Neurology,5
1670,feeling urination rash spotting skin itching micturition burning,Dermatology,1
1671,i think it's pain yellowish coma acute appetite fatigue high loss of abdominal joint vomiting skin of stomach yellowing eyes failure urine nausea fever dark liver pain bleeding,Gastroenterology,3
1672,my main issue is nodal dischromic skin patches itching eruptions skin rash,Dermatology,1
1673,feeling nodes skin swelled malaise fever lymph fever fatigue body lethargy high appetite red spots mild loss of over itching rash headache,Infectious,4
1674,experiencing high abdominal itching dark pain yellowish fatigue fever loss vomiting weight urine skin,Gastroenterology,3
1675,i am having blood of malaise loss appetite nodes swelled sputum chest phlegm fatigue loss sweating vomiting lymph chills eyes pain yellowing in mild breathlessness of fever cough weight,Pulmonology,7
1676,i feel loss yellowish skin history eyes appetite family nausea yellowing of of lately,Gastroenterology,3
1677,i have muscle contacts marital high in fever throat wasting patches extra,Infectious,4
1678,i have eyes cold mood brittle hands irritability weight face thyroid and depression feets enlarged gain puffy dizziness menstruation swollen abnormal nails lethargy swings and extremeties fatigue,Endocrinology,2
1679,suffering from depression face fatigue menstruation hands swollen lethargy weight extremeties and brittle mood swings cold gain feets nails irritability enlarged thyroid puffy eyes and abnormal,Endocrinology,2
1680,my main issue is breathlessness loss yellowing fatigue chest sweating chills of vomiting fever mild appetite phlegm swelled eyes blood lymph of malaise cough fever sputum weight pain loss high in nodes,Pulmonology,7
1681,my main issue is continuous eyes chills shivering from watering sneezing,Dermatology,1
1682,experiencing transfusion skin urine appetite unsterile fatigue loss yellow of receiving abdominal pain eyes dark itching lethargy yellowish of yellowing blood injections malaise urine receiving,Gastroenterology,3
1683,my main issue is rash fever blister red skin high around nose sore,Dermatology,1
1684,suffering from skin dischromic eruptions skin nodal patches itching rash,Dermatology,1
1685,suffering from calf prominent bruising swollen vessels fatigue swollen on legs obesity blood cramps veins,Cardiology,0
1686,having swollen vessels legs bruising prominent on blood swollen calf veins obesity cramps,Cardiology,0
1687,i have muscle diarrhoea vomiting headache sweating fever pain chills high nausea,Infectious,4
1688,i am having in sweating of fever lymph malaise vomiting high swelled fatigue phlegm appetite of eyes mild blood loss yellowing cough loss breathlessness sputum chills fever pain nodes chest weight,Pulmonology,7
1689,having yellowish pain liver high acute fatigue nausea vomiting bleeding of failure pain stomach dark abdominal skin coma appetite urine eyes of yellowing fever loss joint,Gastroenterology,3
1690,dealing with patches rash dischromic skin itching,Dermatology,1
1691,dealing with from shivering chills sneezing watering continuous eyes,Dermatology,1
1692,feeling yellow blister around red crust sore ooze nose skin fever rash high,Dermatology,1
1693,i think it's joint small nails dusting pain dents like rash silver skin inflammatory skin nails peeling in,Dermatology,1
1694,suffering from breathlessness sweating pain chest vomiting,Cardiology,0
1695,i feel nose chest nodes throat of runny malaise headache continuous eyes pain redness cough high irritation chills loss pressure phlegm lymph muscle smell pain swelled congestion of fever fatigue sinus sneezing lately,Pulmonology,7
1696,having of abdominal coma high fatigue pain fever failure joint yellowish urine acute loss stomach of yellowing vomiting dark bleeding liver pain eyes nausea appetite skin,Gastroenterology,3
1697,i feel breathlessness pain chest sweating vomiting lately,Cardiology,0
1698,my main issue is pain body pain joint skin behind fever headache back malaise appetite spots muscle rash nausea chills pain high of vomiting red pain loss over eyes the fatigue,Infectious,4
1699,experiencing skin pimples pus blackheads rash filled,Dermatology,1
1700,i have skin eruptions dischromic patches itching rash nodal skin,Dermatology,1
1701,having small rash silver pain skin dents inflammatory skin in nails dusting joint like nails peeling,Dermatology,1
1702,having fever nose runny smell congestion fatigue eyes cough pressure irritation chills headache high swelled nodes pain continuous sneezing pain loss lymph muscle phlegm redness sinus malaise of throat chest of,Pulmonology,7
1703,having loss internal appetite of pain vomiting indigestion itching of abdominal gases passage,Gastroenterology,3
1704,dealing with high of fever rash fever lymph lethargy red fatigue malaise nodes spots swelled loss mild skin over headache appetite body,Infectious,4
1705,suffering from red pain eyes pain nausea vomiting appetite behind high of fever headache loss pain spots fatigue body back over malaise chills the rash joint muscle pain skin,Infectious,4
1706,i feel one headache altered vomiting sensorium of side body weakness lately,Neurology,5
1707,dealing with toxic pain fever (typhos) diarrhoea fatigue look nausea pain chills constipation vomiting high abdominal belly headache,Infectious,4
1708,experiencing dusting pain rash skin nails peeling like silver joint inflammatory skin,Dermatology,1
1709,experiencing history yellowing family loss skin of fatigue of appetite nausea yellowish eyes,Gastroenterology,3
1710,i think it's fever dark loss appetite pain muscle of vomiting pain mild joint of diarrhoea urine yellowish skin pain nausea yellowing eyes abdominal,Gastroenterology,3
1711,feeling history high sputum fatigue fever cough breathlessness family mucoid,Pulmonology,7
1712,suffering from high (typhos) diarrhoea headache toxic chills look abdominal constipation pain fatigue pain nausea fever belly vomiting,Infectious,4
1713,feeling fever fatigue breathlessness high family history cough,Pulmonology,7
1714,i think it's sweating pain chest vomiting,Cardiology,0
1715,feeling abnormal enlarged gain cold hands swollen depression and irritability lethargy feets thyroid face nails extremeties dizziness fatigue weight mood eyes and swings brittle puffy menstruation,Endocrinology,2
1716,having and mood dizziness weight thyroid lethargy swollen enlarged and irritability feets abnormal cold gain face depression swings nails extremeties eyes brittle hands puffy menstruation,Endocrinology,2
1717,i think it's nails silver joint skin rash nails like dents in pain small inflammatory peeling dusting skin,Dermatology,1
1718,i am having one of vomiting headache sensorium side altered weakness body,Neurology,5
1719,my main issue is weakness back limbs pain in of pain dizziness neck loss balance,Neurology,5
1720,feeling stiffness weakness swelling painful joints neck movement stiff muscle walking,Orthopedics,6
1721,having eyes family history of skin fatigue nausea yellowish yellowing,Gastroenterology,3
1722,feeling like skin joint in rash silver inflammatory nails pain small nails dents dusting skin peeling,Dermatology,1
1723,experiencing altered headache vomiting sensorium,Neurology,5
1724,experiencing lymph nodes of chills loss eyes pain in vomiting sweating blood high fever fever yellowing loss fatigue cough mild sputum breathlessness of swelled chest malaise appetite phlegm weight,Pulmonology,7
1725,my main issue is crust nose fever red blister around yellow skin sore high rash ooze,Dermatology,1
1726,dealing with distorted headache neck stiff depression vision disturbances and irritability hunger acidity indigestion blurred excessive visual,Neurology,5
1727,i am having loss skin high malaise rash fatigue over pain red spots headache body chills the joint appetite pain fever pain nausea eyes of vomiting back behind pain muscle,Infectious,4
1728,experiencing vomiting altered headache side one of weakness body sensorium,Neurology,5
1729,i feel mucoid breathlessness fatigue sputum family fever cough high history lately,Pulmonology,7
1730,suffering from pain dark of loss of yellowing yellowish joint skin appetite urine eyes fatigue nausea pain vomiting abdominal,Gastroenterology,3
1731,i feel fatigue eyes nausea of pain abdominal yellowish appetite vomiting skin urine dark loss of yellowing lately,Gastroenterology,3
1732,i think it's filled pimples pus blackheads skin scurring rash,Dermatology,1
1733,i have swelled loss pain in malaise appetite yellowing nodes mild weight lymph fever sweating breathlessness cough blood of of high sputum eyes fever fatigue phlegm vomiting chest loss,Pulmonology,7
1734,my main issue is abdominal urine skin pain fever vomiting high dark fatigue weight yellowish itching loss,Gastroenterology,3
1735,i have skin itching eruptions skin nodal rash,Dermatology,1
1736,dealing with of skin mild over lymph fever spots appetite malaise body loss itching headache swelled nodes fatigue red lethargy rash,Infectious,4
1737,dealing with sputum breathlessness fatigue malaise rusty chest cough chills phlegm fast sweating rate pain heart high fever,Pulmonology,7
1738,i have chills eyes watering from continuous shivering sneezing,Dermatology,1
1739,suffering from sweating fever diarrhoea muscle vomiting high pain chills nausea headache,Infectious,4
1740,i think it's fatigue pain belly fever toxic vomiting chills diarrhoea (typhos) pain abdominal headache look high nausea,Infectious,4
1741,i think it's gain enlarged swings and mood thyroid irritability abnormal swollen cold puffy brittle eyes nails menstruation feets lethargy extremeties face depression dizziness fatigue weight and hands,Endocrinology,2
1742,i feel sore ooze blister nose red around high crust rash skin yellow fever lately,Dermatology,1
1743,i have nose around high sore red yellow crust skin ooze rash fever blister,Dermatology,1
1744,suffering from yellowing malaise phlegm chills weight appetite cough lymph sputum fatigue of loss chest vomiting in mild swelled blood loss of pain eyes nodes fever sweating breathlessness,Pulmonology,7
1745,i have in neck back limbs pain of dizziness weakness balance loss pain,Neurology,5
1746,i have mood loss muscle weight excessive fast hunger weakness heart fatigue diarrhoea sweating swings abnormal rate menstruation restlessness irritability,Endocrinology,2
1747,having constipation belly pain headache fatigue fever vomiting abdominal high pain diarrhoea chills nausea,Infectious,4
1748,suffering from speech vomiting sweating and anxiety fatigue hunger drying lips headache tingling palpitations blurred slurred nausea vision irritability and excessive distorted,Endocrinology,2
1749,my main issue is pain look high nausea abdominal fatigue belly (typhos) pain vomiting chills toxic diarrhoea headache constipation fever,Infectious,4
1750,suffering from headache high muscle nausea fever pain chills sweating vomiting diarrhoea,Infectious,4
1751,feeling vomiting sunken dehydration eyes diarrhoea,Gastroenterology,3
1752,feeling mood depression abnormal gain brittle face and hands irritability and eyes menstruation extremeties cold feets swollen thyroid enlarged dizziness nails puffy weight lethargy swings fatigue,Endocrinology,2
1753,i think it's micturition urination pain stomach itching spotting burning,Dermatology,1
1754,feeling diarrhoea eyes dehydration sunken,Gastroenterology,3
1755,feeling fever contacts high marital in extra patches wasting throat muscle,Infectious,4
1756,i feel pain chest on acidity cough pain stomach ulcers tongue vomiting lately,Gastroenterology,3
1757,having eyes family appetite history loss of skin nausea yellowish yellowing of,Gastroenterology,3
1758,having mucoid fatigue cough family history breathlessness sputum fever high,Pulmonology,7
1759,suffering from appetite fatigue malaise itching skin mild of spots high headache rash over lymph fever nodes fever body swelled lethargy red loss,Infectious,4
1760,dealing with pus blackheads rash filled skin pimples scurring,Dermatology,1
1761,i have chills nodes mild malaise high cough in sweating sputum pain fatigue appetite phlegm loss yellowing of vomiting loss blood chest swelled eyes of fever lymph fever weight breathlessness,Pulmonology,7
1762,i am having history yellowish fatigue loss of nausea skin appetite family,Gastroenterology,3
1763,dealing with like skin small peeling joint in skin nails nails rash dents dusting pain silver inflammatory,Dermatology,1
1764,feeling breathlessness sweating pain chest vomiting,Cardiology,0
1765,i have pain fever nausea mild of yellowing urine pain pain of loss appetite diarrhoea skin yellowish dark vomiting abdominal eyes muscle joint,Gastroenterology,3
1766,having congestion fatigue pressure nose sinus pain sneezing malaise fever throat loss cough swelled smell high continuous of muscle eyes chest redness irritation pain of runny phlegm nodes headache chills lymph,Pulmonology,7
1767,having appetite loss lymph swelled malaise lethargy headache spots mild red over itching body skin of nodes fatigue rash fever fever high,Infectious,4
1768,i am having peeling dents nails silver nails in small pain skin like dusting joint inflammatory,Dermatology,1
1769,i think it's fatigue sweating chills rate fast malaise sputum fever heart chest pain phlegm rusty cough high,Pulmonology,7
1770,suffering from vomiting eyes diarrhoea dehydration sunken,Gastroenterology,3
1771,experiencing rate pain heart high sweating cough fatigue fever sputum rusty phlegm fast malaise breathlessness chills chest,Pulmonology,7
1772,i have pain joint neck walking pain knee pain joints pain joint painful swelling hip,Orthopedics,6
1773,experiencing appetite pain vomiting the muscle fatigue of spots fever red eyes back skin body chills over pain nausea loss headache pain joint high malaise behind rash pain,Infectious,4
1774,i think it's vessels obesity fatigue blood prominent bruising cramps swollen veins legs swollen on calf,Cardiology,0
1775,i think it's weight in nodes high of sputum yellowing malaise loss blood fatigue fever fever of loss chest sweating vomiting mild phlegm appetite chills eyes cough lymph pain breathlessness swelled,Pulmonology,7
1776,suffering from sneezing continuous chills eyes from shivering watering,Dermatology,1
1777,dealing with stomach skin itching rash pain spotting urination,Dermatology,1
1778,my main issue is blackheads scurring pus rash skin pimples filled,Dermatology,1
1779,experiencing pain breathlessness chest sweating vomiting,Cardiology,0
1780,having fatigue loss bleeding abdominal joint stomach skin nausea urine coma vomiting fever acute eyes appetite high pain dark pain of failure of yellowish yellowing liver,Gastroenterology,3
1781,i am having look vomiting belly pain pain toxic abdominal high headache chills diarrhoea fatigue (typhos) fever constipation,Infectious,4
1782,i have nausea sweating high fever chills pain vomiting muscle headache diarrhoea,Infectious,4
1783,my main issue is pain abdominal vomiting fatigue chills nausea fever high look headache toxic (typhos) diarrhoea constipation,Infectious,4
1784,i am having rash around nose ooze red high sore blister skin yellow crust fever,Dermatology,1
1785,dealing with rash ooze blister crust fever high yellow skin,Dermatology,1
1786,i think it's joints walking stiffness movement neck painful stiff swelling,Orthopedics,6
1787,dealing with discomfort of feel urine urine continuous foul bladder smell of,Urology,8
1788,feeling loss appetite indigestion itching of pain of internal abdominal passage vomiting gases,Gastroenterology,3
1789,i am having belly constipation fever high diarrhoea vomiting headache fatigue nausea pain (typhos) chills look toxic,Infectious,4
1790,i am having of dizziness balance back weakness in neck limbs loss pain pain,Neurology,5
1791,i think it's in joint nails skin inflammatory pain small nails peeling skin dents rash,Dermatology,1
1792,i feel fluid stomach alcohol swelling distention skin overload yellowish of consumption abdominal of vomiting abdomen of history pain lately,Gastroenterology,3
1793,i am having fever weight skin urine loss high pain dark vomiting yellowish fatigue abdominal,Gastroenterology,3
1794,i have muscle patches throat high wasting fever in extra contacts marital,Infectious,4
1795,i have urine of malaise abdominal pain skin yellowish fatigue receiving eyes transfusion blood appetite itching loss receiving yellow urine injections lethargy unsterile yellowing of dark,Gastroenterology,3
1796,i am having disturbances acidity excessive distorted vision and stiff neck irritability indigestion headache hunger blurred depression visual,Neurology,5
1797,dealing with high history mucoid fever family cough sputum fatigue breathlessness,Pulmonology,7
1798,i feel diarrhoea sunken vomiting dehydration eyes lately,Gastroenterology,3
1799,i think it's fatigue history breathlessness fever sputum cough family mucoid high,Pulmonology,7
1800,dealing with fever breathlessness sputum family high history mucoid cough fatigue,Pulmonology,7
1801,feeling diarrhoea dehydration eyes vomiting sunken,Gastroenterology,3
1802,suffering from dehydration vomiting eyes diarrhoea sunken,Gastroenterology,3
1803,i think it's fatigue pain yellowish fever vomiting high itching skin weight loss abdominal,Gastroenterology,3
1804,i think it's fatigue weakness muscle hunger swings restlessness loss diarrhoea sweating rate menstruation weight mood heart abnormal excessive fast irritability,Endocrinology,2
1805,feeling red skin ooze sore around crust yellow blister rash nose,Dermatology,1
1806,having joint pain joints neck painful knee joint swelling walking pain pain pain hip,Orthopedics,6
1807,having joint of yellowing bleeding fatigue fever failure urine skin eyes loss liver high nausea pain abdominal dark coma pain stomach acute vomiting yellowish of appetite,Gastroenterology,3
1808,i have sweating chest rate high breathlessness pain chills fever malaise cough fast sputum rusty heart phlegm fatigue,Pulmonology,7
1809,i have extra fever wasting high muscle marital contacts,Infectious,4
1810,i feel swelling walking painful muscle weakness stiffness neck stiff movement joints lately,Orthopedics,6
1811,suffering from joint pain inflammatory dusting in like small rash skin peeling skin nails nails silver dents,Dermatology,1
1812,suffering from pain joint knee painful pain swelling neck pain joints joint hip walking pain,Orthopedics,6
1813,i feel chest rusty phlegm fever pain sputum chills high rate fast sweating heart fatigue malaise breathlessness lately,Pulmonology,7
1814,my main issue is diarrhoea pain of of abdominal yellowing pain vomiting yellowish eyes pain muscle dark joint nausea appetite urine mild skin loss fever,Gastroenterology,3
1815,i think it's spots nodes headache fever loss malaise rash swelled lethargy body skin itching appetite of mild lymph fever red high over,Infectious,4
1816,i think it's muscle painful neck weakness movement swelling stiff stiffness walking joints,Orthopedics,6
1817,i have eyes shivering sneezing watering continuous chills from,Dermatology,1
1818,experiencing extra high in throat marital fever wasting patches contacts muscle,Infectious,4
1819,experiencing loss nodes pain loss blood high eyes breathlessness fatigue sweating sputum of in fever cough phlegm appetite lymph yellowing vomiting malaise of mild chills fever swelled weight chest,Pulmonology,7
1820,having shivering from eyes chills sneezing continuous watering,Dermatology,1
1821,dealing with dark vomiting abdominal muscle eyes of pain urine skin mild joint yellowish pain loss fever nausea pain of yellowing appetite diarrhoea,Gastroenterology,3
1822,i am having of body altered headache one side weakness sensorium vomiting,Neurology,5
1823,suffering from toxic fatigue headache look diarrhoea constipation pain (typhos) fever chills nausea belly pain abdominal high vomiting,Infectious,4
1824,i feel yellow pain appetite injections receiving fatigue itching transfusion yellowing skin eyes lethargy unsterile abdominal yellowish of blood malaise receiving of urine loss lately,Gastroenterology,3
1825,suffering from vomiting high pain chills nausea fever diarrhoea headache sweating muscle,Infectious,4
1826,i feel alcohol history distention overload abdominal stomach swelling of skin abdomen yellowish consumption vomiting pain fluid of of lately,Gastroenterology,3
1827,i feel of fever in pain swelled appetite phlegm breathlessness vomiting nodes sweating yellowing malaise cough of loss eyes weight lymph chills loss fatigue blood mild fever high sputum chest lately,Pulmonology,7
1828,having abdominal yellowish pain vomiting fever dark urine weight loss high itching skin fatigue,Gastroenterology,3
1829,i think it's muscle high diarrhoea sweating nausea fever vomiting pain headache chills,Infectious,4
1830,my main issue is heart rusty cough pain chest sweating chills fatigue high fever sputum breathlessness fast rate malaise phlegm,Pulmonology,7
1831,dealing with skin of abdominal consumption distention pain of alcohol of vomiting history swelling yellowish fluid stomach overload abdomen,Gastroenterology,3
1832,i am having eyes pain vomiting nausea fatigue of urine yellowish of abdominal joint yellowing dark skin pain loss appetite,Gastroenterology,3
1833,dealing with wasting extra contacts patches throat high muscle in fever marital,Infectious,4
1834,having nausea abdominal belly look fever chills vomiting fatigue toxic diarrhoea pain headache pain (typhos) constipation high,Infectious,4
1835,i think it's cough pain of blood chills in breathlessness yellowing sputum nodes loss of chest eyes lymph swelled mild phlegm fever high fatigue appetite malaise loss fever sweating weight,Pulmonology,7
1836,i feel extra fever marital in patches wasting high muscle contacts throat lately,Infectious,4
1837,experiencing gases loss itching appetite abdominal passage of internal of pain vomiting indigestion,Gastroenterology,3
1838,experiencing injections of fatigue receiving urine transfusion skin loss yellowing appetite blood pain yellow receiving urine eyes of unsterile malaise abdominal itching dark lethargy yellowish,Gastroenterology,3
1839,suffering from sweating headache nausea diarrhoea fever vomiting high muscle pain chills,Infectious,4
1840,having eyes of dark vomiting nausea pain yellowing fatigue joint skin urine abdominal yellowish pain,Gastroenterology,3
1841,i am having limbs pain neck in balance pain weakness dizziness back loss of,Neurology,5
1842,experiencing diarrhoea abdominal pain high vomiting fatigue chills (typhos) toxic fever look headache nausea constipation,Infectious,4
1843,dealing with veins obesity swollen bruising legs fatigue blood swollen calf vessels on prominent cramps,Cardiology,0
1844,my main issue is mild sweating lymph sputum pain of yellowing blood eyes fever chest cough loss nodes of vomiting chills phlegm swelled breathlessness weight loss fatigue malaise in appetite,Pulmonology,7
1845,experiencing of loss yellowing appetite skin yellowish fatigue of nausea eyes,Gastroenterology,3
1846,dealing with yellow around nose skin sore fever crust blister red rash high ooze,Dermatology,1
1847,i am having red nose high sore blister fever crust yellow around ooze,Dermatology,1
1848,feeling diarrhoea dehydration vomiting sunken eyes,Gastroenterology,3
1849,my main issue is pain acidity pain vomiting stomach chest cough on tongue ulcers,Gastroenterology,3
1850,dealing with urine vomiting nausea of fever stomach coma yellowish pain fatigue pain bleeding dark loss appetite skin eyes of abdominal high yellowing joint,Gastroenterology,3
1851,feeling swollen calf bruising obesity swollen cramps on legs fatigue prominent veins blood vessels,Cardiology,0
1852,i feel chest breathlessness pain vomiting sweating lately,Cardiology,0
1853,having neck weakness walking swelling painful movement stiff muscle stiffness joints,Orthopedics,6
1854,i am having pain chills of swelled redness nose loss phlegm fever continuous of malaise headache sneezing nodes cough sinus irritation high chest eyes pain smell fatigue throat runny lymph congestion muscle pressure,Pulmonology,7
1855,i am having of indigestion loss abdominal appetite gases itching vomiting passage of pain internal,Gastroenterology,3
1856,feeling dehydration eyes diarrhoea sunken vomiting,Gastroenterology,3
1857,i feel cough chest malaise breathlessness heart fatigue rate high chills pain sweating fever sputum phlegm rusty fast lately,Pulmonology,7
1858,i am having breathlessness chest pain sweating,Cardiology,0
1859,i am having acidity pain pain ulcers vomiting cough stomach tongue on chest,Gastroenterology,3
1860,i think it's nausea belly diarrhoea (typhos) high look vomiting fever abdominal chills headache pain constipation fatigue pain toxic,Infectious,4
1861,dealing with fatigue breathlessness high family sputum mucoid history cough fever,Pulmonology,7
1862,my main issue is nodal patches rash skin skin eruptions dischromic,Dermatology,1
1863,i am having thyroid fatigue mood weight depression and swollen lethargy cold nails irritability dizziness extremeties enlarged swings abnormal gain menstruation brittle feets hands,Endocrinology,2
1864,having of pain chills headache smell loss throat eyes congestion cough continuous chest malaise phlegm sneezing pressure nodes lymph redness nose of fatigue high runny swelled sinus muscle irritation fever pain,Pulmonology,7
1865,experiencing sweating headache diarrhoea vomiting fever high chills nausea pain muscle,Infectious,4
1866,i am having neck pain pain pain swelling joints hip knee joint pain walking painful joint,Orthopedics,6
1867,dealing with the pain eyes muscle headache fatigue high malaise skin fever pain pain of rash spots pain back behind chills red body vomiting over nausea appetite joint loss,Infectious,4
1868,i think it's family mucoid breathlessness cough fatigue sputum high history fever,Pulmonology,7
1869,suffering from ulcers chest vomiting stomach pain cough acidity pain on tongue,Gastroenterology,3
1870,i am having loss cough fatigue in malaise of swelled blood yellowing sweating phlegm breathlessness pain chills vomiting mild sputum eyes fever lymph appetite fever of nodes loss chest weight high,Pulmonology,7
1871,i have chills sneezing shivering continuous,Dermatology,1
1872,dealing with irritability hunger excessive lips drying fatigue speech distorted headache and anxiety nausea blurred slurred sweating tingling and palpitations vision vomiting,Endocrinology,2
1873,experiencing in balance back loss weakness dizziness pain limbs of,Neurology,5
1874,i have headache sweating fever muscle chills high nausea pain diarrhoea vomiting,Infectious,4
1875,i am having eyes loss urine pain skin dark pain joint abdominal yellowish nausea of fatigue appetite yellowing of,Gastroenterology,3
1876,i have sweating fatigue palpitations drying distorted headache slurred excessive vision and blurred vomiting anxiety irritability tingling nausea speech hunger lips and,Endocrinology,2
1877,suffering from blood bruising swollen legs calf on prominent cramps swollen veins obesity vessels,Cardiology,0
1878,suffering from pain neck dizziness limbs of in balance weakness loss,Neurology,5
1879,i have appetite yellow transfusion receiving dark of skin yellowing pain itching eyes yellowish lethargy receiving injections urine unsterile loss fatigue blood of abdominal malaise urine,Gastroenterology,3
1880,i think it's stiff swelling muscle weakness joints movement stiffness painful walking neck,Orthopedics,6
1881,suffering from yellowish itching urine abdominal malaise pain receiving of yellowing urine fatigue blood lethargy yellow unsterile skin injections transfusion eyes dark receiving,Gastroenterology,3
1882,suffering from pain joint joint knee hip walking swelling joints painful pain pain,Orthopedics,6
1883,i think it's injections urine lethargy itching receiving transfusion loss urine yellowing of fatigue appetite abdominal eyes of malaise pain receiving unsterile skin blood yellowish dark yellow,Gastroenterology,3
1884,i am having (typhos) headache belly nausea toxic fever chills fatigue abdominal pain look constipation high diarrhoea pain vomiting,Infectious,4
1885,i have feets face weight and cold depression nails puffy thyroid lethargy gain dizziness fatigue abnormal and eyes swings extremeties mood hands brittle enlarged swollen menstruation irritability,Endocrinology,2
1886,i am having malaise chills fever rusty fast sputum phlegm high pain heart cough fatigue chest breathlessness sweating rate,Pulmonology,7
1887,experiencing look headache pain constipation fever high nausea toxic pain abdominal chills fatigue (typhos) belly diarrhoea vomiting,Infectious,4
1888,i have feel foul urine continuous urine smell of discomfort of bladder,Urology,8
1889,feeling neck swelling pain joint knee joint joints hip pain walking painful pain pain,Orthopedics,6
1890,dealing with eyes throat irritation runny chest malaise high lymph pain redness sinus muscle of of headache chills smell continuous phlegm congestion pressure swelled nodes fatigue pain fever nose loss sneezing,Pulmonology,7
1891,having breathlessness family sputum history fever mucoid cough high fatigue,Pulmonology,7
1892,i am having loss congestion high pain nodes redness smell irritation phlegm continuous of muscle cough pressure fever sneezing chills lymph chest throat swelled pain headache fatigue runny of eyes malaise nose sinus,Pulmonology,7
1893,my main issue is pain of overload abdominal of skin alcohol consumption vomiting history yellowish stomach swelling fluid,Gastroenterology,3
1894,my main issue is obesity veins vessels prominent legs fatigue swollen cramps swollen on blood bruising calf,Cardiology,0
1895,i think it's over spots behind skin of nausea pain eyes vomiting joint fever malaise appetite rash high red muscle pain loss pain the headache pain fatigue body back,Infectious,4
1896,dealing with on tongue ulcers cough stomach pain chest acidity pain,Gastroenterology,3
1897,i am having pressure throat high fever nodes loss nose sinus chills cough runny redness of congestion fatigue irritation muscle eyes pain sneezing chest malaise lymph swelled smell phlegm headache of pain continuous,Pulmonology,7
1898,my main issue is weakness swelling painful stiffness neck stiff joints walking movement muscle,Orthopedics,6
1899,experiencing pain chest vomiting breathlessness,Cardiology,0
1900,dealing with swollen legs blood swollen calf fatigue prominent obesity veins on bruising vessels cramps,Cardiology,0
1901,i have throat patches in marital fever extra contacts muscle high wasting,Infectious,4
1902,experiencing joint hip swelling pain pain pain knee joints pain joint neck,Orthopedics,6
1903,my main issue is inflammatory rash joint like small nails skin pain silver dusting nails dents in,Dermatology,1
1904,i have eyes extremeties dizziness puffy irritability weight fatigue lethargy swollen abnormal menstruation thyroid brittle and and cold nails hands enlarged mood feets face gain swings depression,Endocrinology,2
1905,feeling receiving loss eyes skin receiving of urine malaise itching of fatigue pain yellowing yellow abdominal transfusion blood dark appetite lethargy urine injections unsterile yellowish,Gastroenterology,3
1906,i feel pain vomiting fatigue loss in of mild swelled weight cough nodes sweating chills malaise fever of appetite breathlessness sputum chest eyes lymph phlegm loss yellowing blood fever high lately,Pulmonology,7
1907,dealing with irritability disturbances acidity headache and distorted depression neck vision excessive indigestion hunger visual stiff blurred,Neurology,5
1908,dealing with mild nodes blood pain swelled loss sputum chest cough of fever of fatigue phlegm chills malaise yellowing appetite weight eyes fever loss sweating vomiting lymph high in,Pulmonology,7
1909,suffering from sputum breathlessness phlegm pain fatigue rusty chills high fast chest malaise rate fever cough heart,Pulmonology,7
1910,feeling loss vomiting yellowish abdominal pain pain urine yellowing joint appetite of eyes skin of nausea dark fatigue,Gastroenterology,3
1911,my main issue is fatigue joint pain of pain yellowing of dark skin yellowish abdominal eyes loss appetite vomiting urine,Gastroenterology,3
1912,i have fever high breathlessness cough pain malaise sweating in fatigue eyes phlegm mild yellowing appetite sputum of blood chest chills swelled lymph fever vomiting weight nodes loss of loss,Pulmonology,7
1913,feeling vomiting pain sweating chest breathlessness,Cardiology,0
1914,suffering from of foul urine smell burning micturition bladder feel discomfort of continuous urine,Urology,8
1915,dealing with sputum family history fever breathlessness cough high mucoid fatigue,Pulmonology,7
1916,i have yellowing fever pain chills appetite cough fever phlegm breathlessness eyes sputum of sweating swelled nodes of lymph malaise chest in vomiting blood fatigue high loss mild loss weight,Pulmonology,7
1917,i think it's obesity veins fatigue on cramps legs calf prominent bruising swollen,Cardiology,0
1918,i feel skin dischromic rash eruptions patches nodal skin itching lately,Dermatology,1
1919,feeling yellowing skin urine eyes fatigue nausea pain of appetite of dark vomiting joint yellowish loss,Gastroenterology,3
1920,experiencing urine feel of urine micturition discomfort foul of continuous burning smell bladder,Urology,8
1921,i am having of urine receiving injections itching yellow of urine yellowing fatigue eyes loss blood receiving pain appetite unsterile lethargy malaise transfusion abdominal dark,Gastroenterology,3
1922,suffering from pain hip pain knee pain walking joint swelling joints painful joint,Orthopedics,6
1923,i have abdominal skin fluid of consumption abdomen pain distention of overload swelling yellowish stomach of vomiting history alcohol,Gastroenterology,3
1924,having pain eyes of nodes yellowing sputum mild chest blood fatigue swelled appetite fever malaise weight lymph sweating in phlegm high chills cough of breathlessness loss fever loss,Pulmonology,7
1925,i am having eyes of loss urine unsterile skin receiving itching yellowing transfusion receiving of fatigue malaise dark appetite pain yellowish yellow lethargy urine blood abdominal injections,Gastroenterology,3
1926,feeling urine skin nausea muscle pain eyes appetite pain abdominal yellowing fever vomiting dark of mild pain of diarrhoea joint loss yellowish,Gastroenterology,3
1927,i feel dusting joint dents silver skin nails inflammatory small in skin pain rash nails peeling like lately,Dermatology,1
1928,feeling vessels cramps obesity blood swollen veins on prominent fatigue calf bruising,Cardiology,0
1929,i think it's bruising vessels calf on blood fatigue cramps veins obesity prominent swollen,Cardiology,0
1930,having body weakness sensorium vomiting one side altered of headache,Neurology,5
1931,feeling cough fever sputum phlegm sweating high pain fatigue malaise breathlessness chest rate rusty fast heart chills,Pulmonology,7
1932,i think it's walking stiffness painful neck stiff movement joints swelling muscle weakness,Orthopedics,6
1933,i think it's of fatigue yellowing family history appetite skin eyes yellowish of nausea loss,Gastroenterology,3
1934,my main issue is appetite chest chills fever lymph sweating fever phlegm vomiting weight sputum yellowing loss high of eyes nodes of breathlessness swelled cough blood pain mild malaise loss in,Pulmonology,7
1935,i am having fever nodes yellowing vomiting of blood chills fever breathlessness weight high in lymph of pain cough fatigue sweating eyes loss mild phlegm malaise appetite chest loss sputum swelled,Pulmonology,7
1936,dealing with eyes blood appetite receiving lethargy urine abdominal itching loss pain of yellowing receiving urine of injections unsterile malaise dark yellow transfusion fatigue,Gastroenterology,3
1937,i have chills eyes shivering from watering sneezing continuous,Dermatology,1
1938,dealing with vomiting pain chest sweating breathlessness,Cardiology,0
1939,i am having swollen on calf veins prominent swollen bruising obesity fatigue vessels legs blood,Cardiology,0
1940,feeling stiff irritability neck blurred hunger distorted headache and disturbances vision visual depression acidity excessive,Neurology,5
1941,experiencing ooze red blister yellow nose crust skin sore around rash,Dermatology,1
1942,i think it's skin loss yellowing lethargy yellowish of unsterile itching receiving receiving fatigue yellow malaise blood transfusion urine appetite urine dark of injections pain abdominal eyes,Gastroenterology,3
1943,i feel yellowish joint of pain appetite urine abdominal pain dark of fever diarrhoea skin pain eyes mild yellowing muscle nausea loss vomiting lately,Gastroenterology,3
1944,experiencing weight fatigue dark skin pain high fever urine yellowish loss vomiting itching abdominal,Gastroenterology,3
1945,feeling inflammatory skin joint silver skin dusting like pain peeling rash nails,Dermatology,1
1946,i have ulcers pain cough chest acidity stomach on pain tongue,Gastroenterology,3
1947,feeling urine burning urine discomfort of continuous feel micturition smell foul of bladder,Urology,8
1948,having chills pain muscle fever diarrhoea high nausea vomiting headache sweating,Infectious,4
1949,i think it's of dizziness neck balance weakness in loss back pain pain limbs,Neurology,5
1950,feeling in peeling rash skin inflammatory nails nails dents pain skin silver dusting like small joint,Dermatology,1
1951,i have sore yellow blister nose red crust skin around rash ooze,Dermatology,1
1952,dealing with dizziness neck limbs loss of in balance pain back weakness pain,Neurology,5
1953,having hip pain joints swelling painful pain joint knee pain walking pain neck joint,Orthopedics,6
1954,i am having weakness irritability heart rate abnormal sweating fatigue muscle loss hunger menstruation diarrhoea weight restlessness fast excessive,Endocrinology,2
1955,i think it's pain cough stomach vomiting acidity pain chest,Gastroenterology,3
1956,my main issue is vomiting nausea high fever muscle sweating diarrhoea pain headache,Infectious,4
1957,feeling obesity vessels bruising swollen prominent veins calf blood cramps fatigue on,Cardiology,0
1958,i have pain dark loss vomiting appetite of urine joint fatigue yellowish pain skin of abdominal eyes nausea yellowing,Gastroenterology,3
1959,experiencing of feel discomfort urine urine of foul burning bladder micturition continuous smell,Urology,8
1960,feeling coma bleeding pain appetite fever pain liver of failure of loss urine acute yellowish eyes abdominal joint vomiting stomach nausea fatigue yellowing high dark skin,Gastroenterology,3
1961,i have mucoid high fever sputum fatigue breathlessness history family cough,Pulmonology,7
1962,i am having vomiting sweating excessive irritability lips palpitations and tingling drying and nausea speech anxiety distorted slurred fatigue hunger vision blurred,Endocrinology,2
1963,suffering from fatigue fever breathlessness mucoid family high cough history sputum,Pulmonology,7
1964,i am having weakness back neck loss balance of in pain dizziness pain limbs,Neurology,5
1965,having swelling painful muscle weakness neck stiff joints walking,Orthopedics,6
1966,i have thyroid weight extremeties depression swings eyes menstruation hands puffy lethargy cold brittle face gain dizziness enlarged swollen feets and abnormal mood and nails irritability,Endocrinology,2
1967,my main issue is family sputum fatigue mucoid breathlessness history fever high,Pulmonology,7
1968,feeling bleeding pain liver nausea dark acute loss high abdominal of pain appetite coma urine failure fatigue stomach fever yellowish skin yellowing of eyes vomiting joint,Gastroenterology,3
1969,i am having eyes pain yellowing dark yellowish abdominal pain of vomiting nausea joint fatigue skin urine,Gastroenterology,3
1970,i am having yellowish skin history of consumption vomiting stomach abdominal alcohol pain swelling distention abdomen of of,Gastroenterology,3
1971,i feel phlegm high swelled sweating fever nodes chills mild loss loss of appetite sputum vomiting cough eyes pain yellowing blood breathlessness in of malaise chest lymph weight fever lately,Pulmonology,7
1972,suffering from yellowing abdominal liver high fever acute vomiting of urine fatigue appetite failure bleeding loss pain eyes of pain nausea stomach joint dark coma,Gastroenterology,3
1973,i am having lymph high pain vomiting chills chest of loss weight fever sputum fatigue phlegm blood in eyes loss yellowing breathlessness swelled sweating appetite of malaise fever cough mild nodes,Pulmonology,7
1974,i am having headache pain belly high diarrhoea toxic constipation nausea look vomiting chills abdominal fatigue fever pain (typhos),Infectious,4
1975,i think it's dizziness menstruation depression nails and and eyes abnormal weight irritability extremeties thyroid cold feets mood gain swings swollen hands brittle lethargy enlarged puffy face,Endocrinology,2
1976,i think it's burning rash urination stomach itching micturition spotting pain skin,Dermatology,1
1977,i am having itching skin fever of over lethargy nodes fever malaise lymph red swelled spots headache fatigue appetite mild loss rash body high,Infectious,4
1978,suffering from high cough fever fatigue breathlessness mucoid family sputum history,Pulmonology,7
1979,feeling pain pain appetite over back fatigue spots malaise high behind of rash eyes pain vomiting loss pain fever red the chills nausea headache body muscle joint skin,Infectious,4
1980,dealing with watering chills sneezing eyes from shivering continuous,Dermatology,1
1981,having pain loss abdominal yellowing pain appetite urine fever nausea joint dark skin yellowish vomiting eyes diarrhoea of mild of pain muscle,Gastroenterology,3
1982,feeling of itching fever rash lymph mild over spots swelled appetite nodes loss fatigue lethargy fever headache high red malaise body skin,Infectious,4
1983,having diarrhoea vomiting eyes sunken dehydration,Gastroenterology,3
1984,i have lips vomiting blurred and vision tingling irritability drying headache and sweating distorted excessive slurred nausea speech palpitations fatigue hunger,Endocrinology,2
1985,i feel breathlessness pain vomiting sweating chest lately,Cardiology,0
1986,i feel hunger and drying sweating fatigue palpitations anxiety nausea tingling speech headache lips excessive blurred vision slurred and vomiting distorted irritability lately,Endocrinology,2
1987,having filled scurring blackheads pus rash skin pimples,Dermatology,1
1988,having pain constipation diarrhoea nausea look (typhos) toxic fatigue belly chills headache vomiting fever high pain abdominal,Infectious,4
1989,experiencing diarrhoea fatigue restlessness muscle swings menstruation heart abnormal loss rate hunger sweating mood weight irritability excessive fast weakness,Endocrinology,2
1990,my main issue is acidity pain chest stomach vomiting cough pain,Gastroenterology,3
1991,suffering from loss headache body rash malaise high red fever mild fatigue of swelled appetite spots over nodes lymph fever skin lethargy,Infectious,4
1992,suffering from high loss swelled malaise lymph red fatigue fever spots of lethargy appetite nodes itching fever body mild headache over,Infectious,4
1993,my main issue is malaise yellowish transfusion yellow unsterile lethargy eyes yellowing loss itching injections of blood urine receiving urine skin of pain receiving dark appetite abdominal fatigue,Gastroenterology,3
1994,i feel palpitations excessive speech hunger slurred and vomiting sweating lips and nausea tingling headache fatigue irritability distorted vision blurred drying anxiety lately,Endocrinology,2
1995,having vomiting of fever nausea dark urine loss eyes yellowish pain appetite yellowing of mild diarrhoea pain abdominal skin muscle pain joint,Gastroenterology,3
1996,experiencing pain muscle fever chills nausea diarrhoea vomiting sweating high headache,Infectious,4
1997,my main issue is eruptions nodal skin rash patches itching skin dischromic,Dermatology,1
1998,having yellow nose high sore around crust skin rash blister fever ooze red,Dermatology,1
1999,i am having pain like inflammatory small dents in skin dusting nails peeling silver joint nails,Dermatology,1
2000,suffering from bruising cramps legs swollen on obesity prominent swollen calf veins fatigue vessels blood,Cardiology,0
2001,my main issue is vomiting gases indigestion loss passage internal of abdominal appetite pain itching of,Gastroenterology,3
2002,dealing with silver pain joint dusting dents rash skin peeling like nails inflammatory in small skin nails,Dermatology,1
2003,i am having knee pain neck joint pain joints pain swelling hip pain joint,Orthopedics,6
2004,having sensorium side altered body of weakness vomiting one,Neurology,5
2005,my main issue is of history pain alcohol of distention skin yellowish overload vomiting swelling abdominal of abdomen consumption stomach fluid,Gastroenterology,3
2006,i feel thyroid swings weight and lethargy hands cold enlarged nails fatigue eyes abnormal gain feets puffy and brittle depression menstruation mood irritability face dizziness extremeties swollen lately,Endocrinology,2
2007,i think it's stiffness neck stiff joints swelling painful muscle movement weakness walking,Orthopedics,6
2008,i think it's visual irritability distorted indigestion and hunger blurred acidity disturbances neck stiff depression vision excessive,Neurology,5
2009,i think it's loss of passage abdominal gases pain of itching internal vomiting appetite indigestion,Gastroenterology,3
2010,dealing with dark nausea abdominal yellowing yellowish fatigue of of loss pain urine appetite joint skin pain eyes,Gastroenterology,3
2011,experiencing fatigue cough sputum history family mucoid fever breathlessness high,Pulmonology,7
2012,having rusty sputum high pain phlegm chest chills rate breathlessness sweating fast cough malaise fatigue fever heart,Pulmonology,7
2013,i have sweating vomiting pain breathlessness chest,Cardiology,0
2014,suffering from vision irritability sweating speech fatigue distorted and tingling vomiting anxiety palpitations blurred and lips hunger excessive headache nausea drying slurred,Endocrinology,2
2015,my main issue is neck indigestion disturbances irritability hunger vision blurred depression stiff excessive acidity distorted headache visual and,Neurology,5
2016,i feel on cough pain chest stomach vomiting tongue acidity ulcers pain lately,Gastroenterology,3
2017,having chills diarrhoea high nausea sweating muscle fever pain vomiting,Infectious,4
2018,having continuous eyes watering from sneezing chills,Dermatology,1
2019,i feel mild of loss spots rash swelled over red skin malaise itching high fatigue fever lymph body fever headache appetite nodes lately,Infectious,4
2020,feeling stiff muscle stiffness movement neck weakness painful joints walking swelling,Orthopedics,6
2021,i have on swollen vessels calf legs cramps veins obesity prominent blood swollen fatigue,Cardiology,0
2022,experiencing stiff irritability excessive acidity depression headache disturbances visual neck indigestion hunger,Neurology,5
2023,i have rash skin pain dusting inflammatory peeling joint silver skin nails like,Dermatology,1
2024,i have passage indigestion loss appetite of vomiting gases internal of itching,Gastroenterology,3
2025,i feel nausea headache appetite over pain fever muscle eyes pain high chills behind of joint spots back fatigue red pain body malaise the loss vomiting pain lately,Infectious,4
2026,dealing with in rash nails dents joint nails skin skin pain inflammatory peeling small,Dermatology,1
2027,my main issue is neck weakness swelling movement stiff joints muscle stiffness,Orthopedics,6
2028,i am having malaise chest phlegm of cough breathlessness loss blood in pain sputum fever lymph eyes yellowing of fatigue swelled sweating appetite high loss weight chills vomiting nodes fever mild,Pulmonology,7
2029,i feel shivering watering continuous chills eyes from sneezing lately,Dermatology,1
2030,feeling fatigue sputum rate phlegm cough sweating malaise fast pain fever heart high rusty breathlessness chills chest,Pulmonology,7
2031,i am having tongue pain cough chest vomiting pain on ulcers stomach,Gastroenterology,3
2032,experiencing yellowish of family nausea loss fatigue appetite history skin,Gastroenterology,3
2033,experiencing breathlessness high cough fever history family fatigue,Pulmonology,7
2034,i have mucoid fatigue family fever history sputum cough high,Pulmonology,7
2035,my main issue is appetite history yellowish loss yellowing eyes of nausea skin of fatigue family,Gastroenterology,3
2036,i am having fatigue phlegm cough breathlessness high rusty chest pain fever chills sputum fast malaise rate sweating heart,Pulmonology,7
2037,i have eyes watering continuous from sneezing shivering chills,Dermatology,1
2038,suffering from disturbances neck acidity indigestion blurred vision headache and stiff visual distorted irritability depression,Neurology,5
2039,i am having dehydration vomiting diarrhoea,Gastroenterology,3
2040,suffering from pain knee joints joint pain painful hip pain walking neck swelling pain joint,Orthopedics,6
2041,feeling high yellowish fever fatigue vomiting skin itching abdominal weight urine dark loss pain,Gastroenterology,3
2042,i think it's micturition itching pain rash skin urination spotting stomach burning,Dermatology,1
2043,suffering from extra muscle high throat in patches wasting contacts marital fever,Infectious,4
2044,my main issue is extremeties menstruation feets swings lethargy nails and cold abnormal hands face eyes depression enlarged mood and irritability swollen fatigue brittle puffy thyroid dizziness,Endocrinology,2
2045,suffering from fatigue pain fever of over pain pain chills rash high the headache muscle red appetite back joint skin body spots loss nausea pain vomiting behind eyes malaise,Infectious,4
2046,my main issue is continuous urine feel of foul burning micturition of smell bladder discomfort urine,Urology,8
2047,experiencing mood hands irritability puffy eyes dizziness and face extremeties gain brittle cold nails thyroid menstruation swollen weight and depression fatigue lethargy abnormal feets swings enlarged,Endocrinology,2
2048,experiencing pain rash stomach itching skin micturition burning,Dermatology,1
2049,dealing with chills watering sneezing eyes from continuous,Dermatology,1
2050,my main issue is cough eyes pain swelled of congestion malaise continuous sinus fever pressure loss nodes high irritation muscle redness fatigue nose pain headache chills throat of lymph runny chest sneezing phlegm smell,Pulmonology,7
2051,i feel loss limbs dizziness weakness back of pain balance in lately,Neurology,5
2052,suffering from like rash in inflammatory peeling skin nails skin silver dents joint pain nails small dusting,Dermatology,1
2053,suffering from skin urination rash stomach itching pain spotting,Dermatology,1
2054,feeling pain swelling joint joint neck painful pain joints knee pain hip walking pain,Orthopedics,6
2055,suffering from high fatigue yellowing of mild chills loss nodes weight pain appetite chest in vomiting loss swelled breathlessness sputum blood fever cough of lymph malaise eyes sweating fever phlegm,Pulmonology,7
2056,i feel anxiety fatigue headache hunger nausea excessive and distorted vision and blurred sweating vomiting speech irritability tingling slurred drying lips palpitations lately,Endocrinology,2
2057,suffering from in nails nails skin skin peeling dents inflammatory rash pain silver joint small dusting like,Dermatology,1
2058,experiencing hunger vision disturbances irritability and blurred indigestion visual neck excessive acidity distorted stiff headache depression,Neurology,5
2059,feeling throat fever high patches extra marital in contacts,Infectious,4
2060,i think it's skin nails nails rash peeling in skin small inflammatory silver dusting dents joint like pain,Dermatology,1
2061,my main issue is pain pain stomach of yellowish bleeding skin abdominal appetite high joint loss of vomiting failure fever acute fatigue liver coma urine eyes nausea yellowing dark,Gastroenterology,3
2062,experiencing of pain joint urine skin loss fatigue appetite abdominal dark nausea pain yellowish eyes yellowing of vomiting,Gastroenterology,3
2063,experiencing walking pain knee neck pain joints swelling joint joint pain pain painful hip,Orthopedics,6
2064,i feel veins on blood swollen legs vessels calf bruising fatigue prominent obesity swollen cramps lately,Cardiology,0
2065,feeling pain spotting itching stomach skin rash micturition burning urination,Dermatology,1
2066,having neck stiffness stiff swelling painful joints walking movement,Orthopedics,6
2067,experiencing from sneezing shivering eyes continuous chills watering,Dermatology,1
2068,i think it's weakness side of headache altered one vomiting sensorium body,Neurology,5
2069,having history cough fatigue sputum mucoid family high fever,Pulmonology,7
2070,suffering from foul urine of bladder of smell micturition continuous burning discomfort urine feel,Urology,8
2071,dealing with family cough breathlessness fatigue history fever high sputum mucoid,Pulmonology,7
2072,i think it's behind joint malaise high pain nausea rash spots pain the red over of pain muscle skin back pain body eyes fever appetite chills fatigue loss headache vomiting,Infectious,4
2073,my main issue is of runny pain nodes of chest nose swelled high irritation phlegm continuous lymph redness chills sneezing sinus throat malaise smell headache pain muscle loss congestion fatigue fever eyes pressure cough,Pulmonology,7
2074,dealing with swollen bruising fatigue calf obesity vessels on blood cramps veins legs prominent swollen,Cardiology,0
2075,having neck knee painful walking pain joint pain joints hip joint pain swelling pain,Orthopedics,6
2076,suffering from yellowish pain eyes abdominal fever skin of urine dark joint pain fatigue yellowing liver nausea of failure acute high coma loss appetite vomiting bleeding stomach,Gastroenterology,3
2077,having of skin spots itching lethargy fever rash lymph appetite loss body fatigue high malaise mild swelled over red nodes fever headache,Infectious,4
2078,having and fatigue excessive distorted blurred slurred palpitations irritability headache speech vomiting drying hunger vision lips anxiety tingling nausea and,Endocrinology,2
2079,i think it's abdominal loss skin appetite of of bleeding yellowish eyes vomiting fatigue fever pain yellowing coma failure stomach acute high pain dark joint nausea urine liver,Gastroenterology,3
2080,experiencing peeling skin nails in like dusting dents rash nails silver pain small joint inflammatory skin,Dermatology,1
2081,dealing with sweating chest vomiting breathlessness pain,Cardiology,0
2082,i have of loss yellowing of skin nausea yellowish fatigue eyes family history appetite,Gastroenterology,3
2083,having muscle high patches throat contacts fever marital in extra wasting,Infectious,4
2084,experiencing urine weight skin loss dark itching yellowish fatigue vomiting high fever,Gastroenterology,3
2085,my main issue is joints muscle neck walking swelling stiff stiffness weakness movement painful,Orthopedics,6
2086,i think it's weight restlessness diarrhoea rate abnormal muscle loss swings hunger fatigue weakness heart menstruation mood irritability fast sweating excessive,Endocrinology,2
2087,my main issue is tongue ulcers acidity pain chest cough vomiting stomach on pain,Gastroenterology,3
2088,suffering from mood hunger swings weight sweating menstruation restlessness muscle loss abnormal fast heart diarrhoea excessive weakness fatigue rate irritability,Endocrinology,2
2089,having mild malaise red lymph body loss itching nodes swelled of fatigue over headache fever skin spots appetite fever high rash,Infectious,4
2090,suffering from skin dischromic patches rash itching,Dermatology,1
2091,experiencing skin eruptions rash dischromic patches nodal itching skin,Dermatology,1
2092,i think it's urine micturition bladder of foul urine of burning feel continuous discomfort smell,Urology,8
2093,my main issue is pain spotting urination stomach itching burning micturition,Dermatology,1
2094,feeling dark fever yellowish skin urine fatigue itching abdominal weight loss high pain,Gastroenterology,3
2095,suffering from urination burning micturition rash pain stomach spotting itching skin,Dermatology,1
2096,having anxiety vomiting excessive blurred distorted sweating speech nausea and drying hunger lips fatigue tingling slurred vision irritability and palpitations,Endocrinology,2
2097,feeling gases vomiting itching of indigestion pain appetite passage internal of abdominal loss,Gastroenterology,3
2098,experiencing sweating vomiting chest pain,Cardiology,0
2099,my main issue is sinus loss of redness chest high throat nose phlegm congestion pressure pain chills nodes lymph runny eyes smell of headache muscle fatigue pain malaise swelled fever cough irritation,Pulmonology,7
2100,feeling malaise fever fatigue high phlegm of of throat eyes pain loss chest congestion pain irritation sinus sneezing headache muscle cough pressure redness continuous nose runny chills smell,Pulmonology,7
2101,i have passage vomiting of internal itching loss indigestion appetite gases of,Gastroenterology,3
2102,feeling altered weakness one sensorium vomiting side body of,Neurology,5
2103,feeling fatigue bruising on blood cramps swollen legs veins swollen calf vessels prominent,Cardiology,0
2104,suffering from eyes chest lymph fatigue redness of malaise irritation high phlegm throat of muscle pain sneezing pressure runny cough nose continuous sinus nodes swelled headache smell loss chills congestion pain fever,Pulmonology,7
2105,i feel from watering continuous shivering eyes sneezing chills lately,Dermatology,1
2106,feeling weakness neck back pain of limbs balance loss in pain dizziness,Neurology,5
2107,i am having dusting rash joint silver skin dents nails like peeling inflammatory skin nails small in pain,Dermatology,1
2108,dealing with weight rate hunger mood weakness menstruation heart diarrhoea loss sweating fatigue swings irritability restlessness muscle fast abnormal excessive,Endocrinology,2
2109,i am having vomiting appetite dark nausea yellowing urine loss stomach pain fatigue of pain abdominal yellowish liver acute coma eyes bleeding of joint skin fever high failure,Gastroenterology,3
2110,feeling pain muscle cough of phlegm nodes malaise runny sinus high redness fever nose lymph eyes irritation throat smell pressure headache swelled of fatigue congestion loss chest continuous chills sneezing pain,Pulmonology,7
2111,suffering from of sensorium headache body side weakness altered vomiting one,Neurology,5
2112,i feel weight yellowing sputum of mild vomiting sweating fever chills lymph fever pain of cough swelled loss high blood breathlessness loss in chest fatigue nodes phlegm eyes malaise appetite lately,Pulmonology,7
2113,i am having of overload consumption swelling history alcohol abdominal stomach abdomen of distention yellowish pain skin of fluid,Gastroenterology,3
2114,my main issue is eyes sunken dehydration diarrhoea vomiting,Gastroenterology,3
2115,suffering from mild chills lymph fever swelled fatigue vomiting high eyes phlegm sputum yellowing loss of cough sweating appetite pain malaise of weight fever breathlessness chest loss nodes in blood,Pulmonology,7
2116,my main issue is fever high abdominal itching yellowish vomiting dark pain fatigue loss weight urine skin,Gastroenterology,3
2117,feeling passage vomiting of gases loss internal itching abdominal appetite pain of,Gastroenterology,3
2118,i feel ulcers cough acidity stomach pain pain vomiting chest on tongue lately,Gastroenterology,3
2119,dealing with skin skin rash dischromic eruptions patches itching nodal,Dermatology,1
2120,experiencing breathlessness vomiting chest pain sweating,Cardiology,0
2121,suffering from pain vomiting passage loss appetite itching of internal of gases abdominal,Gastroenterology,3
2122,my main issue is fatigue restlessness heart weakness excessive muscle irritability mood menstruation loss rate sweating hunger diarrhoea swings weight fast abnormal,Endocrinology,2
2123,i have spots back of muscle red the pain appetite joint vomiting over behind pain fever fatigue pain chills eyes body nausea skin pain loss rash high headache malaise,Infectious,4
2124,i have unsterile yellowish urine dark of itching receiving blood yellow loss urine malaise lethargy receiving skin abdominal yellowing transfusion injections fatigue eyes of appetite pain,Gastroenterology,3
2125,experiencing blood loss unsterile abdominal eyes pain malaise of injections appetite yellowing skin urine yellow of fatigue lethargy receiving yellowish itching transfusion receiving urine dark,Gastroenterology,3
2126,i am having joint silver in nails small like dents skin inflammatory pain nails rash dusting,Dermatology,1
2127,dealing with pain sweating breathlessness chest vomiting,Cardiology,0
2128,dealing with fluid stomach alcohol of yellowish history abdomen of abdominal vomiting swelling of pain consumption overload skin distention,Gastroenterology,3
2129,i am having in muscle extra throat wasting high fever marital patches contacts,Infectious,4
2130,i feel cough high fever sputum mucoid fatigue breathlessness lately,Pulmonology,7
2131,i am having chills fever vomiting pain high belly nausea pain diarrhoea fatigue (typhos) look headache abdominal toxic,Infectious,4
2132,having hunger depression neck disturbances visual blurred vision indigestion and excessive distorted irritability stiff headache,Neurology,5
2133,my main issue is dehydration vomiting diarrhoea eyes sunken,Gastroenterology,3
2134,experiencing diarrhoea eyes vomiting sunken,Gastroenterology,3
2135,i have fever blister around yellow high skin rash crust sore red ooze nose,Dermatology,1
2136,my main issue is of skin of overload of abdominal yellowish alcohol consumption history distention abdomen stomach vomiting pain fluid swelling,Gastroenterology,3
2137,i have muscle walking joints neck weakness stiff stiffness swelling painful movement,Orthopedics,6
2138,suffering from eyes rash spots nausea appetite high body pain skin muscle fatigue chills over pain of fever behind vomiting loss back the red malaise headache pain,Infectious,4
2139,i have puffy feets weight and thyroid mood nails swollen lethargy brittle swings hands enlarged menstruation eyes face extremeties irritability gain depression and abnormal cold fatigue,Endocrinology,2
2140,experiencing high extra wasting fever in patches muscle contacts marital throat,Infectious,4
2141,experiencing appetite sputum mild loss breathlessness vomiting yellowing fever blood loss chills nodes eyes weight of lymph sweating cough of malaise swelled chest fatigue phlegm pain in,Pulmonology,7
2142,experiencing high in muscle fever throat extra contacts marital patches wasting,Infectious,4
2143,i feel around rash crust ooze red skin blister sore nose yellow lately,Dermatology,1
2144,experiencing dizziness abnormal swings brittle mood face gain lethargy puffy swollen fatigue depression extremeties thyroid eyes enlarged and irritability menstruation nails weight,Endocrinology,2
2145,i have knee pain walking neck pain pain joint joints swelling joint hip painful pain,Orthopedics,6
2146,my main issue is pain belly vomiting high constipation (typhos) fever diarrhoea fatigue toxic headache look chills nausea,Infectious,4
2147,i feel excessive mood fatigue loss fast diarrhoea muscle weight restlessness heart irritability sweating menstruation swings rate abnormal hunger weakness lately,Endocrinology,2
2148,i am having distention vomiting of stomach skin of of swelling yellowish history overload abdominal consumption abdomen pain alcohol fluid,Gastroenterology,3
2149,i am having movement stiff weakness joints painful neck walking stiffness muscle swelling,Orthopedics,6
2150,my main issue is overload alcohol fluid yellowish of distention stomach abdomen consumption history of abdominal vomiting of pain skin swelling,Gastroenterology,3
2151,i think it's neck stiffness painful joints muscle movement weakness stiff swelling walking,Orthopedics,6
2152,my main issue is pain joint dark skin yellowish urine of abdominal muscle vomiting pain loss eyes fever mild of diarrhoea nausea yellowing pain appetite,Gastroenterology,3
2153,suffering from mood swings fatigue weight diarrhoea restlessness weakness irritability abnormal heart excessive loss menstruation sweating rate muscle fast hunger,Endocrinology,2
2154,i am having restlessness fatigue hunger abnormal mood swings muscle menstruation loss heart diarrhoea rate fast weakness excessive irritability sweating weight,Endocrinology,2
2155,i feel micturition bladder foul of discomfort feel urine continuous burning urine of smell lately,Urology,8
2156,i feel pain fever muscle headache diarrhoea vomiting high sweating nausea chills lately,Infectious,4
2157,i am having chest vomiting breathlessness pain sweating,Cardiology,0
2158,my main issue is appetite nausea of of failure eyes fever abdominal bleeding liver fatigue yellowish pain pain high loss yellowing acute dark vomiting stomach skin urine coma joint,Gastroenterology,3
2159,i am having pain breathlessness vomiting chest sweating,Cardiology,0
2160,i feel obesity vessels swollen prominent swollen legs blood fatigue bruising veins calf cramps on lately,Cardiology,0
2161,i think it's gases itching passage internal abdominal loss of of vomiting appetite pain indigestion,Gastroenterology,3
2162,feeling hip joint pain knee pain painful neck walking joints swelling pain,Orthopedics,6
2163,i am having appetite pain high eyes coma bleeding yellowish liver of fever acute loss failure dark urine skin vomiting of yellowing nausea abdominal stomach fatigue,Gastroenterology,3
2164,feeling stomach spotting micturition pain itching burning urination,Dermatology,1
2165,dealing with pain receiving urine lethargy itching loss transfusion blood fatigue malaise unsterile dark skin receiving of yellowing appetite urine yellowish injections yellow abdominal eyes of,Gastroenterology,3
2166,dealing with chest vomiting pain breathlessness sweating,Cardiology,0
2167,feeling pimples skin scurring pus rash blackheads filled,Dermatology,1
2168,i am having continuous smell high nodes headache pain congestion of malaise redness runny pressure irritation chest phlegm fatigue of lymph fever nose throat sinus swelled muscle pain cough loss sneezing eyes,Pulmonology,7
2169,i have skin yellowish history of nausea family appetite of fatigue eyes yellowing loss,Gastroenterology,3
2170,my main issue is fever high nausea pain vomiting chills headache diarrhoea muscle sweating,Infectious,4
2171,feeling of weakness body vomiting altered side sensorium one headache,Neurology,5
2172,having abdominal high fatigue skin itching loss pain urine dark yellowish vomiting weight fever,Gastroenterology,3
2173,my main issue is nausea fatigue excessive vomiting vision slurred sweating irritability distorted drying tingling anxiety and lips blurred headache palpitations and hunger speech,Endocrinology,2
2174,experiencing chest vomiting pain sweating breathlessness,Cardiology,0
2175,experiencing cough ulcers pain pain tongue chest vomiting acidity stomach on,Gastroenterology,3
2176,i am having look chills fever high pain nausea pain (typhos) constipation headache diarrhoea belly toxic abdominal fatigue,Infectious,4
2177,dealing with vomiting abdominal pain loss joint yellowish yellowing of appetite pain nausea eyes skin fatigue of,Gastroenterology,3
2178,dealing with stomach skin burning spotting rash itching pain urination micturition,Dermatology,1
2179,having diarrhoea sunken eyes vomiting,Gastroenterology,3
2180,suffering from pus pimples rash filled scurring blackheads skin,Dermatology,1
2181,feeling headache altered sensorium of weakness side vomiting body one,Neurology,5
2182,i feel pus scurring filled rash blackheads skin pimples lately,Dermatology,1
2183,experiencing cough mucoid breathlessness high sputum history family fever,Pulmonology,7
2184,i feel scurring pus skin filled pimples rash blackheads lately,Dermatology,1
2185,i think it's blurred excessive fatigue vision headache vomiting sweating and and drying irritability tingling slurred distorted hunger palpitations lips speech nausea anxiety,Endocrinology,2
2186,i feel loss in pain pain back weakness of limbs balance neck dizziness lately,Neurology,5
2187,my main issue is chest high phlegm chills fatigue breathlessness rate sputum cough sweating pain malaise heart fever rusty fast,Pulmonology,7
2188,my main issue is (typhos) fatigue toxic pain vomiting diarrhoea pain constipation belly nausea headache chills fever look abdominal high,Infectious,4
2189,feeling in dusting joint like peeling nails nails small skin pain silver dents skin rash inflammatory,Dermatology,1
2190,i have the of pain spots pain appetite muscle body over eyes fever nausea chills malaise pain headache joint vomiting pain loss red high back behind fatigue skin rash,Infectious,4
2191,i think it's congestion nodes phlegm fatigue continuous eyes chills loss muscle swelled runny pain headache chest of pain of cough redness pressure sinus smell nose throat lymph irritation sneezing malaise,Pulmonology,7
2192,i have eyes vomiting diarrhoea dehydration sunken,Gastroenterology,3
2193,i feel pain loss skin yellowish vomiting dark high fever fatigue weight urine itching abdominal lately,Gastroenterology,3
2194,i am having fatigue veins calf swollen vessels on legs prominent cramps swollen blood bruising obesity,Cardiology,0
2195,i have receiving dark loss receiving abdominal urine fatigue injections skin malaise unsterile appetite transfusion lethargy eyes blood itching pain yellowing urine yellowish of yellow of,Gastroenterology,3
2196,having swings abnormal restlessness menstruation mood weakness irritability heart fast rate loss weight excessive sweating diarrhoea fatigue muscle hunger,Endocrinology,2
2197,feeling fever headache diarrhoea pain high muscle sweating nausea vomiting chills,Infectious,4
2198,suffering from breathlessness fatigue cough history mucoid family fever sputum high,Pulmonology,7
2199,having internal abdominal of pain itching indigestion appetite gases of passage vomiting loss,Gastroenterology,3
2200,suffering from tongue vomiting on pain cough acidity stomach pain chest ulcers,Gastroenterology,3
2201,i feel pimples filled blackheads rash pus skin lately,Dermatology,1
2202,experiencing loss indigestion of vomiting appetite internal itching passage pain abdominal of gases,Gastroenterology,3
2203,suffering from of neck balance limbs in pain pain back loss dizziness weakness,Neurology,5
2204,i am having irritability hands enlarged swollen nails lethargy thyroid gain puffy abnormal depression and eyes brittle dizziness feets swings and menstruation face mood extremeties weight cold,Endocrinology,2
2205,feeling veins blood bruising on fatigue calf obesity prominent swollen vessels cramps,Cardiology,0
2206,i have pain yellowing nausea dark skin eyes abdominal appetite pain of fatigue loss of joint urine yellowish,Gastroenterology,3
2207,dealing with fast malaise heart fatigue cough rate sweating high pain chest phlegm fever chills breathlessness rusty sputum,Pulmonology,7
2208,i feel phlegm heart chills fast fatigue malaise rusty sweating fever high cough breathlessness rate sputum chest pain lately,Pulmonology,7
2209,i am having blackheads skin rash scurring filled pus pimples,Dermatology,1
2210,i am having cold and puffy weight hands dizziness irritability enlarged brittle depression extremeties thyroid mood and gain menstruation fatigue face feets lethargy swings nails eyes abnormal swollen,Endocrinology,2
2211,experiencing blister sore fever crust ooze red rash around nose skin yellow high,Dermatology,1
2212,i am having walking neck swelling painful stiff muscle weakness joints,Orthopedics,6
2213,dealing with stomach overload abdomen distention fluid vomiting consumption alcohol swelling history yellowish of of pain skin of abdominal,Gastroenterology,3
2214,i am having side vomiting of body one headache weakness,Neurology,5
2215,i am having and blurred and sweating slurred palpitations drying distorted hunger tingling irritability nausea vision headache anxiety fatigue speech vomiting lips excessive,Endocrinology,2
2216,i think it's continuous urine micturition feel discomfort burning bladder of,Urology,8
2217,i am having hunger stiff distorted and acidity disturbances vision irritability headache depression visual excessive blurred neck,Neurology,5
2218,having sunken dehydration eyes vomiting diarrhoea,Gastroenterology,3
2219,i am having sneezing watering shivering continuous from eyes,Dermatology,1
2220,feeling excessive menstruation fast weight swings heart mood abnormal irritability weakness hunger rate muscle diarrhoea restlessness fatigue loss sweating,Endocrinology,2
2221,dealing with abdominal indigestion of gases of appetite vomiting loss pain passage,Gastroenterology,3
2222,feeling phlegm heart fever high chills breathlessness chest rate fatigue pain fast cough sputum malaise sweating rusty,Pulmonology,7
2223,feeling nodes congestion swelled of sneezing of smell fatigue pain sinus loss chills cough pain pressure continuous phlegm throat chest irritation lymph malaise fever redness runny muscle headache nose high eyes,Pulmonology,7
2224,i think it's loss pain urine fever skin yellowing liver acute vomiting eyes appetite coma high bleeding of abdominal joint of pain nausea failure stomach dark yellowish,Gastroenterology,3
2225,suffering from swings rate restlessness fatigue weakness weight menstruation irritability mood muscle fast excessive diarrhoea heart loss abnormal hunger,Endocrinology,2
2226,i have rash skin micturition stomach urination spotting pain itching burning,Dermatology,1
2227,feeling appetite vomiting pain skin dark mild of urine muscle pain pain eyes abdominal yellowing fever nausea of yellowish loss joint diarrhoea,Gastroenterology,3
2228,i feel sore red blister skin yellow high nose ooze crust around rash fever lately,Dermatology,1
2229,having swelling muscle stiffness movement joints stiff neck weakness,Orthopedics,6
2230,experiencing itching pain indigestion passage vomiting of of loss abdominal gases internal appetite,Gastroenterology,3
2231,dealing with sputum loss appetite chest nodes fatigue chills weight breathlessness phlegm lymph in malaise yellowing swelled loss sweating fever eyes pain high mild of blood of vomiting fever,Pulmonology,7
2232,i am having sunken dehydration eyes diarrhoea,Gastroenterology,3
2233,i think it's chest stomach pain acidity cough vomiting pain,Gastroenterology,3
2234,suffering from menstruation abnormal fatigue irritability heart loss muscle fast hunger mood sweating swings weakness rate diarrhoea restlessness excessive weight,Endocrinology,2
2235,feeling high sneezing pain pain lymph of continuous cough throat headache phlegm redness congestion malaise runny fever irritation sinus muscle chest eyes of nose chills pressure loss smell nodes swelled,Pulmonology,7
2236,i feel skin dusting inflammatory nails small like silver rash nails peeling dents skin in lately,Dermatology,1
2237,i have headache high chills sweating vomiting pain fever nausea diarrhoea muscle,Infectious,4
2238,i am having phlegm redness fever chills congestion pain muscle continuous sneezing chest of pain throat nose eyes lymph irritation high fatigue smell loss malaise of nodes swelled headache sinus pressure runny,Pulmonology,7
2239,i feel of passage vomiting gases abdominal loss internal itching of pain appetite lately,Gastroenterology,3
2240,having appetite pain gases vomiting loss itching indigestion of passage abdominal internal of,Gastroenterology,3
2241,i am having inflammatory nails skin in small skin rash dents nails peeling joint pain,Dermatology,1
2242,i am having dizziness limbs back balance loss neck in of pain pain weakness,Neurology,5
2243,feeling watering continuous shivering from eyes chills sneezing,Dermatology,1
2244,i think it's pain stomach pain ulcers chest acidity on cough vomiting tongue,Gastroenterology,3
2245,having skin scurring blackheads pimples pus rash filled,Dermatology,1
2246,experiencing high chest swelled yellowing mild eyes phlegm of loss sputum appetite sweating malaise chills vomiting loss weight blood pain of in lymph cough fever nodes fever fatigue,Pulmonology,7
2247,dealing with gases loss passage abdominal indigestion appetite vomiting pain of of,Gastroenterology,3
2248,dealing with itching eruptions patches rash skin dischromic nodal skin,Dermatology,1
2249,having tingling nausea hunger distorted and vomiting fatigue slurred headache irritability vision drying lips excessive palpitations anxiety blurred and speech,Endocrinology,2
2250,experiencing weakness movement swelling stiffness muscle stiff joints neck walking painful,Orthopedics,6
2251,dealing with calf on legs swollen obesity fatigue bruising cramps vessels veins prominent blood swollen,Cardiology,0
2252,feeling abnormal lethargy feets mood depression weight fatigue gain enlarged and puffy and swings dizziness irritability face menstruation thyroid cold brittle hands extremeties nails swollen eyes,Endocrinology,2
2253,i am having muscle contacts high wasting marital throat extra fever in patches,Infectious,4
2254,i have rash filled pimples scurring pus blackheads skin,Dermatology,1
2255,i have visual vision depression acidity neck and stiff blurred distorted headache disturbances indigestion hunger excessive irritability,Neurology,5
2256,i feel vomiting pain chest breathlessness lately,Cardiology,0
2257,i am having on cough acidity vomiting pain tongue chest ulcers,Gastroenterology,3
2258,i have palpitations vision vomiting speech and irritability headache lips tingling blurred anxiety fatigue excessive drying distorted sweating hunger nausea and slurred,Endocrinology,2
2259,feeling chest ulcers acidity tongue stomach pain cough pain vomiting on,Gastroenterology,3
2260,experiencing breathlessness sputum malaise sweating cough chest rusty high heart pain chills fatigue rate fast fever,Pulmonology,7
2261,suffering from abnormal swings hunger muscle restlessness fast heart menstruation loss mood sweating weakness excessive weight diarrhoea rate irritability,Endocrinology,2
2262,my main issue is dizziness balance neck of pain back pain loss,Neurology,5
2263,i have in balance pain weakness neck limbs loss of dizziness,Neurology,5
2264,suffering from muscle throat high wasting fever in patches,Infectious,4
2265,feeling marital fever throat wasting in high contacts patches extra muscle,Infectious,4
2266,dealing with stiffness painful muscle neck weakness movement stiff swelling joints walking,Orthopedics,6
2267,i am having walking swelling joints movement stiff neck stiffness painful,Orthopedics,6
2268,my main issue is gases indigestion appetite of loss vomiting of abdominal internal passage itching pain,Gastroenterology,3
2269,feeling nodal skin patches dischromic skin itching rash eruptions,Dermatology,1
2270,i am having stomach itching pain skin micturition burning rash,Dermatology,1
2271,i am having calf blood veins swollen legs prominent cramps vessels obesity fatigue swollen on bruising,Cardiology,0
2272,i feel cough mucoid fever high fatigue history sputum breathlessness family lately,Pulmonology,7
2273,my main issue is neck excessive depression acidity blurred headache vision indigestion and distorted disturbances visual stiff hunger,Neurology,5
2274,i think it's joints pain joint swelling walking pain knee hip neck pain painful,Orthopedics,6
2275,having abdominal chills headache fatigue (typhos) high diarrhoea constipation nausea vomiting toxic pain belly look pain fever,Infectious,4
2276,i have fatigue swelled spots skin fever nodes high headache fever over itching mild body malaise lymph of rash loss red appetite lethargy,Infectious,4
2277,i have muscle vomiting diarrhoea nausea headache pain fever chills high,Infectious,4
2278,my main issue is lethargy fatigue receiving yellow transfusion loss malaise of skin receiving urine blood pain yellowing itching appetite urine abdominal unsterile of eyes yellowish injections dark,Gastroenterology,3
2279,suffering from like skin dents nails joint dusting small peeling nails rash inflammatory silver skin pain in,Dermatology,1
2280,feeling fatigue over appetite swelled rash fever headache fever skin loss lethargy mild itching of high red nodes body lymph malaise spots,Infectious,4
2281,i think it's nodal eruptions rash dischromic skin skin patches itching,Dermatology,1
2282,i am having urine yellowish skin pain weight itching abdominal high fatigue dark fever vomiting loss,Gastroenterology,3
2283,feeling internal indigestion vomiting passage gases loss of abdominal appetite itching pain of,Gastroenterology,3
2284,i feel joint skin dents nails silver nails rash peeling like pain small dusting inflammatory in skin lately,Dermatology,1
2285,i think it's lymph fever sinus malaise muscle headache throat sneezing eyes swelled chills runny pain loss pressure of chest continuous redness of congestion high nose irritation smell nodes pain phlegm fatigue,Pulmonology,7
2286,having burning micturition spotting rash pain itching urination stomach skin,Dermatology,1
2287,i feel chest fatigue sputum high pain phlegm chills heart fast rate sweating fever cough rusty breathlessness lately,Pulmonology,7
2288,feeling of internal gases passage loss vomiting appetite indigestion itching of,Gastroenterology,3
2289,i think it's vomiting pain sweating chest,Cardiology,0
2290,experiencing pimples filled skin scurring pus rash blackheads,Dermatology,1
2291,having swollen cramps blood obesity fatigue legs vessels bruising swollen,Cardiology,0
2292,my main issue is chest vomiting breathlessness pain sweating,Cardiology,0
2293,dealing with joint pain vomiting yellowish of eyes yellowing abdominal loss dark pain urine nausea skin appetite of fatigue,Gastroenterology,3
2294,i am having swollen prominent cramps vessels bruising obesity veins on blood legs calf fatigue swollen,Cardiology,0
2295,i think it's hunger vomiting headache distorted tingling and blurred and excessive lips speech vision nausea irritability anxiety drying slurred palpitations fatigue,Endocrinology,2
2296,feeling sweating pain breathlessness chest vomiting,Cardiology,0
2297,i feel over fever fatigue appetite swelled spots nodes lymph malaise fever loss rash lethargy red high body mild skin of itching lately,Infectious,4
2298,i think it's rash blackheads skin scurring,Dermatology,1
2299,having high weight loss fever skin urine dark abdominal fatigue yellowish itching pain vomiting,Gastroenterology,3
2300,suffering from pain chills high abdominal diarrhoea vomiting fatigue pain look (typhos) constipation toxic belly headache fever,Infectious,4
2301,suffering from nausea fatigue excessive hunger palpitations speech distorted and headache and irritability anxiety drying tingling blurred slurred vision sweating lips,Endocrinology,2
2302,feeling over high red itching of headache spots mild fatigue appetite skin fever malaise nodes lymph swelled rash lethargy fever loss body,Infectious,4
2303,i have the high over chills behind back headache pain body nausea of malaise spots fatigue pain eyes skin fever appetite pain vomiting loss joint rash red,Infectious,4
2304,my main issue is limbs balance in loss neck back weakness pain of pain dizziness,Neurology,5
2305,having pain phlegm redness smell nodes irritation malaise loss of fatigue high chills of sneezing congestion cough eyes chest nose fever muscle lymph throat runny continuous swelled sinus pressure pain headache,Pulmonology,7
2306,i feel of urine pain eyes pain yellowing fatigue appetite abdominal skin dark loss of joint vomiting nausea yellowish lately,Gastroenterology,3
2307,experiencing one body vomiting weakness sensorium side of altered headache,Neurology,5
2308,dealing with chills watering from eyes continuous sneezing,Dermatology,1
2309,dealing with bleeding of urine of fatigue stomach joint liver appetite loss vomiting dark fever eyes coma yellowing pain failure high abdominal acute nausea pain,Gastroenterology,3
2310,my main issue is speech and irritability tingling excessive fatigue headache palpitations sweating distorted slurred blurred lips hunger and drying vomiting nausea vision,Endocrinology,2
2311,i have tongue on acidity cough vomiting pain ulcers chest,Gastroenterology,3
2312,having sputum fever fatigue high mucoid family breathlessness history,Pulmonology,7
2313,i have malaise loss spots headache body fatigue fever red of rash appetite swelled high mild lymph itching over lethargy fever nodes skin,Infectious,4
2314,my main issue is pain vomiting acidity cough chest stomach pain,Gastroenterology,3
2315,feeling weakness swelling stiffness joints movement walking painful muscle,Orthopedics,6
2316,i think it's the vomiting chills pain red behind loss muscle fatigue high pain eyes appetite body nausea fever rash skin spots pain malaise pain of joint back over headache,Infectious,4
2317,feeling pain skin distention history abdominal consumption abdomen of overload yellowish of swelling stomach alcohol fluid vomiting of,Gastroenterology,3
2318,experiencing bleeding pain urine yellowish acute of vomiting appetite failure abdominal fever joint nausea of liver fatigue yellowing skin stomach pain high dark coma eyes loss,Gastroenterology,3
2319,having abdominal pain nausea fever look pain headache fatigue toxic diarrhoea belly (typhos) vomiting high chills constipation,Infectious,4
2320,dealing with of headache one side vomiting weakness altered body sensorium,Neurology,5
2321,dealing with pain chest on vomiting acidity cough tongue ulcers,Gastroenterology,3
2322,i think it's headache of high pressure fatigue pain continuous cough pain chest phlegm sneezing loss runny lymph sinus throat chills irritation eyes swelled nose malaise nodes fever of smell muscle redness congestion,Pulmonology,7
2323,dealing with pressure swelled throat congestion high phlegm headache pain sinus nose continuous muscle smell fever chest redness chills loss nodes lymph irritation cough of pain runny sneezing malaise eyes of,Pulmonology,7
2324,experiencing headache muscle vomiting chills sweating nausea fever pain high,Infectious,4
2325,dealing with mild of pain yellowish appetite muscle fever loss joint yellowing abdominal dark vomiting skin nausea diarrhoea pain of eyes urine pain,Gastroenterology,3
2326,i am having headache vomiting side weakness one of sensorium body altered,Neurology,5
2327,my main issue is filled scurring skin pimples blackheads pus rash,Dermatology,1
2328,experiencing skin malaise transfusion receiving of receiving appetite yellowing fatigue loss urine urine unsterile of itching pain lethargy dark yellow abdominal injections yellowish blood eyes,Gastroenterology,3
2329,i am having knee hip walking neck pain pain pain swelling joints painful joint joint pain,Orthopedics,6
2330,suffering from pain painful joint swelling neck pain joints joint knee pain hip pain walking,Orthopedics,6
2331,experiencing excessive drying tingling speech distorted irritability anxiety and and sweating hunger fatigue slurred nausea palpitations blurred headache vision lips,Endocrinology,2
2332,suffering from nausea pain pain diarrhoea vomiting high headache fatigue toxic abdominal chills belly constipation look fever (typhos),Infectious,4
2333,i have on tongue cough pain vomiting pain stomach ulcers chest acidity,Gastroenterology,3
2334,having and swings eyes extremeties puffy fatigue feets brittle face and swollen depression nails cold thyroid irritability dizziness abnormal mood lethargy enlarged hands menstruation,Endocrinology,2
2335,my main issue is skin itching burning rash micturition urination spotting,Dermatology,1
2336,feeling bladder of urine micturition urine foul of discomfort burning feel smell continuous,Urology,8
2337,i am having transfusion pain urine fatigue receiving malaise injections eyes itching yellowish urine yellowing loss blood receiving abdominal of lethargy of unsterile appetite dark yellow skin,Gastroenterology,3
2338,having swelled fever blood loss yellowing loss mild sputum malaise phlegm high sweating in fatigue lymph breathlessness of nodes of pain weight appetite cough chest eyes vomiting fever,Pulmonology,7
2339,feeling abdominal urine yellowish pain of appetite pain loss vomiting fatigue of nausea yellowing skin eyes dark joint,Gastroenterology,3
2340,having of abdominal skin yellowish yellowing nausea fatigue of urine appetite dark loss vomiting eyes pain,Gastroenterology,3
2341,dealing with balance neck of dizziness back pain loss pain,Neurology,5
2342,i have pressure fever continuous runny of fatigue loss chills smell pain headache of sneezing pain congestion redness chest muscle phlegm swelled nose high eyes nodes cough sinus irritation throat lymph,Pulmonology,7
2343,i feel on acidity stomach vomiting pain cough tongue ulcers chest pain lately,Gastroenterology,3
2344,feeling loss abdominal of of fatigue eyes yellowish pain urine dark joint yellowing vomiting nausea skin appetite pain,Gastroenterology,3
2345,i have altered weakness sensorium of one vomiting body side headache,Neurology,5
2346,i feel excessive speech blurred distorted vomiting slurred palpitations irritability drying and anxiety nausea and lips tingling hunger vision sweating headache lately,Endocrinology,2
2347,i am having distorted slurred and hunger vomiting vision palpitations headache excessive nausea sweating anxiety irritability speech blurred fatigue,Endocrinology,2
2348,my main issue is burning bladder discomfort micturition of continuous smell urine foul of feel urine,Urology,8
2349,having fatigue chills pain vomiting fever skin loss malaise body nausea eyes rash red over pain of headache high behind pain back the appetite spots muscle,Infectious,4
2350,my main issue is prominent veins swollen on legs obesity cramps calf fatigue bruising swollen blood vessels,Cardiology,0
2351,experiencing back loss pain dizziness in weakness of balance limbs,Neurology,5
2352,i have throat wasting contacts patches fever high extra muscle marital in,Infectious,4
2353,i think it's extra high patches throat marital contacts in fever,Infectious,4
2354,suffering from appetite in breathlessness mild weight eyes chills yellowing fever phlegm lymph chest loss loss fever of swelled sputum vomiting malaise nodes of sweating pain high fatigue blood cough,Pulmonology,7
2355,dealing with nausea acute bleeding appetite high fever dark loss failure skin stomach pain of urine liver of fatigue pain yellowish joint abdominal coma eyes yellowing,Gastroenterology,3
2356,dealing with continuous sneezing eyes from shivering watering chills,Dermatology,1
2357,dealing with hunger distorted excessive and irritability blurred disturbances depression headache visual neck stiff acidity indigestion vision,Neurology,5
2358,i have throat of chest cough phlegm fatigue muscle chills loss lymph pressure headache nose swelled eyes fever redness smell pain malaise irritation of pain runny high sneezing continuous sinus congestion nodes,Pulmonology,7
2359,my main issue is dehydration eyes diarrhoea sunken vomiting,Gastroenterology,3
2360,my main issue is continuous shivering chills sneezing,Dermatology,1
2361,dealing with body side of one sensorium headache altered weakness,Neurology,5
2362,i feel fever swelled lethargy spots body nodes fever headache over rash high red mild fatigue malaise skin itching lymph lately,Infectious,4
2363,my main issue is side body vomiting sensorium altered one weakness of,Neurology,5
2364,experiencing failure stomach eyes loss dark of skin bleeding coma appetite joint high pain of fever urine pain nausea liver vomiting abdominal yellowish yellowing acute fatigue,Gastroenterology,3
2365,i feel discomfort feel of foul urine urine micturition smell of continuous burning bladder lately,Urology,8
2366,dealing with and sweating speech vision irritability tingling and palpitations slurred excessive drying anxiety hunger distorted nausea blurred lips fatigue vomiting,Endocrinology,2
2367,feeling rash pimples pus blackheads skin filled scurring,Dermatology,1
2368,i have fever family history mucoid cough breathlessness sputum high,Pulmonology,7
2369,i have irritation pressure high redness smell lymph of headache fever malaise chest throat continuous loss eyes of congestion chills runny sneezing muscle fatigue pain sinus nodes nose phlegm cough pain swelled,Pulmonology,7
2370,i am having nausea joint muscle appetite of fever dark of pain mild vomiting loss skin yellowing pain urine yellowish eyes pain abdominal diarrhoea,Gastroenterology,3
2371,i think it's sneezing chest fatigue high redness headache of irritation continuous pain loss eyes muscle cough nodes of pain congestion smell nose chills pressure sinus fever swelled runny phlegm throat lymph,Pulmonology,7
2372,experiencing appetite body high fatigue fever red loss of swelled itching malaise headache fever lymph rash lethargy nodes spots over skin mild,Infectious,4
2373,i have urine skin of fatigue yellow lethargy itching receiving injections yellowish eyes malaise abdominal pain unsterile dark urine receiving blood transfusion yellowing,Gastroenterology,3
2374,feeling rash pain pain red loss muscle fever headache skin body fatigue pain eyes high back chills pain of behind over joint malaise nausea spots appetite the,Infectious,4
2375,suffering from excessive vision stiff hunger blurred distorted neck and acidity headache irritability depression indigestion,Neurology,5
2376,dealing with urine pain vomiting joint dark muscle nausea appetite yellowing abdominal loss of mild skin of pain diarrhoea pain fever yellowish eyes,Gastroenterology,3
2377,i think it's cough history sputum high fever fatigue breathlessness family mucoid,Pulmonology,7
2378,i think it's sunken eyes diarrhoea vomiting dehydration,Gastroenterology,3
2379,feeling pus skin rash pimples filled scurring,Dermatology,1
2380,i am having vomiting abdominal of pain of abdomen distention of skin history overload swelling fluid yellowish alcohol consumption stomach,Gastroenterology,3
2381,experiencing pain of stomach vomiting alcohol abdominal of skin consumption overload swelling fluid yellowish history,Gastroenterology,3
2382,feeling receiving skin fatigue pain urine itching of lethargy blood appetite abdominal yellow of eyes loss urine malaise receiving transfusion yellowish yellowing injections unsterile dark,Gastroenterology,3
2383,experiencing nose fever skin rash blister yellow ooze around high sore red crust,Dermatology,1
2384,i feel menstruation excessive fast mood weight rate muscle sweating weakness heart fatigue swings irritability diarrhoea loss abnormal hunger restlessness lately,Endocrinology,2
2385,i am having skin rash eruptions skin dischromic itching nodal patches,Dermatology,1
2386,i feel rate pain heart sweating breathlessness high phlegm malaise rusty chest cough fever chills fatigue sputum fast lately,Pulmonology,7
2387,my main issue is dischromic itching eruptions nodal patches skin,Dermatology,1
2388,i am having vomiting tongue stomach chest on pain acidity cough pain ulcers,Gastroenterology,3
2389,having gases abdominal of of indigestion internal passage itching appetite loss vomiting pain,Gastroenterology,3
2390,my main issue is mucoid breathlessness cough fatigue sputum high fever,Pulmonology,7
2391,i feel high yellow ooze crust blister skin nose sore around fever rash red lately,Dermatology,1
2392,feeling gases loss pain indigestion of vomiting abdominal itching passage of appetite internal,Gastroenterology,3
2393,i have eyes phlegm fatigue headache redness congestion of pain muscle pain swelled fever irritation throat smell cough malaise sinus lymph sneezing chills pressure of continuous chest nodes loss runny nose high,Pulmonology,7
2394,i feel movement swelling stiff muscle neck painful joints stiffness walking weakness lately,Orthopedics,6
2395,i think it's sweating fever heart chest rate high rusty chills pain breathlessness malaise cough phlegm fast sputum,Pulmonology,7
2396,i think it's high skin vomiting fatigue fever abdominal itching pain loss yellowish weight,Gastroenterology,3
2397,i think it's yellowish of history fluid vomiting stomach of skin overload swelling distention consumption of abdomen alcohol,Gastroenterology,3
2398,i am having of swelled nodes cough mild eyes in pain sputum yellowing lymph malaise weight appetite blood chills vomiting sweating high loss loss fever fatigue chest phlegm of breathlessness fever,Pulmonology,7
2399,dealing with vomiting eyes diarrhoea dehydration sunken,Gastroenterology,3
2400,i feel headache fever vomiting muscle nausea high chills pain diarrhoea sweating lately,Infectious,4
2401,i feel pain rash stomach urination itching burning micturition spotting skin lately,Dermatology,1
2402,my main issue is urine joint coma yellowing yellowish fatigue vomiting bleeding appetite liver fever skin acute stomach loss pain failure eyes of pain of dark abdominal high,Gastroenterology,3
2403,having vision fatigue slurred excessive blurred and hunger palpitations speech tingling nausea distorted drying sweating anxiety lips and vomiting irritability,Endocrinology,2
2404,i have headache high lethargy fever body skin fever fatigue appetite red swelled rash nodes mild lymph malaise over of spots loss,Infectious,4
2405,i think it's fever sore high red yellow nose crust skin around blister ooze rash,Dermatology,1
2406,i have blood itching injections urine loss abdominal of yellowing skin dark eyes yellow urine unsterile pain receiving appetite fatigue lethargy yellowish of transfusion malaise receiving,Gastroenterology,3
2407,experiencing of abdominal urine yellowing skin yellowish joint pain diarrhoea nausea eyes muscle pain fever mild vomiting dark pain,Gastroenterology,3
2408,having yellowing of urine yellow itching receiving urine blood of abdominal appetite skin receiving transfusion eyes unsterile lethargy loss pain malaise yellowish dark fatigue injections,Gastroenterology,3
2409,suffering from micturition stomach pain itching skin spotting burning urination rash,Dermatology,1
2410,my main issue is weight high skin fever pain abdominal loss dark urine itching vomiting fatigue yellowish,Gastroenterology,3
2411,i feel high extra fever muscle wasting marital contacts lately,Infectious,4
2412,i am having appetite acute eyes of pain stomach abdominal of pain urine yellowish joint loss liver dark skin coma yellowing fatigue vomiting failure bleeding nausea,Gastroenterology,3
2413,my main issue is skin filled scurring rash pus pimples blackheads,Dermatology,1
2414,i am having high vomiting sweating nausea chills headache muscle fever pain diarrhoea,Infectious,4
2415,my main issue is indigestion depression distorted neck irritability vision blurred headache and excessive acidity stiff hunger,Neurology,5
2416,i feel irritability stiff indigestion headache and distorted vision disturbances depression visual hunger blurred acidity neck excessive lately,Neurology,5
2417,having prominent cramps legs veins fatigue swollen vessels blood bruising swollen on calf,Cardiology,0
2418,i think it's pain loss pain neck dizziness of back balance,Neurology,5
2419,my main issue is hunger fast diarrhoea excessive abnormal mood restlessness fatigue rate loss irritability swings heart menstruation sweating muscle weakness weight,Endocrinology,2
2420,i am having breathlessness family history sputum mucoid fever fatigue high,Pulmonology,7
2421,suffering from runny sneezing eyes sinus pain of continuous malaise congestion phlegm smell muscle loss irritation cough redness high of throat pressure headache chest chills pain fever nose fatigue,Pulmonology,7
2422,i am having continuous from watering eyes sneezing chills shivering,Dermatology,1
2423,i think it's around ooze yellow fever skin nose red blister crust high sore rash,Dermatology,1
2424,dealing with irritation pain of muscle congestion chills fever eyes swelled malaise pressure runny phlegm sneezing headache loss continuous lymph nose pain smell high nodes cough redness chest throat sinus fatigue of,Pulmonology,7
2425,experiencing dizziness in pain pain weakness balance of neck limbs back loss,Neurology,5
2426,i feel fatigue irritability hunger excessive restlessness sweating diarrhoea swings muscle mood loss abnormal weakness menstruation weight lately,Endocrinology,2
2427,i am having sweating pain vomiting breathlessness chest,Cardiology,0
2428,suffering from dizziness lethargy puffy depression eyes cold brittle menstruation face hands fatigue abnormal feets weight and swings thyroid enlarged and extremeties nails swollen irritability mood gain,Endocrinology,2
2429,i have pain spots pain pain rash skin the headache back joint pain appetite behind malaise of muscle over fatigue nausea chills loss body high fever eyes vomiting red,Infectious,4
2430,i am having eyes abdominal fever skin pain dark vomiting pain yellowish of muscle loss urine appetite joint of mild pain diarrhoea yellowing,Gastroenterology,3
2431,i feel of yellowing vomiting dark pain loss nausea of joint fatigue skin eyes urine yellowish appetite lately,Gastroenterology,3
2432,i feel eyes fatigue nausea of skin history of loss yellowing family appetite yellowish lately,Gastroenterology,3
2433,having chills eyes watering from continuous shivering sneezing,Dermatology,1
2434,i feel diarrhoea dehydration vomiting sunken eyes lately,Gastroenterology,3
2435,i feel fatigue high headache loss red fever lymph over nodes itching spots lethargy rash body swelled fever of appetite mild malaise skin lately,Infectious,4
2436,i am having cough mild yellowing chills of loss high chest of phlegm lymph blood loss malaise sputum nodes fever in swelled vomiting eyes fever pain breathlessness appetite weight fatigue,Pulmonology,7
2437,i am having rash stomach skin urination micturition burning spotting pain itching,Dermatology,1
2438,feeling of history overload pain abdominal of of yellowish alcohol stomach abdomen swelling distention fluid skin consumption,Gastroenterology,3
2439,experiencing sweating rate chills chest fatigue fast cough heart malaise breathlessness fever pain rusty high sputum,Pulmonology,7
2440,i think it's swelling muscle stiffness stiff weakness movement neck joints,Orthopedics,6
2441,feeling pain gases vomiting of passage loss abdominal internal appetite indigestion of itching,Gastroenterology,3
2442,experiencing chills muscle vomiting nausea sweating headache diarrhoea pain,Infectious,4
2443,i have skin filled rash blackheads pimples scurring pus,Dermatology,1
2444,suffering from joints hip joint swelling pain pain painful neck pain knee walking,Orthopedics,6
2445,having fever yellowish dark fatigue weight pain abdominal loss urine skin vomiting itching high,Gastroenterology,3
2446,i have of pain indigestion internal itching vomiting appetite abdominal loss,Gastroenterology,3
2447,dealing with high pain (typhos) vomiting constipation fatigue chills fever pain belly headache abdominal diarrhoea look toxic nausea,Infectious,4
2448,my main issue is loss neck pain pain back dizziness of balance,Neurology,5
2449,i have history fatigue yellowish of eyes family skin yellowing nausea,Gastroenterology,3
2450,dealing with cramps swollen on blood calf prominent swollen obesity veins bruising legs fatigue vessels,Cardiology,0
2451,i have itching urination pain micturition burning stomach skin rash spotting,Dermatology,1
2452,i have loss yellowing lethargy transfusion itching skin fatigue of abdominal yellow receiving yellowish receiving of urine appetite malaise eyes pain blood unsterile injections,Gastroenterology,3
2453,dealing with gases abdominal vomiting loss indigestion of of passage appetite itching internal pain,Gastroenterology,3
2454,i think it's neck knee swelling joint painful pain hip walking pain pain joint joints pain,Orthopedics,6
2455,i have high marital extra muscle in patches throat fever wasting contacts,Infectious,4
2456,feeling pain back of loss neck weakness balance dizziness pain limbs in,Neurology,5
2457,i have cold thyroid and menstruation nails feets puffy hands face eyes brittle and abnormal fatigue enlarged weight lethargy extremeties mood depression irritability gain swings swollen dizziness,Endocrinology,2
2458,having in limbs weakness loss pain balance of neck dizziness,Neurology,5
2459,feeling disturbances visual indigestion neck irritability vision stiff and acidity distorted excessive hunger depression blurred,Neurology,5
2460,i am having pain vomiting chest breathlessness,Cardiology,0
2461,i have runny cough pressure of pain nodes swelled fever throat headache fatigue sinus phlegm congestion of loss sneezing eyes smell lymph muscle irritation chest high continuous pain nose redness chills,Pulmonology,7
2462,having look constipation chills pain fever pain headache toxic vomiting fatigue nausea diarrhoea high abdominal belly (typhos),Infectious,4
2463,suffering from sweating vision and speech anxiety irritability nausea blurred headache fatigue hunger palpitations excessive vomiting distorted slurred,Endocrinology,2
2464,experiencing sunken eyes diarrhoea vomiting,Gastroenterology,3
2465,i am having excessive anxiety speech vision and and irritability fatigue palpitations drying vomiting lips blurred tingling sweating nausea hunger slurred distorted,Endocrinology,2
2466,having over itching fatigue of lymph skin loss appetite swelled fever rash nodes malaise red body fever spots mild lethargy high,Infectious,4
2467,i have bladder feel burning smell urine micturition of continuous foul urine of discomfort,Urology,8
2468,i feel breathlessness chest pain sweating vomiting lately,Cardiology,0
2469,feeling of high eyes loss fever liver pain of abdominal bleeding stomach acute fatigue coma dark appetite skin failure nausea urine yellowish vomiting yellowing,Gastroenterology,3
2470,my main issue is swelling joint knee walking neck painful pain pain joints pain hip joint pain,Orthopedics,6
2471,feeling cough sputum family fatigue fever history breathlessness mucoid high,Pulmonology,7
2472,experiencing diarrhoea sunken dehydration eyes,Gastroenterology,3
2473,having neck in weakness dizziness loss pain balance limbs of,Neurology,5
2474,i am having and and irritability vision fatigue palpitations speech distorted vomiting slurred anxiety tingling excessive drying hunger headache sweating blurred lips nausea,Endocrinology,2
2475,feeling skin itching high weight urine fever pain abdominal loss yellowish dark fatigue,Gastroenterology,3
2476,dealing with yellowish vomiting fever joint pain appetite pain diarrhoea dark yellowing abdominal muscle eyes nausea pain urine skin loss mild of of,Gastroenterology,3
2477,i am having chest phlegm sputum heart chills cough malaise fatigue rusty pain rate breathlessness fever sweating high fast,Pulmonology,7
2478,dealing with dischromic patches skin itching rash skin nodal eruptions,Dermatology,1
2479,i am having skin skin patches rash eruptions dischromic nodal,Dermatology,1
2480,having fatigue high headache mild skin malaise fever swelled over body rash loss spots appetite lymph lethargy of red itching nodes fever,Infectious,4
2481,experiencing skin nodal eruptions skin itching rash patches dischromic,Dermatology,1
2482,i have of alcohol stomach overload skin of abdomen yellowish of consumption vomiting abdominal fluid pain swelling distention history,Gastroenterology,3
2483,having sore around blister yellow nose skin ooze red crust rash,Dermatology,1
2484,i have continuous smell redness pain nose congestion fatigue malaise headache nodes lymph muscle runny high pressure eyes fever phlegm chest chills throat cough sneezing pain swelled loss of sinus irritation of,Pulmonology,7
2485,having pain sweating heart chest chills fever sputum phlegm breathlessness fast malaise high rate fatigue cough rusty,Pulmonology,7
2486,dealing with chills sweating malaise heart fever chest sputum pain rusty breathlessness fast fatigue high cough rate phlegm,Pulmonology,7
2487,suffering from skin mild pain yellowish eyes appetite of pain abdominal muscle loss fever joint of urine vomiting yellowing dark pain nausea,Gastroenterology,3
2488,feeling dark of yellowish of pain pain loss vomiting joint nausea fever urine muscle yellowing abdominal mild eyes appetite diarrhoea skin pain,Gastroenterology,3
2489,my main issue is malaise sweating fast pain phlegm sputum heart breathlessness rusty high chills fever fatigue rate cough chest,Pulmonology,7
2490,experiencing loss nose swelled sinus sneezing of pain continuous fatigue malaise phlegm pain congestion runny high irritation smell redness fever chills lymph throat pressure eyes cough chest nodes muscle of,Pulmonology,7
2491,i feel fever diarrhoea vomiting pain yellowing of joint abdominal yellowish of urine loss eyes muscle pain nausea dark skin pain mild appetite lately,Gastroenterology,3
2492,suffering from look constipation toxic fever nausea fatigue diarrhoea pain pain belly chills headache vomiting (typhos) high abdominal,Infectious,4
2493,i think it's high lethargy spots fever fatigue over body fever skin of rash itching appetite red malaise loss mild headache,Infectious,4
2494,i feel cough pain heart phlegm fatigue malaise chest rusty sweating chills breathlessness rate sputum fast lately,Pulmonology,7
2495,suffering from yellowish fatigue skin fever weight loss dark high urine vomiting itching,Gastroenterology,3
2496,i feel urine transfusion of pain lethargy loss of appetite itching yellow eyes malaise dark receiving urine abdominal blood unsterile injections fatigue yellowing receiving lately,Gastroenterology,3
2497,my main issue is slurred speech sweating fatigue excessive and palpitations lips vomiting vision anxiety headache blurred and tingling irritability drying distorted hunger nausea,Endocrinology,2
2498,dealing with vomiting coma appetite fatigue dark abdominal acute liver bleeding skin pain yellowish loss fever yellowing of joint nausea pain of eyes high urine stomach failure,Gastroenterology,3
2499,my main issue is fatigue bruising on obesity legs veins cramps calf prominent swollen,Cardiology,0
2500,i think it's slurred headache speech distorted lips and irritability blurred vision nausea anxiety vomiting fatigue tingling and sweating palpitations excessive hunger drying,Endocrinology,2
2501,suffering from weakness dizziness limbs of balance back loss pain neck pain in,Neurology,5
2502,suffering from pain vomiting tongue stomach acidity cough pain on chest ulcers,Gastroenterology,3
2503,suffering from eyes watering shivering chills from,Dermatology,1
2504,i am having sweating pain vomiting headache nausea diarrhoea muscle high fever,Infectious,4
2505,i have spotting pain burning urination skin itching micturition stomach rash,Dermatology,1
2506,having distention overload yellowish of fluid stomach of abdomen skin vomiting swelling pain abdominal,Gastroenterology,3
2507,experiencing of nausea yellowish appetite yellowing skin family of loss eyes history,Gastroenterology,3
2508,i think it's restlessness weight abnormal mood heart fast loss fatigue swings rate muscle irritability sweating menstruation diarrhoea weakness,Endocrinology,2
2509,suffering from eyes of nausea family history skin fatigue yellowing yellowish,Gastroenterology,3
2510,i feel weakness body headache altered side of sensorium one vomiting lately,Neurology,5
2511,suffering from and neck disturbances excessive irritability depression acidity headache blurred indigestion stiff distorted vision visual hunger,Neurology,5
2512,suffering from acidity pain tongue ulcers pain on chest cough stomach,Gastroenterology,3
2513,my main issue is eyes dark joint diarrhoea of muscle abdominal yellowing of yellowish nausea skin pain appetite urine mild vomiting pain loss fever pain,Gastroenterology,3
2514,my main issue is sputum mucoid history cough fatigue family high breathlessness fever,Pulmonology,7
2515,my main issue is pain skin red chills behind pain malaise loss body of pain joint fever nausea over appetite eyes the muscle rash back high spots pain headache vomiting,Infectious,4
2516,feeling abdomen consumption distention vomiting abdominal skin of swelling yellowish of history pain stomach alcohol of,Gastroenterology,3
2517,experiencing spots body lymph lethargy high appetite nodes red headache of malaise itching mild fatigue fever fever loss swelled over,Infectious,4
2518,dealing with of foul discomfort feel urine bladder smell continuous of urine,Urology,8
2519,feeling vision neck blurred visual stiff hunger indigestion disturbances headache and acidity irritability excessive depression distorted,Neurology,5
2520,i think it's fever cough mucoid breathlessness fatigue history family high sputum,Pulmonology,7
2521,suffering from lymph smell sneezing redness irritation pressure continuous cough malaise of congestion phlegm of chills swelled runny pain fatigue eyes fever nose nodes sinus muscle throat high pain chest headache loss,Pulmonology,7
2522,i think it's patches high throat muscle in fever wasting,Infectious,4
2523,having bruising obesity prominent fatigue swollen cramps legs swollen blood vessels calf veins on,Cardiology,0
2524,i feel nose blister sore around red crust skin rash ooze yellow lately,Dermatology,1
2525,feeling vomiting joint of pain urine fatigue pain appetite bleeding loss dark fever nausea coma liver eyes yellowing stomach acute of abdominal high failure,Gastroenterology,3
2526,experiencing nausea of family loss eyes fatigue yellowish history appetite yellowing of skin,Gastroenterology,3
2527,i feel neck pain joint swelling painful pain knee hip pain joints joint walking pain lately,Orthopedics,6
2528,suffering from pain headache constipation fever abdominal vomiting toxic fatigue pain belly nausea look chills diarrhoea (typhos) high,Infectious,4
2529,i think it's rash pimples skin pus blackheads filled scurring,Dermatology,1
2530,experiencing skin nodal itching skin rash dischromic patches eruptions,Dermatology,1
2531,experiencing blurred fatigue and drying lips anxiety hunger speech nausea and palpitations slurred headache vomiting distorted vision irritability excessive tingling,Endocrinology,2
2532,having dark abdominal muscle diarrhoea yellowing yellowish vomiting of fever loss mild appetite urine of nausea skin joint pain pain eyes pain,Gastroenterology,3
2533,i feel pain swelling joint joint painful walking hip joints neck pain pain lately,Orthopedics,6
2534,my main issue is eruptions dischromic skin itching rash nodal skin patches,Dermatology,1
2535,having ulcers chest pain tongue cough stomach vomiting pain on,Gastroenterology,3
2536,my main issue is sneezing chills from shivering watering continuous eyes,Dermatology,1
2537,i think it's nails peeling rash inflammatory joint nails in silver pain dents skin skin like dusting small,Dermatology,1
2538,i am having pain fatigue pain red rash back chills vomiting eyes high pain of fever skin body appetite spots joint behind headache the pain nausea muscle over loss malaise,Infectious,4
2539,experiencing itching weight abdominal vomiting fatigue yellowish dark skin pain urine loss,Gastroenterology,3
2540,i think it's skin skin dents inflammatory peeling dusting silver rash in pain like nails small joint nails,Dermatology,1
2541,having chills fatigue vomiting toxic pain high (typhos) abdominal constipation look pain diarrhoea nausea belly headache fever,Infectious,4
2542,i think it's red fatigue appetite swelled itching rash fever skin spots malaise loss mild lymph fever body lethargy high over of headache nodes,Infectious,4
2543,experiencing coma skin yellowing fatigue of vomiting appetite loss bleeding pain abdominal nausea pain yellowish eyes joint of fever stomach urine dark high,Gastroenterology,3
2544,feeling continuous watering eyes from sneezing shivering,Dermatology,1
2545,i am having side of vomiting sensorium weakness body altered one,Neurology,5
2546,experiencing stomach pain spotting urination itching skin rash,Dermatology,1
2547,dealing with muscle fever high nausea sweating pain diarrhoea chills headache,Infectious,4
2548,i feel appetite internal of pain vomiting loss passage itching of gases abdominal indigestion lately,Gastroenterology,3
2549,my main issue is stomach tongue cough chest pain pain acidity ulcers on,Gastroenterology,3
2550,dealing with neck pain joint joint swelling joints walking pain painful pain knee hip pain,Orthopedics,6
2551,i have swelling walking weakness stiffness neck muscle joints stiff painful movement,Orthopedics,6
2552,having urine abdominal joint nausea yellowish vomiting dark pain fatigue pain of skin yellowing eyes,Gastroenterology,3
2553,i feel pain like dusting nails peeling dents in silver joint skin small rash inflammatory nails skin lately,Dermatology,1
2554,experiencing dehydration diarrhoea vomiting,Gastroenterology,3
2555,feeling vomiting body sensorium weakness side of headache altered one,Neurology,5
2556,i feel small inflammatory skin in skin pain nails dusting rash joint peeling silver like nails dents lately,Dermatology,1
2557,i have fever chills pain vomiting diarrhoea high headache muscle nausea sweating,Infectious,4
2558,i think it's of yellowish history loss fatigue nausea skin of family yellowing eyes appetite,Gastroenterology,3
2559,i feel rash skin pus blackheads pimples filled scurring lately,Dermatology,1
2560,dealing with vomiting pain high chills nausea sweating diarrhoea muscle fever headache,Infectious,4
2561,dealing with small peeling inflammatory skin skin nails nails like rash in dusting dents silver,Dermatology,1
2562,i think it's family of fatigue yellowing loss eyes history appetite of nausea,Gastroenterology,3
2563,i feel abnormal heart diarrhoea muscle hunger swings menstruation irritability rate weakness weight restlessness fast sweating mood excessive fatigue loss lately,Endocrinology,2
2564,my main issue is smell cough lymph pain malaise congestion nose continuous swelled headache of phlegm muscle eyes of chest runny loss sinus throat pressure nodes pain irritation sneezing fever fatigue redness chills high,Pulmonology,7
2565,suffering from mild of muscle nausea pain yellowish appetite abdominal pain fever loss diarrhoea of yellowing skin urine vomiting eyes dark,Gastroenterology,3
2566,i think it's weakness restlessness weight heart abnormal mood muscle fatigue loss fast sweating diarrhoea rate irritability swings menstruation,Endocrinology,2
2567,i think it's around rash nose yellow fever blister skin crust red high sore ooze,Dermatology,1
2568,having speech hunger and nausea vision and tingling palpitations irritability blurred distorted fatigue excessive lips slurred vomiting sweating anxiety drying headache,Endocrinology,2
2569,feeling ulcers cough stomach tongue acidity on vomiting pain,Gastroenterology,3
2570,having malaise rate chest high rusty fast sputum chills breathlessness pain heart phlegm cough sweating fever,Pulmonology,7
2571,having lethargy skin lymph appetite over red loss of nodes itching spots fever fever high mild malaise headache swelled fatigue body rash,Infectious,4
2572,experiencing knee pain joint pain pain neck hip painful joint walking pain,Orthopedics,6
2573,my main issue is appetite fever yellowing acute of bleeding eyes urine loss high yellowish fatigue failure joint nausea vomiting abdominal skin dark liver pain coma of pain stomach,Gastroenterology,3
2574,having smell of of feel micturition bladder continuous foul urine urine discomfort burning,Urology,8
2575,i am having yellowish transfusion yellow urine blood urine injections receiving appetite fatigue unsterile receiving lethargy of skin of dark yellowing eyes loss itching malaise,Gastroenterology,3
2576,i have burning itching spotting skin micturition rash urination,Dermatology,1
2577,i am having of indigestion itching of gases passage appetite pain vomiting abdominal internal loss,Gastroenterology,3
2578,i have limbs pain pain balance weakness of back neck loss in,Neurology,5
2579,feeling mild loss body red malaise high fever swelled over fatigue of spots lymph itching appetite headache fever nodes lethargy,Infectious,4
2580,i feel breathlessness chest pain vomiting lately,Cardiology,0
2581,dealing with joint dark fatigue pain eyes pain appetite nausea loss yellowish of of abdominal skin urine vomiting yellowing,Gastroenterology,3
2582,dealing with joint nausea of body pain pain skin malaise over loss spots muscle eyes appetite the chills red rash fatigue pain pain back fever behind high vomiting headache,Infectious,4
2583,my main issue is rash pus pimples skin blackheads scurring filled,Dermatology,1
2584,my main issue is itching of nodes over high lymph red skin headache fever appetite malaise fever fatigue rash body swelled spots loss mild lethargy,Infectious,4
2585,suffering from chest vomiting sweating pain,Cardiology,0
2586,experiencing lethargy fatigue body nodes mild high of spots loss swelled appetite skin fever headache rash fever red lymph malaise over itching,Infectious,4
2587,i have rash micturition itching pain skin burning stomach,Dermatology,1
2588,i am having cough headache runny muscle smell sinus congestion sneezing of eyes fatigue nose continuous high fever of malaise pain irritation chest pressure throat redness phlegm loss pain chills,Pulmonology,7
2589,having around red sore nose yellow crust fever blister ooze high,Dermatology,1
2590,i have dischromic eruptions nodal skin patches skin rash,Dermatology,1
2591,dealing with dehydration vomiting sunken eyes diarrhoea,Gastroenterology,3
2592,experiencing dusting pain skin dents rash in skin joint nails peeling like inflammatory silver small nails,Dermatology,1
2593,dealing with pain of internal indigestion itching passage gases vomiting abdominal,Gastroenterology,3
2594,suffering from pimples skin filled pus blackheads rash scurring,Dermatology,1
2595,i have pain abdominal yellowish abdomen stomach overload consumption history distention of vomiting skin fluid swelling of alcohol of,Gastroenterology,3
2596,dealing with yellowish eyes of skin nausea appetite of family history yellowing fatigue loss,Gastroenterology,3
2597,my main issue is blackheads rash skin scurring,Dermatology,1
2598,dealing with pain pain neck joint painful swelling pain knee walking hip pain joint joints,Orthopedics,6
2599,having of of failure bleeding coma fatigue eyes nausea urine liver joint abdominal appetite skin vomiting fever stomach pain pain dark yellowish acute high yellowing loss,Gastroenterology,3
2600,i think it's skin mild loss pain appetite vomiting nausea muscle abdominal of pain eyes of diarrhoea joint yellowish yellowing fever pain,Gastroenterology,3
2601,having wasting marital throat in contacts extra high muscle patches fever,Infectious,4
2602,suffering from blackheads rash scurring skin filled pus pimples,Dermatology,1
2603,dealing with internal indigestion of appetite pain abdominal vomiting itching loss,Gastroenterology,3
2604,i am having nodal dischromic itching eruptions patches skin rash skin,Dermatology,1
2605,my main issue is abdominal nausea of yellowish vomiting failure loss dark coma pain eyes fever stomach appetite yellowing skin fatigue bleeding urine liver of high acute,Gastroenterology,3
2606,dealing with sneezing continuous chills shivering,Dermatology,1
2607,suffering from blurred sweating and tingling vomiting lips irritability hunger slurred headache speech and fatigue anxiety drying distorted palpitations nausea vision excessive,Endocrinology,2
2608,suffering from dehydration vomiting sunken diarrhoea eyes,Gastroenterology,3
2609,dealing with headache red skin malaise mild rash lethargy high over fever fever body loss lymph swelled itching nodes spots appetite of,Infectious,4
2610,i think it's dents small skin dusting peeling pain skin silver joint rash nails in inflammatory nails like,Dermatology,1
2611,feeling sputum chills fatigue pain fast high breathlessness cough phlegm malaise chest rusty heart sweating rate fever,Pulmonology,7
2612,experiencing urination micturition skin itching burning spotting rash,Dermatology,1
2613,suffering from pain bleeding abdominal yellowing stomach acute dark eyes appetite of of liver skin failure loss coma high joint urine pain vomiting nausea yellowish fever fatigue,Gastroenterology,3
2614,i feel urine fatigue high fever itching yellowish abdominal dark loss skin weight vomiting pain lately,Gastroenterology,3
2615,having cough breathlessness high sputum fatigue family history fever mucoid,Pulmonology,7
2616,i am having cough sputum fever history family mucoid fatigue breathlessness high,Pulmonology,7
2617,having vomiting pain nausea dark appetite yellowing urine of loss skin yellowish of abdominal joint pain eyes,Gastroenterology,3
2618,having side one altered vomiting sensorium body of weakness,Neurology,5
2619,i think it's bruising calf swollen legs prominent vessels on veins swollen obesity blood fatigue,Cardiology,0
2620,i am having eyes diarrhoea dehydration sunken vomiting,Gastroenterology,3
2621,having muscle weakness joints stiff stiffness swelling neck movement,Orthopedics,6
2622,experiencing continuous sneezing chills shivering,Dermatology,1
2623,my main issue is abdominal pain eyes nausea joint yellowing vomiting urine dark skin of of pain appetite loss yellowish,Gastroenterology,3
2624,i am having of abdomen abdominal distention pain skin vomiting overload fluid of swelling yellowish stomach,Gastroenterology,3
2625,i have fever chills rusty sputum high heart fatigue sweating malaise chest cough pain rate breathlessness fast phlegm,Pulmonology,7
2626,i have pain chest vomiting breathlessness sweating,Cardiology,0
2627,feeling vomiting pain stomach on tongue acidity chest cough ulcers pain,Gastroenterology,3
2628,my main issue is peeling small inflammatory rash nails pain skin dents skin joint dusting like nails in silver,Dermatology,1
2629,i have cramps vessels swollen calf veins legs blood swollen on bruising prominent fatigue obesity,Cardiology,0
2630,i am having appetite nausea diarrhoea skin urine of pain of fever vomiting abdominal muscle loss eyes yellowing pain pain mild dark yellowish joint,Gastroenterology,3
2631,i am having nodes throat nose pain loss sinus redness cough fatigue malaise pressure muscle lymph continuous congestion eyes sneezing high phlegm headache smell fever swelled runny chest of of irritation pain,Pulmonology,7
2632,experiencing fatigue of history yellowing family appetite eyes skin of loss yellowish nausea,Gastroenterology,3
2633,suffering from altered headache sensorium vomiting,Neurology,5
2634,dealing with swelling stiff muscle stiffness painful movement weakness joints neck walking,Orthopedics,6
2635,having smell of urine burning of urine continuous foul feel micturition,Urology,8
2636,experiencing appetite high red lethargy malaise fever rash fever mild nodes of lymph fatigue swelled itching loss skin over body spots,Infectious,4
2637,i feel high rash blister red nose fever skin around sore lately,Dermatology,1
2638,i have pain pain pain pain hip neck joint walking joints painful swelling joint knee,Orthopedics,6
2639,suffering from in extra throat contacts patches muscle wasting marital,Infectious,4
2640,i feel irritability hands puffy brittle and gain nails dizziness eyes enlarged feets fatigue swings cold lethargy weight and extremeties face thyroid swollen abnormal depression mood menstruation lately,Endocrinology,2
2641,dealing with scurring rash pimples skin pus filled,Dermatology,1
2642,feeling eyes diarrhoea sunken vomiting dehydration,Gastroenterology,3
2643,dealing with scurring blackheads rash pus filled skin pimples,Dermatology,1
2644,i think it's of history of fluid distention vomiting skin abdomen yellowish consumption swelling pain abdominal of stomach overload alcohol,Gastroenterology,3
2645,i am having skin fatigue receiving pain malaise lethargy yellowing abdominal dark eyes yellowish urine appetite itching loss injections unsterile receiving blood of transfusion of,Gastroenterology,3
2646,i feel muscle weight menstruation sweating restlessness heart loss hunger weakness irritability mood diarrhoea fast fatigue rate abnormal excessive swings lately,Endocrinology,2
2647,my main issue is skin stomach of fever dark pain yellowing abdominal appetite pain urine eyes high joint yellowish loss bleeding vomiting nausea coma fatigue of,Gastroenterology,3
2648,i feel pain vomiting muscle headache chills fever sweating nausea high lately,Infectious,4
2649,my main issue is of urine smell micturition discomfort feel bladder urine foul continuous burning of,Urology,8
2650,experiencing dehydration eyes vomiting sunken diarrhoea,Gastroenterology,3
2651,i think it's walking movement weakness painful swelling stiffness joints muscle,Orthopedics,6
2652,suffering from and sweating blurred speech headache nausea and hunger fatigue vision palpitations lips distorted tingling anxiety drying vomiting irritability excessive slurred,Endocrinology,2
2653,feeling swollen bruising calf cramps veins fatigue on legs swollen prominent obesity blood vessels,Cardiology,0
2654,i am having stomach swelling of abdomen skin overload vomiting fluid of alcohol yellowish pain consumption history abdominal distention of,Gastroenterology,3
2655,feeling body pain malaise spots fatigue joint behind vomiting chills nausea high fever red loss muscle pain the over appetite headache pain of eyes pain back,Infectious,4
2656,feeling extremeties irritability weight cold swollen brittle thyroid nails gain depression lethargy hands enlarged mood swings menstruation dizziness and feets abnormal fatigue,Endocrinology,2
2657,i have skin itching dischromic nodal patches eruptions skin rash,Dermatology,1
2658,i have mucoid history fatigue fever family breathlessness cough high sputum,Pulmonology,7
2659,i have puffy extremeties cold brittle feets irritability swings fatigue lethargy nails and hands menstruation swollen abnormal gain dizziness and face enlarged eyes mood weight thyroid depression,Endocrinology,2
2660,feeling vomiting high diarrhoea chills fever headache sweating pain muscle nausea,Infectious,4
2661,feeling chills watering eyes continuous sneezing shivering from,Dermatology,1
2662,i feel prominent veins calf on swollen cramps legs fatigue swollen obesity blood vessels bruising lately,Cardiology,0
2663,dealing with continuous sneezing from watering eyes shivering chills,Dermatology,1
2664,i think it's indigestion hunger acidity stiff visual vision disturbances blurred depression distorted irritability headache excessive neck and,Neurology,5
2665,i have history fatigue breathlessness mucoid family cough sputum,Pulmonology,7
2666,having fatigue fever history high sputum family cough breathlessness mucoid,Pulmonology,7
2667,having stiff stiffness walking joints neck painful movement muscle weakness swelling,Orthopedics,6
2668,i have on ulcers vomiting stomach pain acidity cough chest pain tongue,Gastroenterology,3
2669,having sunken dehydration diarrhoea eyes vomiting,Gastroenterology,3
2670,dealing with malaise mild body appetite swelled fever fever headache loss of high lethargy lymph red over fatigue spots skin rash itching nodes,Infectious,4
2671,having itching rash burning urination spotting micturition skin,Dermatology,1
2672,feeling bleeding fatigue of vomiting fever stomach pain high nausea appetite acute yellowing loss skin abdominal yellowish dark liver urine coma failure eyes of,Gastroenterology,3
2673,having history appetite nausea family yellowish of loss skin fatigue,Gastroenterology,3
2674,my main issue is over appetite headache lymph fever spots skin rash malaise of mild loss lethargy nodes fatigue fever body swelled high red itching,Infectious,4
2675,my main issue is urine yellowish appetite vomiting nausea abdominal muscle pain of joint dark of mild yellowing loss fever diarrhoea eyes pain pain skin,Gastroenterology,3
2676,having fatigue abdominal loss vomiting urine weight pain yellowish dark skin itching,Gastroenterology,3
2677,having burning smell of micturition bladder feel continuous urine urine foul discomfort of,Urology,8
2678,i have cough pain ulcers chest stomach on tongue vomiting acidity pain,Gastroenterology,3
2679,experiencing yellowing pain skin yellowish vomiting bleeding liver nausea of dark urine of pain fatigue abdominal stomach failure loss coma high joint appetite eyes acute fever,Gastroenterology,3
2680,dealing with diarrhoea muscle sweating nausea chills pain headache vomiting,Infectious,4
2681,dealing with discomfort bladder of feel urine micturition burning continuous,Urology,8
2682,suffering from hip painful pain pain joint pain joint joints swelling walking knee,Orthopedics,6
2683,my main issue is in wasting fever extra patches marital high throat muscle contacts,Infectious,4
2684,having joint skin like small inflammatory nails pain peeling rash silver in skin dusting nails dents,Dermatology,1
2685,i have like nails small in pain skin skin dusting peeling nails rash joint inflammatory silver dents,Dermatology,1
2686,i feel pain skin abdominal alcohol yellowish overload swelling vomiting history of fluid of consumption stomach lately,Gastroenterology,3
2687,feeling of swelled skin loss high itching fever malaise over rash appetite red lethargy nodes mild fatigue fever lymph spots body,Infectious,4
2688,i think it's marital muscle throat wasting high in contacts patches fever extra,Infectious,4
2689,i have loss pain liver of yellowing vomiting high fever fatigue dark coma pain bleeding urine of nausea stomach joint appetite failure yellowish abdominal acute eyes skin,Gastroenterology,3
2690,my main issue is crust nose high sore fever rash skin red yellow around ooze blister,Dermatology,1
2691,my main issue is skin pimples blackheads rash filled pus scurring,Dermatology,1
2692,feeling pain skin receiving of fatigue receiving eyes itching unsterile abdominal lethargy yellowing malaise yellow urine urine yellowish dark injections blood transfusion,Gastroenterology,3
2693,my main issue is loss yellowish skin yellowing fatigue eyes family of nausea history of appetite,Gastroenterology,3
2694,dealing with dizziness of in pain limbs balance pain neck back loss weakness,Neurology,5
2695,i have ooze nose crust yellow fever red skin high sore around blister rash,Dermatology,1
2696,dealing with anxiety distorted tingling headache drying vision excessive blurred slurred irritability fatigue speech vomiting and nausea and lips hunger palpitations,Endocrinology,2
2697,i feel painful swelling stiffness muscle walking weakness joints movement lately,Orthopedics,6
2698,having foul feel discomfort of of continuous burning bladder urine smell urine micturition,Urology,8
2699,feeling continuous burning of micturition feel bladder urine discomfort,Urology,8
2700,i feel muscle stiff painful weakness swelling joints stiffness walking neck movement lately,Orthopedics,6
2701,my main issue is chest pain on cough pain tongue stomach ulcers vomiting,Gastroenterology,3
2702,i have diarrhoea (typhos) constipation look fatigue belly chills fever headache pain nausea high pain toxic abdominal vomiting,Infectious,4
2703,i think it's fatigue abdominal itching yellowish urine fever skin high pain vomiting dark,Gastroenterology,3
2704,dealing with balance of pain dizziness weakness neck pain in back loss limbs,Neurology,5
2705,suffering from fatigue body malaise joint nausea pain chills headache behind of fever pain spots pain back pain skin appetite red loss over rash high muscle eyes the,Infectious,4
2706,dealing with yellowing urine urine injections yellow transfusion malaise fatigue blood of dark unsterile itching receiving eyes pain abdominal appetite receiving lethargy of loss skin yellowish,Gastroenterology,3
2707,i think it's dark skin urine loss pain vomiting yellowish itching high fever fatigue weight abdominal,Gastroenterology,3
2708,dealing with sweating breathlessness vomiting pain chest,Cardiology,0
2709,i think it's yellowish high pain vomiting fatigue urine dark abdominal itching fever skin,Gastroenterology,3
2710,i am having dizziness back neck pain balance pain of loss,Neurology,5
2711,experiencing fever pain urine skin abdominal loss yellowish vomiting high weight dark itching fatigue,Gastroenterology,3
2712,i feel sunken diarrhoea eyes vomiting lately,Gastroenterology,3
2713,i have prominent veins legs swollen cramps bruising obesity fatigue calf on,Cardiology,0
2714,experiencing of vomiting stomach swelling abdominal yellowish skin pain history of distention alcohol of abdomen consumption,Gastroenterology,3
2715,having fatigue receiving pain malaise blood of unsterile of yellowish loss appetite transfusion urine abdominal urine receiving yellowing yellow skin dark injections itching eyes,Gastroenterology,3
2716,dealing with balance pain loss weakness back neck in pain limbs of,Neurology,5
2717,i have sweating vomiting chest breathlessness pain,Cardiology,0
2718,dealing with yellowing yellowish skin appetite nausea loss fatigue of history family eyes of,Gastroenterology,3
2719,having irritability fatigue heart loss sweating fast weight hunger muscle mood weakness menstruation abnormal swings rate diarrhoea excessive,Endocrinology,2
2720,i have pain eyes sputum chills phlegm sweating breathlessness of blood swelled weight cough chest malaise loss nodes yellowing of mild in fever appetite lymph high fever fatigue loss,Pulmonology,7
2721,feeling neck knee painful joint pain hip pain joints pain walking joint pain swelling,Orthopedics,6
2722,my main issue is on fatigue calf blood bruising legs cramps vessels swollen veins obesity swollen prominent,Cardiology,0
2723,my main issue is pain vomiting yellowing skin of nausea fatigue of yellowish appetite loss abdominal joint eyes pain,Gastroenterology,3
2724,having foul bladder burning continuous discomfort smell urine of feel micturition of urine,Urology,8
2725,i am having contacts patches fever extra high wasting in marital throat muscle,Infectious,4
2726,feeling appetite abdominal pain skin pain of fatigue joint urine nausea vomiting dark yellowish loss,Gastroenterology,3
2727,having pressure nodes pain loss throat chills nose chest smell muscle fever phlegm fatigue malaise pain swelled eyes irritation lymph continuous of high cough sinus runny redness congestion sneezing of,Pulmonology,7
2728,my main issue is heart fatigue sweating abnormal rate swings irritability mood diarrhoea fast excessive weakness menstruation hunger muscle restlessness,Endocrinology,2
2729,i think it's blood loss fatigue urine transfusion dark unsterile yellowish eyes itching yellowing abdominal receiving of lethargy yellow urine of appetite pain injections skin receiving malaise,Gastroenterology,3
2730,suffering from marital throat fever contacts patches high extra in,Infectious,4
2731,i have urine pain eyes vomiting diarrhoea of of muscle pain loss appetite yellowish pain fever dark skin mild nausea joint abdominal yellowing,Gastroenterology,3
2732,dealing with nausea fever headache chills high abdominal look (typhos) fatigue vomiting belly constipation toxic pain pain,Infectious,4
2733,my main issue is micturition spotting stomach skin pain burning itching rash urination,Dermatology,1
2734,suffering from malaise fatigue spots eyes pain vomiting pain loss behind joint red appetite nausea rash pain high over muscle chills skin back headache body pain fever the of,Infectious,4
2735,my main issue is diarrhoea pain loss abdominal vomiting of of muscle fever skin pain mild appetite urine dark nausea eyes joint pain yellowish yellowing,Gastroenterology,3
2736,i feel chest acidity vomiting pain stomach cough pain lately,Gastroenterology,3
2737,dealing with loss weakness neck pain dizziness of in limbs pain balance back,Neurology,5
2738,experiencing fatigue sputum breathlessness fever high cough mucoid,Pulmonology,7
2739,dealing with fast rate restlessness heart diarrhoea swings irritability sweating mood abnormal excessive hunger muscle fatigue menstruation weakness,Endocrinology,2
2740,i feel chest vomiting ulcers tongue pain cough on pain stomach lately,Gastroenterology,3
2741,having side weakness sensorium headache altered body of one,Neurology,5
2742,i have fatigue skin joint pain yellowish urine of vomiting of loss dark nausea eyes appetite yellowing,Gastroenterology,3
2743,dealing with headache distorted excessive acidity hunger stiff disturbances blurred vision visual neck irritability indigestion depression and,Neurology,5
2744,dealing with alcohol abdominal abdomen fluid vomiting of yellowish pain history overload consumption stomach swelling of distention skin of,Gastroenterology,3
2745,feeling prominent legs swollen fatigue calf on vessels blood bruising cramps veins obesity swollen,Cardiology,0
2746,feeling high (typhos) chills vomiting diarrhoea abdominal fatigue pain headache look nausea fever toxic constipation pain belly,Infectious,4
2747,having overload abdominal of of of pain distention abdomen stomach yellowish vomiting alcohol history swelling fluid consumption skin,Gastroenterology,3
2748,i am having rash stomach spotting urination pain skin micturition burning,Dermatology,1
2749,experiencing pain inflammatory skin dusting rash like peeling in dents nails skin joint small nails silver,Dermatology,1
2750,i have diarrhoea fatigue swings restlessness sweating irritability hunger abnormal weakness fast rate heart menstruation muscle excessive mood,Endocrinology,2
2751,i have watering shivering eyes continuous sneezing chills from,Dermatology,1
2752,experiencing in eyes nodes lymph loss sweating fatigue yellowing swelled weight of pain of high loss fever sputum blood mild vomiting breathlessness malaise chest cough fever phlegm chills appetite,Pulmonology,7
2753,having dark loss eyes yellowing mild pain of appetite skin vomiting muscle fever pain of urine pain diarrhoea joint yellowish abdominal,Gastroenterology,3
2754,i am having altered headache of body sensorium vomiting weakness one side,Neurology,5
2755,feeling pain appetite headache spots pain eyes fever behind rash pain nausea red chills loss back high pain vomiting the over skin malaise fatigue joint body muscle of,Infectious,4
2756,having weakness of loss neck pain balance pain in limbs back dizziness,Neurology,5
2757,feeling feel urine smell urine burning discomfort bladder continuous foul micturition of of,Urology,8
2758,having fever fatigue family high breathlessness cough sputum mucoid history,Pulmonology,7
2759,i am having on blood swollen calf veins swollen prominent bruising obesity vessels legs cramps fatigue,Cardiology,0
2760,i am having passage gases of vomiting of itching appetite loss abdominal internal pain,Gastroenterology,3
2761,feeling loss nausea appetite history fatigue skin yellowish of family,Gastroenterology,3
2762,suffering from urine pain dark abdominal of yellowing skin appetite vomiting yellowish of joint pain eyes fatigue nausea loss,Gastroenterology,3
2763,dealing with from shivering eyes continuous sneezing chills watering,Dermatology,1
2764,suffering from diarrhoea pain pain vomiting chills headache constipation fever toxic abdominal fatigue high look (typhos) nausea belly,Infectious,4
2765,experiencing of pain receiving itching injections malaise loss blood transfusion fatigue of urine yellow receiving abdominal skin unsterile yellowish urine appetite yellowing eyes dark,Gastroenterology,3
2766,experiencing vomiting high chills muscle nausea pain diarrhoea fever sweating headache,Infectious,4
2767,feeling pimples skin scurring rash filled pus blackheads,Dermatology,1
2768,experiencing extra patches throat high fever in contacts marital muscle wasting,Infectious,4
2769,i think it's chest cough malaise of loss fever blood pain nodes fever in eyes yellowing lymph fatigue breathlessness weight chills mild sputum swelled loss phlegm high vomiting appetite of,Pulmonology,7
2770,i feel prominent obesity veins cramps on fatigue calf swollen vessels legs blood swollen bruising lately,Cardiology,0
2771,suffering from dehydration eyes vomiting diarrhoea sunken,Gastroenterology,3
2772,feeling over lethargy mild itching of spots headache fatigue red fever loss skin appetite malaise rash nodes lymph body swelled,Infectious,4
2773,my main issue is pain dizziness balance limbs loss pain in back neck weakness of,Neurology,5
2774,having stiff excessive depression hunger visual vision acidity blurred distorted indigestion irritability and neck headache disturbances,Neurology,5
2775,experiencing skin rash itching skin dischromic nodal eruptions patches,Dermatology,1
2776,experiencing dark malaise skin unsterile eyes fatigue urine abdominal yellowing blood of transfusion yellowish lethargy pain injections receiving itching urine yellow receiving,Gastroenterology,3
2777,i feel skin in skin dusting peeling nails joint silver dents rash inflammatory like nails pain small lately,Dermatology,1
2778,i am having vomiting diarrhoea eyes sunken dehydration,Gastroenterology,3
2779,i am having pain skin joint dark pain of appetite of urine yellowish yellowing loss fatigue eyes abdominal vomiting,Gastroenterology,3
2780,my main issue is diarrhoea nausea sweating chills pain high fever headache muscle vomiting,Infectious,4
2781,my main issue is breathlessness sweating chest pain,Cardiology,0
2782,experiencing ulcers pain tongue chest pain vomiting on cough stomach acidity,Gastroenterology,3
2783,i am having tongue vomiting cough ulcers acidity chest stomach pain pain on,Gastroenterology,3
2784,i am having rash crust yellow nose blister red fever skin ooze sore around high,Dermatology,1
2785,feeling around sore blister nose skin red high rash fever,Dermatology,1
2786,i have diarrhoea pain vomiting yellowing eyes fever pain mild abdominal appetite of of urine yellowish joint skin nausea dark pain loss muscle,Gastroenterology,3
2787,feeling dark stomach loss acute urine fever appetite nausea eyes yellowish abdominal liver vomiting bleeding of pain failure skin high of yellowing joint coma pain fatigue,Gastroenterology,3
2788,my main issue is yellowish family skin eyes appetite of loss of nausea history fatigue yellowing,Gastroenterology,3
2789,experiencing vomiting diarrhoea dehydration,Gastroenterology,3
2790,i think it's high malaise fever over pain muscle eyes rash skin vomiting loss behind of body fatigue chills nausea joint red the pain spots pain back pain headache appetite,Infectious,4
2791,i think it's failure nausea fever dark vomiting yellowish acute yellowing of pain bleeding liver fatigue pain loss stomach abdominal coma appetite high of skin urine eyes joint,Gastroenterology,3
2792,feeling itching passage abdominal of appetite gases pain vomiting of loss internal indigestion,Gastroenterology,3
2793,i feel headache nausea sweating muscle fever pain high diarrhoea chills lately,Infectious,4
2794,dealing with history yellowing eyes of fatigue yellowish family appetite skin loss nausea of,Gastroenterology,3
2795,feeling loss nausea acute stomach high fever skin pain coma failure yellowing of dark bleeding eyes pain appetite abdominal urine liver yellowish of joint fatigue,Gastroenterology,3
2796,feeling history abdomen of pain fluid alcohol of of consumption distention abdominal overload vomiting stomach swelling,Gastroenterology,3
2797,i feel pain stomach ulcers pain cough vomiting tongue chest acidity on lately,Gastroenterology,3
2798,my main issue is swollen bruising swollen obesity legs vessels fatigue blood cramps,Cardiology,0
2799,my main issue is urination micturition burning spotting stomach itching rash pain skin,Dermatology,1
2800,experiencing pimples filled rash pus skin blackheads scurring,Dermatology,1
2801,i am having vomiting dehydration diarrhoea eyes sunken,Gastroenterology,3
2802,having abdominal fatigue high pain toxic fever constipation (typhos) belly chills nausea pain diarrhoea look headache,Infectious,4
2803,i think it's urine bleeding eyes loss of skin vomiting fever pain of stomach high nausea dark abdominal failure acute pain appetite coma yellowish yellowing liver joint,Gastroenterology,3
2804,my main issue is sweating lips nausea anxiety drying irritability tingling slurred and vomiting palpitations headache distorted hunger excessive and speech blurred vision fatigue,Endocrinology,2
2805,i am having tongue pain ulcers chest cough stomach on acidity pain vomiting,Gastroenterology,3
2806,i think it's pain swelling joints knee walking pain hip joint pain pain painful neck joint,Orthopedics,6
2807,my main issue is vomiting consumption abdominal fluid pain distention alcohol swelling overload skin abdomen stomach of history of yellowish of,Gastroenterology,3
2808,experiencing sensorium of body altered side weakness headache vomiting one,Neurology,5
2809,experiencing fever pain urine itching vomiting loss dark weight yellowish abdominal high skin fatigue,Gastroenterology,3
2810,i feel body fatigue over fever muscle pain vomiting joint skin back chills red appetite loss pain high eyes nausea spots behind rash of pain headache pain the lately,Infectious,4
2811,having malaise irritation runny pressure sinus pain swelled nodes redness phlegm eyes chills loss fever of sneezing smell high chest lymph pain continuous nose muscle congestion fatigue headache of cough throat,Pulmonology,7
2812,i think it's of nausea of history eyes loss fatigue appetite yellowish yellowing family skin,Gastroenterology,3
2813,having sweating blurred vision hunger and and excessive anxiety headache tingling vomiting palpitations drying speech nausea lips irritability distorted slurred fatigue,Endocrinology,2
2814,my main issue is muscle headache vomiting sweating chills high fever nausea pain,Infectious,4
2815,i think it's high vomiting muscle nausea pain headache diarrhoea chills sweating fever,Infectious,4
2816,i am having chest acidity stomach ulcers pain on tongue cough pain vomiting,Gastroenterology,3
2817,having nausea rash appetite fatigue joint loss the body muscle eyes chills pain red spots behind headache over pain of vomiting pain skin malaise back pain,Infectious,4
2818,i think it's eruptions itching patches nodal skin dischromic,Dermatology,1
2819,dealing with joint vomiting yellowing fever muscle eyes yellowish diarrhoea of pain loss abdominal urine nausea of mild pain appetite pain dark skin,Gastroenterology,3
2820,i think it's appetite joint fatigue pain nausea dark pain yellowish of urine abdominal loss vomiting skin,Gastroenterology,3
2821,my main issue is fever breathlessness high history fatigue sputum mucoid family,Pulmonology,7
2822,suffering from continuous sneezing eyes chills watering shivering from,Dermatology,1
2823,having skin blackheads rash filled scurring pimples pus,Dermatology,1
2824,experiencing mucoid high fatigue breathlessness sputum history fever cough family,Pulmonology,7
2825,i am having dehydration diarrhoea vomiting eyes sunken,Gastroenterology,3
2826,having phlegm chills malaise sputum heart sweating rate cough pain chest breathlessness rusty fast fatigue,Pulmonology,7
2827,experiencing sneezing continuous shivering eyes from watering,Dermatology,1
2828,having hands and brittle extremeties swings swollen puffy and dizziness irritability face nails weight eyes thyroid abnormal cold lethargy mood enlarged feets gain depression menstruation,Endocrinology,2
2829,my main issue is acidity stomach chest tongue on vomiting ulcers pain pain,Gastroenterology,3
2830,i think it's dischromic rash eruptions skin itching skin patches nodal,Dermatology,1
2831,suffering from micturition feel urine bladder continuous burning urine foul of of discomfort smell,Urology,8
2832,feeling gases loss passage itching appetite of of pain internal abdominal vomiting,Gastroenterology,3
2833,i have calf on veins fatigue obesity blood swollen prominent cramps bruising vessels,Cardiology,0
2834,feeling chills eyes watering from shivering,Dermatology,1
2835,i am having acidity chest tongue pain pain on vomiting ulcers cough stomach,Gastroenterology,3
2836,feeling dehydration vomiting sunken eyes diarrhoea,Gastroenterology,3
2837,i feel breathlessness vomiting pain sweating chest lately,Cardiology,0
2838,feeling cough rusty breathlessness rate heart chills sputum fatigue fast fever high sweating malaise pain chest phlegm,Pulmonology,7
2839,i feel depression hands lethargy face irritability abnormal dizziness cold and extremeties enlarged eyes swollen fatigue puffy nails thyroid weight feets and gain menstruation brittle swings mood lately,Endocrinology,2
2840,i think it's patches throat high fever in muscle wasting,Infectious,4
2841,suffering from sweating muscle abnormal restlessness hunger fast weakness swings irritability diarrhoea mood weight excessive rate menstruation fatigue heart loss,Endocrinology,2
2842,experiencing fever cough high of nodes continuous sinus fatigue irritation runny congestion pain pain throat smell headache chills loss of phlegm chest nose sneezing redness eyes swelled lymph pressure muscle,Pulmonology,7
2843,suffering from fever weight urine skin yellowish loss high pain itching abdominal vomiting dark,Gastroenterology,3
2844,feeling loss abdominal of receiving eyes yellowing blood receiving yellow unsterile injections urine pain transfusion skin lethargy itching malaise appetite yellowish of dark fatigue urine,Gastroenterology,3
2845,dealing with mucoid history fever sputum high family fatigue cough breathlessness,Pulmonology,7
2846,dealing with eyes sunken diarrhoea vomiting,Gastroenterology,3
2847,i think it's eyes shivering chills from watering,Dermatology,1
2848,feeling prominent cramps vessels fatigue swollen swollen blood obesity on calf veins legs bruising,Cardiology,0
2849,i am having skin sore red rash crust yellow around nose blister ooze,Dermatology,1
2850,i think it's filled scurring pimples pus skin rash,Dermatology,1
2851,i feel weakness walking stiff swelling painful muscle joints neck lately,Orthopedics,6
2852,having high urine yellowish pain vomiting fever skin loss dark fatigue itching abdominal weight,Gastroenterology,3
2853,feeling loss receiving lethargy pain fatigue itching dark transfusion yellow unsterile of of injections malaise yellowing urine urine appetite abdominal blood eyes receiving,Gastroenterology,3
2854,i think it's painful muscle weakness stiffness walking joints swelling movement,Orthopedics,6
2855,dealing with stomach burning itching pain spotting urination micturition,Dermatology,1
2856,feeling spots skin appetite pain pain muscle over of rash body red joint headache high the vomiting pain malaise nausea fever chills behind fatigue loss back eyes pain,Infectious,4
2857,i have pain joint fever bleeding abdominal high dark fatigue appetite failure yellowish urine yellowing stomach eyes acute coma nausea liver pain vomiting loss of of skin,Gastroenterology,3
2858,experiencing yellowing dark yellowish nausea appetite loss of skin eyes of fatigue urine pain vomiting joint,Gastroenterology,3
2859,having thyroid irritability swollen dizziness hands feets depression brittle cold weight menstruation extremeties and fatigue abnormal face nails puffy mood lethargy gain eyes swings and enlarged,Endocrinology,2
2860,i think it's bladder discomfort of urine feel smell micturition urine continuous of burning foul,Urology,8
2861,dealing with abdominal dark of pain loss joint nausea vomiting urine yellowing skin of eyes yellowish appetite pain,Gastroenterology,3
2862,i think it's body itching lethargy nodes high fever mild skin spots lymph headache over malaise of appetite loss red rash swelled fatigue fever,Infectious,4
2863,suffering from limbs in balance loss neck pain back weakness of pain dizziness,Neurology,5
2864,dealing with fatigue eyes family skin nausea appetite yellowing yellowish history loss of of,Gastroenterology,3
2865,i think it's stiffness painful walking joints stiff neck movement weakness muscle swelling,Orthopedics,6
2866,i think it's stiff muscle neck stiffness walking painful movement weakness,Orthopedics,6
2867,i am having abdominal gases vomiting itching of pain passage internal indigestion,Gastroenterology,3
2868,i think it's loss rate menstruation heart excessive muscle weakness diarrhoea restlessness swings mood hunger irritability weight sweating fast abnormal,Endocrinology,2
2869,experiencing lymph skin over spots body red nodes rash loss of headache appetite fever swelled malaise lethargy itching mild fatigue,Infectious,4
2870,i have breathlessness cough chills heart pain fever chest high rusty phlegm sweating malaise fatigue fast rate sputum,Pulmonology,7
2871,feeling headache diarrhoea high muscle fever nausea vomiting pain sweating,Infectious,4
2872,having altered weakness body of one side headache vomiting sensorium,Neurology,5
2873,i am having on stomach pain tongue vomiting ulcers cough acidity,Gastroenterology,3
2874,i have pain rash red the chills body muscle high loss spots vomiting fatigue pain over appetite pain joint back headache behind of eyes nausea pain skin fever,Infectious,4
2875,feeling stomach tongue pain on pain vomiting chest acidity ulcers cough,Gastroenterology,3
2876,dealing with pain fever red pain appetite over body of skin behind muscle joint chills fatigue high pain pain nausea vomiting malaise headache the loss eyes spots back rash,Infectious,4
2877,feeling redness nodes irritation cough sinus chills pain of eyes throat swelled fatigue fever pain muscle sneezing of loss nose phlegm chest high lymph runny congestion headache malaise continuous smell pressure,Pulmonology,7
2878,experiencing excessive and headache neck indigestion distorted stiff blurred acidity visual irritability disturbances hunger depression vision,Neurology,5
2879,i think it's sweating vomiting breathlessness,Cardiology,0
2880,my main issue is drying vomiting lips and blurred and hunger excessive fatigue irritability slurred tingling sweating headache nausea anxiety speech distorted vision palpitations,Endocrinology,2
2881,feeling stomach rash itching micturition pain burning urination spotting skin,Dermatology,1
2882,experiencing rusty chills heart sputum chest fever fast breathlessness cough malaise high sweating rate fatigue phlegm pain,Pulmonology,7
2883,dealing with cramps blood obesity fatigue legs on calf veins swollen bruising swollen prominent vessels,Cardiology,0
2884,i am having pain joint neck knee walking pain painful hip joint pain pain,Orthopedics,6
2885,my main issue is rash skin skin pain dusting small dents joint peeling nails silver in like,Dermatology,1
2886,feeling pain fever muscle congestion chest lymph of pain nose of smell headache throat sinus sneezing continuous loss pressure runny irritation high eyes chills phlegm malaise cough nodes swelled redness,Pulmonology,7
2887,dealing with pain pain joints hip pain joint neck knee joint swelling pain,Orthopedics,6
2888,dealing with indigestion headache acidity distorted excessive visual blurred depression and disturbances vision irritability hunger,Neurology,5
2889,i feel pain sweating high diarrhoea headache muscle nausea fever vomiting chills lately,Infectious,4
2890,dealing with nausea appetite of loss eyes skin fatigue of yellowish yellowing,Gastroenterology,3
2891,suffering from swings depression thyroid swollen eyes fatigue face gain menstruation enlarged and abnormal dizziness extremeties puffy brittle and cold irritability hands nails mood lethargy feets weight,Endocrinology,2
2892,i have vomiting loss of passage internal appetite of abdominal pain gases itching,Gastroenterology,3
2893,i think it's sneezing continuous chills shivering,Dermatology,1
2894,experiencing swelling of of overload vomiting of consumption distention skin history fluid abdominal yellowish alcohol pain abdomen stomach,Gastroenterology,3
2895,i have the chills appetite over behind skin rash muscle nausea fever of malaise pain eyes high fatigue back pain headache spots pain body red pain loss joint,Infectious,4
2896,i think it's dizziness feets and and nails brittle hands eyes thyroid irritability menstruation puffy swings lethargy mood cold abnormal fatigue face enlarged extremeties swollen depression,Endocrinology,2
2897,experiencing yellowish loss appetite vomiting urine joint of dark nausea yellowing fatigue of pain skin abdominal pain eyes,Gastroenterology,3
2898,dealing with breathlessness fatigue chest fast heart rate malaise chills cough pain sweating fever high rusty sputum,Pulmonology,7
2899,feeling loss excessive abnormal swings irritability hunger muscle weakness mood diarrhoea fatigue menstruation restlessness fast rate sweating weight heart,Endocrinology,2
2900,i am having headache fatigue pain constipation fever high pain nausea abdominal belly diarrhoea chills vomiting,Infectious,4
2901,suffering from of bladder smell feel foul urine of urine continuous discomfort,Urology,8
2902,experiencing hip pain knee walking pain painful pain neck joints joint joint pain swelling,Orthopedics,6
2903,i feel over body malaise eyes pain fever muscle joint vomiting headache pain the spots pain of red high pain skin fatigue behind rash nausea back appetite chills loss lately,Infectious,4
2904,experiencing rash red yellow skin high ooze sore blister nose crust around fever,Dermatology,1
2905,dealing with irritability vomiting nausea tingling lips sweating speech fatigue anxiety hunger headache slurred palpitations drying excessive and,Endocrinology,2
2906,dealing with from watering shivering chills eyes,Dermatology,1
2907,my main issue is (typhos) look fever belly diarrhoea nausea pain pain constipation chills toxic high fatigue abdominal vomiting,Infectious,4
2908,i have swollen calf obesity legs fatigue prominent cramps on blood swollen veins vessels bruising,Cardiology,0
2909,i am having nose red blister skin fever sore crust around rash ooze high yellow,Dermatology,1
2910,my main issue is in joint nails silver skin rash like dusting small skin inflammatory pain peeling nails dents,Dermatology,1
2911,experiencing abdominal pain lethargy loss eyes appetite injections of skin dark transfusion itching yellowing unsterile yellow receiving urine of urine fatigue blood yellowish malaise receiving,Gastroenterology,3
2912,dealing with like dents dusting skin inflammatory in skin nails rash small peeling nails silver,Dermatology,1
2913,dealing with ulcers pain acidity stomach chest pain tongue cough on vomiting,Gastroenterology,3
2914,i have yellow unsterile pain yellowing receiving eyes appetite transfusion of injections receiving skin fatigue yellowish of dark lethargy blood malaise urine abdominal loss urine,Gastroenterology,3
2915,i feel swelling joint knee pain painful pain joints pain pain neck walking joint hip lately,Orthopedics,6
2916,my main issue is nausea yellowing family history skin appetite of yellowish fatigue eyes loss of,Gastroenterology,3
2917,my main issue is internal itching vomiting indigestion gases of passage pain abdominal,Gastroenterology,3
2918,dealing with acidity tongue chest on cough stomach vomiting ulcers pain pain,Gastroenterology,3
2919,i have tingling sweating distorted palpitations headache anxiety vomiting fatigue drying hunger excessive speech and blurred and lips irritability nausea slurred vision,Endocrinology,2
2920,i feel skin pain nails in silver inflammatory peeling joint dents nails like dusting small rash skin lately,Dermatology,1
2921,i feel eyes dehydration sunken diarrhoea vomiting lately,Gastroenterology,3
2922,experiencing fever diarrhoea high constipation look pain fatigue vomiting nausea chills pain toxic headache belly (typhos) abdominal,Infectious,4
2923,having rash skin itching spotting burning urination micturition,Dermatology,1
2924,experiencing skin rash patches itching nodal dischromic eruptions skin,Dermatology,1
2925,experiencing chest mild nodes of breathlessness malaise yellowing swelled loss sputum chills cough fever phlegm of loss sweating fever appetite eyes weight pain vomiting blood high in lymph,Pulmonology,7
2926,dealing with stiffness joints weakness painful muscle neck movement walking stiff swelling,Orthopedics,6
2927,dealing with cough vomiting stomach chest ulcers pain pain on tongue,Gastroenterology,3
2928,i feel pain chest acidity tongue cough stomach pain on ulcers vomiting lately,Gastroenterology,3
2929,dealing with yellowing mild urine vomiting of joint pain pain diarrhoea dark pain appetite muscle eyes nausea fever of loss abdominal,Gastroenterology,3
2930,my main issue is heart rusty pain phlegm fast high chills cough fever sputum breathlessness sweating malaise fatigue chest rate,Pulmonology,7
2931,feeling itching skin mild appetite loss malaise fever swelled body over high lethargy red nodes lymph fatigue of spots fever headache rash,Infectious,4
2932,dealing with family yellowish eyes yellowing nausea loss of of history appetite fatigue skin,Gastroenterology,3
2933,i am having loss abdominal passage pain gases itching internal vomiting indigestion appetite of of,Gastroenterology,3
2934,feeling blackheads pimples filled skin rash pus scurring,Dermatology,1
2935,i feel in marital patches wasting muscle high contacts extra fever throat lately,Infectious,4
2936,i think it's nodal dischromic skin patches rash eruptions skin,Dermatology,1
2937,feeling dischromic nodal itching skin skin patches rash eruptions,Dermatology,1
2938,i am having fever pressure throat redness pain of muscle loss congestion phlegm smell chills high nose sinus pain irritation of fatigue chest runny lymph swelled eyes headache cough sneezing malaise continuous nodes,Pulmonology,7
2939,having muscle vomiting diarrhoea headache high pain chills fever nausea,Infectious,4
2940,i think it's throat runny fever chest muscle congestion malaise eyes fatigue irritation smell phlegm high pressure of loss pain sneezing redness sinus chills continuous cough of nose pain headache,Pulmonology,7
2941,i feel shivering from chills watering sneezing eyes continuous lately,Dermatology,1
2942,my main issue is chest rusty malaise high chills sputum rate phlegm heart sweating breathlessness fast cough pain fatigue fever,Pulmonology,7
2943,dealing with tongue ulcers pain cough vomiting on chest acidity pain stomach,Gastroenterology,3
2944,i have swings abnormal irritability weight sweating excessive restlessness heart muscle hunger fatigue menstruation loss mood rate weakness fast,Endocrinology,2
2945,feeling on pain ulcers cough stomach chest vomiting tongue pain acidity,Gastroenterology,3
2946,i am having cramps legs bruising calf fatigue veins swollen obesity on prominent,Cardiology,0
2947,experiencing skin eyes appetite yellowing nausea pain of abdominal yellowish of urine loss dark joint pain fatigue vomiting,Gastroenterology,3
2948,suffering from burning micturition itching urination pain spotting stomach,Dermatology,1
2949,experiencing itching stomach burning micturition urination pain spotting,Dermatology,1
2950,suffering from fever history sputum mucoid family fatigue cough high breathlessness,Pulmonology,7
2951,experiencing high yellowish skin fever weight abdominal dark pain vomiting urine itching loss fatigue,Gastroenterology,3
2952,my main issue is continuous of of bladder feel smell discomfort urine urine foul,Urology,8
2953,having of passage indigestion itching loss vomiting gases internal abdominal of pain appetite,Gastroenterology,3
2954,i have fatigue mucoid family breathlessness sputum cough history,Pulmonology,7
2955,i have mild phlegm chest fever breathlessness cough yellowing fever appetite vomiting weight sweating eyes of lymph pain swelled high fatigue chills malaise blood in of nodes sputum loss loss,Pulmonology,7
2956,feeling of nausea failure fever stomach vomiting appetite fatigue liver coma pain dark loss joint urine yellowish bleeding pain yellowing eyes abdominal acute high skin of,Gastroenterology,3
2957,feeling calf veins vessels obesity fatigue bruising prominent swollen swollen cramps on blood legs,Cardiology,0
2958,having skin peeling nails like pain dusting rash small in dents nails silver skin inflammatory joint,Dermatology,1
2959,suffering from malaise appetite lymph pain of loss swelled weight nodes high eyes vomiting mild blood chest fever cough sputum chills breathlessness sweating in fever of fatigue yellowing loss phlegm,Pulmonology,7
2960,i feel muscle walking painful movement neck weakness stiff joints stiffness swelling lately,Orthopedics,6
2961,i have obesity cramps fatigue prominent calf veins legs on bruising swollen,Cardiology,0
2962,having of abdominal joint high nausea dark vomiting loss bleeding coma fever yellowing acute appetite of urine stomach failure pain liver skin yellowish pain eyes,Gastroenterology,3
2963,i have skin pain of loss appetite yellowish of fatigue eyes yellowing dark vomiting nausea abdominal urine,Gastroenterology,3
2964,having shivering from watering chills eyes,Dermatology,1
2965,my main issue is eruptions patches nodal itching dischromic rash skin skin,Dermatology,1
2966,my main issue is mood hunger fast irritability loss rate abnormal diarrhoea sweating restlessness menstruation muscle excessive weight heart weakness fatigue swings,Endocrinology,2
2967,dealing with scurring pimples pus filled skin blackheads rash,Dermatology,1
2968,dealing with chest pain ulcers vomiting on stomach acidity tongue cough pain,Gastroenterology,3
2969,my main issue is nodes red appetite lymph headache mild malaise lethargy swelled fever of body loss fatigue spots fever skin rash high over itching,Infectious,4
2970,i think it's ooze rash fever red sore around nose yellow skin blister high crust,Dermatology,1
2971,dealing with eyes vomiting dehydration diarrhoea sunken,Gastroenterology,3
2972,i feel stomach micturition skin rash itching urination burning spotting pain lately,Dermatology,1
2973,i have heart sweating chills fast breathlessness pain chest rate fever high cough fatigue rusty phlegm sputum malaise,Pulmonology,7
2974,my main issue is rusty pain chills breathlessness heart fast chest cough high phlegm sweating malaise sputum fatigue fever rate,Pulmonology,7
2975,i am having of back weakness balance pain neck dizziness limbs loss in pain,Neurology,5
2976,feeling extremeties nails face gain hands dizziness fatigue feets swollen lethargy swings abnormal eyes and and thyroid puffy weight mood menstruation enlarged cold brittle irritability depression,Endocrinology,2
2977,i think it's joint urine loss yellowing pain muscle fever pain of appetite mild dark pain abdominal yellowish diarrhoea skin eyes nausea vomiting of,Gastroenterology,3
2978,i think it's neck loss in weakness limbs dizziness of pain pain balance back,Neurology,5
2979,dealing with continuous discomfort of smell feel burning urine of foul urine bladder micturition,Urology,8
2980,i am having diarrhoea rate heart weakness weight mood muscle fast sweating excessive loss irritability menstruation hunger fatigue restlessness abnormal swings,Endocrinology,2
2981,having pain pain stomach cough acidity ulcers chest tongue vomiting on,Gastroenterology,3
2982,having marital patches throat extra in fever wasting muscle high contacts,Infectious,4
2983,dealing with urine pain fatigue itching loss high yellowish skin dark fever abdominal vomiting weight,Gastroenterology,3
2984,i am having walking swelling pain pain joint pain joint knee joints neck painful hip pain,Orthopedics,6
2985,feeling vomiting nausea high pain muscle fever chills headache sweating diarrhoea,Infectious,4
2986,having extra wasting contacts in patches marital throat high muscle fever,Infectious,4
2987,having in pain nails dusting nails joint peeling dents silver small skin skin rash like inflammatory,Dermatology,1
2988,i feel loss rash pain behind pain of muscle joint fatigue back fever spots body eyes high malaise nausea pain red skin the appetite pain over headache vomiting chills lately,Infectious,4
2989,i am having lethargy thyroid and weight puffy nails depression hands brittle dizziness and swings feets mood swollen enlarged face abnormal menstruation eyes fatigue extremeties cold irritability gain,Endocrinology,2
2990,my main issue is chills constipation toxic pain vomiting headache nausea high diarrhoea look fatigue belly fever (typhos) abdominal pain,Infectious,4
2991,i have fatigue muscle eyes lymph of nose high swelled irritation smell chest phlegm of malaise pain continuous cough chills sneezing pressure fever redness nodes sinus congestion loss runny headache throat pain,Pulmonology,7
2992,my main issue is stomach yellowish overload abdomen swelling skin abdominal alcohol fluid pain of of vomiting consumption history of distention,Gastroenterology,3
2993,i feel skin nodal itching rash skin eruptions lately,Dermatology,1
2994,i feel of loss appetite over the behind back pain fatigue headache vomiting body pain eyes pain fever spots chills muscle skin high red rash nausea joint pain malaise lately,Infectious,4
2995,i think it's filled skin scurring pimples pus rash,Dermatology,1
2996,experiencing in dizziness back pain pain loss limbs of weakness neck balance,Neurology,5
2997,my main issue is bruising veins legs swollen cramps prominent swollen fatigue calf obesity vessels blood on,Cardiology,0
2998,my main issue is foul discomfort feel urine of urine burning bladder continuous smell of micturition,Urology,8
2999,suffering from cough chest eyes nodes lymph fever headache sinus irritation swelled throat pain muscle smell nose redness of high of fatigue malaise pain congestion phlegm loss chills pressure runny,Pulmonology,7
3000,my main issue is sore red crust high blister ooze fever around yellow nose rash skin,Dermatology,1
3001,experiencing sweating breathlessness vomiting,Cardiology,0
3002,my main issue is mild high cough loss lymph of vomiting sweating fever pain weight malaise appetite sputum chest nodes in fatigue breathlessness blood yellowing swelled fever chills eyes phlegm loss of,Pulmonology,7
3003,i feel wasting marital fever muscle patches in high contacts extra throat lately,Infectious,4
3004,dealing with vomiting pain on cough stomach acidity ulcers tongue,Gastroenterology,3
3005,i have sore around high fever nose blister red skin rash,Dermatology,1
3006,having high vomiting sweating nausea pain diarrhoea fever muscle headache chills,Infectious,4
3007,i have balance pain of dizziness weakness loss limbs neck in pain back,Neurology,5
3008,feeling malaise loss body nausea pain joint eyes back fever over muscle chills pain the vomiting behind spots high pain of fatigue headache skin appetite pain red rash,Infectious,4
3009,i have visual distorted stiff neck excessive acidity hunger vision irritability disturbances headache indigestion blurred and,Neurology,5
3010,my main issue is appetite loss of yellowing family of fatigue history nausea eyes,Gastroenterology,3
3011,dealing with pain of weakness loss neck in balance back limbs dizziness pain,Neurology,5
3012,having of pain pain mild loss skin of eyes appetite yellowing dark muscle pain nausea abdominal joint urine vomiting fever yellowish diarrhoea,Gastroenterology,3
3013,i am having skin itching pain burning rash stomach micturition urination spotting,Dermatology,1
3014,i have abdominal skin urine pain loss of injections yellowish receiving malaise lethargy itching receiving appetite yellow blood unsterile eyes of fatigue transfusion yellowing,Gastroenterology,3
3015,i have anxiety excessive headache sweating and nausea vision fatigue irritability speech and distorted hunger drying blurred lips palpitations vomiting slurred tingling,Endocrinology,2
3016,feeling chills constipation pain fatigue diarrhoea high abdominal vomiting belly pain nausea (typhos) fever headache look toxic,Infectious,4
3017,suffering from eyes of high headache vomiting loss pain pain red behind spots back chills nausea joint pain rash pain the fever skin muscle body appetite malaise over,Infectious,4
3018,experiencing red body skin nodes malaise swelled itching over high loss of appetite lethargy headache rash lymph fever spots fatigue,Infectious,4
3019,i feel cough vomiting chest pain stomach pain acidity lately,Gastroenterology,3
3020,i am having loss yellowish pain muscle vomiting eyes appetite joint urine dark of mild pain yellowing pain of fever nausea abdominal skin diarrhoea,Gastroenterology,3
3021,having pain urine weight itching dark yellowish skin abdominal high vomiting loss fatigue fever,Gastroenterology,3
3022,my main issue is swelling hip pain knee walking pain joint painful pain joints neck,Orthopedics,6
3023,my main issue is look fatigue high fever belly pain nausea constipation headache abdominal chills toxic (typhos) diarrhoea pain vomiting,Infectious,4
3024,having pain sinus muscle sneezing pain chest of runny congestion throat eyes irritation pressure malaise nose swelled continuous lymph redness nodes of fatigue smell headache chills cough phlegm loss,Pulmonology,7
3025,i feel neck walking joints painful stiff swelling weakness muscle lately,Orthopedics,6
3026,dealing with obesity cramps on prominent blood calf swollen swollen vessels fatigue veins bruising legs,Cardiology,0
3027,i feel phlegm sneezing loss chest fatigue irritation nose redness runny malaise continuous pain pain sinus muscle swelled nodes eyes smell of of fever congestion throat pressure high cough headache lymph chills lately,Pulmonology,7
3028,i feel diarrhoea vomiting eyes sunken lately,Gastroenterology,3
3029,i think it's chills sweating high muscle nausea fever headache vomiting diarrhoea pain,Infectious,4
3030,i am having walking neck movement stiff weakness swelling muscle joints painful stiffness,Orthopedics,6
3031,my main issue is sweating pain breathlessness chest vomiting,Cardiology,0
3032,my main issue is pain vomiting of appetite of passage itching gases internal loss indigestion abdominal,Gastroenterology,3
3033,suffering from receiving eyes of urine unsterile itching fatigue injections lethargy skin urine appetite yellowish dark yellow blood malaise of loss receiving yellowing transfusion,Gastroenterology,3
3034,i think it's vessels prominent swollen blood bruising obesity calf on fatigue legs veins cramps swollen,Cardiology,0
3035,i am having vomiting diarrhoea sunken eyes,Gastroenterology,3
3036,having pain abdominal receiving malaise transfusion loss receiving urine injections appetite yellowing blood skin urine lethargy yellowish of itching unsterile of eyes fatigue dark yellow,Gastroenterology,3
3037,i feel over headache spots lethargy red swelled skin malaise fever mild fever body fatigue itching nodes of appetite high loss lymph rash lately,Infectious,4
3038,i think it's yellowish eyes abdominal pain joint appetite dark fatigue nausea vomiting yellowing of of pain loss skin urine,Gastroenterology,3
3039,i am having of bladder urine smell discomfort burning urine foul feel continuous micturition of,Urology,8
3040,i think it's consumption abdominal fluid overload of history abdomen stomach pain of distention of yellowish vomiting skin alcohol swelling,Gastroenterology,3
3041,experiencing pain fever diarrhoea toxic (typhos) vomiting fatigue nausea belly high headache look constipation abdominal pain chills,Infectious,4
3042,i feel urine feel burning continuous smell bladder urine discomfort of micturition foul of lately,Urology,8
3043,i think it's burning pain spotting rash urination skin micturition itching stomach,Dermatology,1
3044,my main issue is dark abdominal nausea vomiting eyes urine of pain joint yellowing mild muscle appetite loss pain fever diarrhoea pain of,Gastroenterology,3
3045,my main issue is loss yellowish itching urine abdominal high weight fatigue vomiting pain skin dark fever,Gastroenterology,3
3046,feeling limbs balance loss pain in dizziness neck of weakness,Neurology,5
3047,dealing with dark fatigue pain skin vomiting yellowing yellowish abdominal urine nausea eyes joint pain of,Gastroenterology,3
3048,experiencing vomiting breathlessness chest sweating pain,Cardiology,0
3049,suffering from of gases abdominal vomiting indigestion itching pain appetite of internal loss passage,Gastroenterology,3
3050,suffering from urine skin lethargy of itching yellowish urine loss injections dark pain fatigue yellowing blood yellow malaise receiving of transfusion receiving abdominal appetite unsterile eyes,Gastroenterology,3
3051,feeling dizziness in balance back limbs pain pain loss of neck weakness,Neurology,5
3052,i feel pain fever vomiting pain urine appetite muscle nausea of loss eyes diarrhoea dark mild pain yellowish skin of yellowing abdominal joint lately,Gastroenterology,3
3053,i think it's pain of appetite joint diarrhoea pain mild pain yellowing vomiting yellowish muscle of eyes skin loss abdominal dark fever nausea urine,Gastroenterology,3
3054,i feel vomiting dehydration eyes sunken diarrhoea lately,Gastroenterology,3
3055,feeling nodes cough in of blood malaise lymph pain appetite chills sputum swelled chest high fatigue fever fever yellowing loss mild phlegm loss breathlessness eyes of weight vomiting,Pulmonology,7
3056,having itching blood transfusion receiving injections receiving fatigue dark lethargy abdominal urine of unsterile loss yellowish eyes of appetite yellowing malaise pain skin,Gastroenterology,3
3057,dealing with on veins fatigue prominent blood legs calf bruising swollen swollen vessels cramps,Cardiology,0
3058,i think it's chills chest heart fast malaise fever pain sputum phlegm fatigue high rate breathlessness cough rusty sweating,Pulmonology,7
3059,my main issue is pimples blackheads skin rash pus scurring filled,Dermatology,1
3060,dealing with dehydration eyes sunken diarrhoea vomiting,Gastroenterology,3
3061,having hunger swings fatigue weight abnormal heart muscle rate menstruation loss excessive mood diarrhoea fast weakness restlessness irritability sweating,Endocrinology,2
3062,my main issue is burning micturition feel bladder urine smell continuous discomfort foul urine of of,Urology,8
3063,having vomiting pain breathlessness sweating chest,Cardiology,0
3064,i think it's loss abdominal joint diarrhoea yellowish pain vomiting skin yellowing urine appetite muscle pain pain eyes fever mild of dark of,Gastroenterology,3
3065,having in contacts throat patches marital extra high fever,Infectious,4
3066,i feel dark pain skin joint vomiting fatigue yellowing appetite pain of abdominal urine yellowish nausea loss of eyes lately,Gastroenterology,3
3067,i feel behind skin rash headache pain spots pain fatigue vomiting malaise the appetite chills red of pain eyes back fever body nausea high loss joint over lately,Infectious,4
3068,i have belly high toxic diarrhoea constipation headache look fever chills (typhos) abdominal vomiting pain pain fatigue,Infectious,4
3069,i feel pain sweating chest vomiting breathlessness lately,Cardiology,0
3070,i have vomiting constipation (typhos) belly high toxic nausea pain headache pain chills abdominal fever fatigue look,Infectious,4
3071,i am having fever weight high chills nodes fatigue breathlessness malaise vomiting phlegm pain eyes of blood sputum mild chest loss loss sweating swelled lymph in of fever yellowing appetite,Pulmonology,7
3072,i am having vomiting back headache joint malaise red high behind eyes pain skin of pain nausea spots rash the loss pain over muscle chills body pain appetite fever fatigue,Infectious,4
3073,my main issue is lymph lethargy fever nodes spots swelled mild headache of body over red high fatigue malaise appetite fever loss skin itching rash,Infectious,4
3074,my main issue is vessels cramps swollen veins fatigue bruising legs prominent calf obesity blood swollen on,Cardiology,0
3075,having neck joints muscle walking stiff weakness stiffness movement painful swelling,Orthopedics,6
3076,i think it's stiffness swelling stiff muscle joints movement weakness painful walking neck,Orthopedics,6
3077,i have bladder foul discomfort urine burning of smell micturition,Urology,8
3078,i have chills sneezing eyes watering continuous from shivering,Dermatology,1
3079,feeling pain urine abdominal fatigue dark appetite joint skin of of yellowish vomiting loss yellowing pain eyes,Gastroenterology,3
3080,feeling skin of family eyes appetite yellowing history fatigue of nausea loss yellowish,Gastroenterology,3
3081,having high ooze rash sore crust fever yellow skin blister red around nose,Dermatology,1
3082,i am having chills fatigue cough high heart chest breathlessness rusty fast fever sweating sputum rate pain malaise phlegm,Pulmonology,7
3083,i have bleeding vomiting pain stomach joint of high pain nausea appetite abdominal liver yellowish coma fatigue fever dark of urine loss yellowing failure acute eyes skin,Gastroenterology,3
3084,experiencing fever diarrhoea look belly chills headache vomiting (typhos) fatigue toxic high pain constipation nausea,Infectious,4
3085,i feel sneezing sinus eyes smell pain chest of congestion muscle phlegm pressure nose redness loss lymph fatigue high pain throat cough swelled runny malaise continuous irritation fever of nodes chills lately,Pulmonology,7
3086,experiencing pain hip walking knee joint neck pain joint painful joints pain pain swelling,Orthopedics,6
3087,i am having nails depression thyroid cold dizziness face swings abnormal fatigue and irritability mood and lethargy eyes gain hands feets menstruation brittle enlarged swollen puffy extremeties weight,Endocrinology,2
3088,having chest in fever cough phlegm eyes fever blood appetite of lymph yellowing nodes mild breathlessness high swelled weight sweating sputum pain vomiting loss loss of chills malaise fatigue,Pulmonology,7
3089,i feel muscle patches marital high in extra contacts wasting fever throat lately,Infectious,4
3090,i feel fever mild high over nodes rash loss itching skin appetite of malaise headache fatigue red body swelled lymph spots fever lately,Infectious,4
3091,feeling swings abnormal swollen hands fatigue puffy enlarged eyes dizziness extremeties mood feets irritability depression and lethargy face nails gain cold brittle thyroid menstruation and weight,Endocrinology,2
3092,my main issue is sweating vomiting chills pain muscle fever headache nausea high,Infectious,4
3093,i think it's brittle eyes thyroid lethargy fatigue gain menstruation swollen dizziness extremeties and face swings feets weight cold abnormal nails irritability and mood puffy hands enlarged depression,Endocrinology,2
3094,my main issue is runny pressure swelled lymph malaise throat sneezing chest pain sinus nodes high smell cough fatigue nose eyes loss phlegm fever headache redness chills of irritation pain muscle of congestion continuous,Pulmonology,7
3095,feeling thyroid enlarged gain irritability depression nails and eyes puffy menstruation mood swollen brittle cold dizziness face weight lethargy fatigue extremeties feets swings hands abnormal and,Endocrinology,2
3096,i think it's history high sputum breathlessness family fatigue mucoid fever cough,Pulmonology,7
3097,my main issue is side altered weakness vomiting of one body headache sensorium,Neurology,5
3098,experiencing joint joint joints neck knee pain pain pain painful pain hip walking swelling,Orthopedics,6
3099,i am having swelling walking muscle stiff movement joints neck weakness painful stiffness,Orthopedics,6
3100,my main issue is yellowish loss pain liver stomach eyes coma abdominal high failure yellowing bleeding vomiting nausea joint acute fatigue pain of urine dark fever appetite skin of,Gastroenterology,3
3101,experiencing headache hunger fatigue lips sweating speech vision and irritability tingling slurred distorted nausea excessive blurred anxiety vomiting and drying palpitations,Endocrinology,2
3102,dealing with nails joint dents skin peeling skin small rash in pain nails inflammatory,Dermatology,1
3103,i have eyes joint yellowing appetite pain vomiting nausea of dark pain loss of skin abdominal yellowish fatigue urine,Gastroenterology,3
3104,i think it's skin vomiting loss high itching fatigue dark fever urine weight abdominal yellowish pain,Gastroenterology,3
3105,i feel fever headache sweating diarrhoea muscle high vomiting nausea pain lately,Infectious,4
3106,having high sputum cough family fever history breathlessness mucoid,Pulmonology,7
3107,i am having constipation abdominal pain toxic headache look nausea diarrhoea belly pain fatigue vomiting chills high (typhos) fever,Infectious,4
3108,experiencing toxic nausea constipation chills pain fatigue fever headache vomiting pain (typhos) look diarrhoea high abdominal belly,Infectious,4
3109,suffering from disturbances headache hunger acidity indigestion neck blurred vision distorted depression excessive visual irritability and stiff,Neurology,5
3110,my main issue is headache spots red the pain fever appetite pain malaise nausea high of vomiting pain joint pain loss fatigue back body muscle eyes over behind chills,Infectious,4
3111,my main issue is nausea vomiting diarrhoea pain sweating headache high muscle chills fever,Infectious,4
3112,suffering from sunken dehydration eyes diarrhoea vomiting,Gastroenterology,3
3113,feeling abnormal loss irritability hunger muscle weakness sweating excessive diarrhoea menstruation mood restlessness weight swings fatigue,Endocrinology,2
3114,i feel sneezing shivering continuous chills lately,Dermatology,1
3115,i have neck swelling stiffness walking joints stiff muscle movement weakness painful,Orthopedics,6
3116,i have nausea joint pain loss pain back spots body pain muscle chills behind fatigue over red malaise headache fever appetite of high vomiting eyes the pain,Infectious,4
3117,suffering from balance of weakness pain dizziness limbs in loss pain back neck,Neurology,5
3118,dealing with of receiving injections skin loss lethargy urine eyes yellowing of yellow appetite transfusion blood abdominal dark malaise itching receiving yellowish urine pain unsterile,Gastroenterology,3
3119,i think it's wasting fever extra contacts marital muscle high,Infectious,4
3120,dealing with mood fast diarrhoea sweating hunger loss irritability heart abnormal fatigue swings weight restlessness rate weakness muscle menstruation excessive,Endocrinology,2
3121,dealing with malaise spots high itching fatigue lethargy headache appetite of over loss fever red body rash skin fever mild,Infectious,4
3122,i have mucoid high fever cough family breathlessness history fatigue sputum,Pulmonology,7
3123,experiencing malaise yellow abdominal yellowish urine of fatigue loss lethargy of unsterile urine yellowing injections blood receiving receiving dark eyes appetite itching skin transfusion pain,Gastroenterology,3
3124,experiencing (typhos) fatigue vomiting high pain abdominal constipation belly pain look headache nausea toxic chills fever,Infectious,4
3125,i think it's rash dischromic itching skin patches,Dermatology,1
3126,i feel dehydration vomiting eyes diarrhoea sunken lately,Gastroenterology,3
3127,dealing with and speech drying irritability vomiting excessive slurred tingling anxiety nausea and vision fatigue sweating headache lips hunger distorted palpitations blurred,Endocrinology,2
3128,feeling mucoid history sputum fatigue breathlessness high family cough fever,Pulmonology,7
3129,suffering from malaise cough fatigue phlegm rate fast fever sputum heart sweating rusty breathlessness high chills pain chest,Pulmonology,7
3130,i feel pain fever of pain eyes vomiting abdominal diarrhoea nausea skin mild pain yellowish dark loss appetite of joint muscle yellowing urine lately,Gastroenterology,3
3131,dealing with patches throat wasting fever extra in marital contacts muscle high,Infectious,4
3132,i am having continuous of micturition foul bladder feel of urine burning smell discomfort urine,Urology,8
3133,feeling high cough history breathlessness mucoid fever family sputum fatigue,Pulmonology,7
3134,feeling fever fatigue rash itching over red body lymph malaise nodes lethargy high mild spots skin swelled fever headache,Infectious,4
3135,suffering from pain pain acidity on chest tongue cough stomach ulcers vomiting,Gastroenterology,3
3136,suffering from stomach micturition urination pain skin burning spotting rash itching,Dermatology,1
3137,having joint walking painful joints pain knee joint neck pain hip pain swelling pain,Orthopedics,6
3138,experiencing swelling stiff movement walking painful muscle weakness stiffness neck joints,Orthopedics,6
3139,having of yellowing yellowish muscle of nausea appetite pain urine joint mild skin eyes abdominal pain vomiting fever pain diarrhoea dark loss,Gastroenterology,3
3140,experiencing blurred excessive and neck disturbances acidity depression indigestion hunger irritability visual distorted stiff headache vision,Neurology,5
3141,having weakness stiffness movement joints neck muscle swelling stiff,Orthopedics,6
3142,i have veins prominent legs vessels obesity on swollen swollen bruising calf cramps fatigue blood,Cardiology,0
3143,i think it's joint urine appetite skin eyes fatigue pain yellowing dark loss abdominal of of nausea vomiting yellowish pain,Gastroenterology,3
3144,suffering from limbs weakness dizziness back in pain pain neck,Neurology,5
3145,experiencing back neck limbs balance pain in loss pain dizziness of weakness,Neurology,5
3146,having stomach history pain consumption distention yellowish abdomen skin vomiting abdominal of of overload swelling fluid alcohol of,Gastroenterology,3
3147,i am having pain pain hip pain painful joint walking joints knee neck swelling,Orthopedics,6
3148,experiencing sunken eyes diarrhoea dehydration,Gastroenterology,3
3149,i think it's chills sneezing from eyes continuous shivering watering,Dermatology,1
3150,i think it's throat patches marital in contacts extra high fever,Infectious,4
3151,experiencing stiffness movement joints stiff walking muscle neck painful weakness swelling,Orthopedics,6
3152,i feel stomach overload pain of consumption fluid distention of alcohol vomiting of history abdomen abdominal skin yellowish swelling lately,Gastroenterology,3
3153,my main issue is pain blood weight mild nodes cough appetite vomiting malaise fever loss of swelled of chest eyes chills lymph high sputum phlegm fever in breathlessness loss yellowing sweating,Pulmonology,7
3154,i feel nausea hunger headache speech irritability drying slurred excessive anxiety tingling lips and palpitations vomiting sweating fatigue lately,Endocrinology,2
3155,feeling burning rash spotting urination stomach itching skin pain micturition,Dermatology,1
3156,experiencing skin scurring filled pimples blackheads rash pus,Dermatology,1
3157,dealing with watering shivering continuous from sneezing eyes,Dermatology,1
3158,feeling indigestion itching pain internal of vomiting gases passage abdominal,Gastroenterology,3
3159,my main issue is history mucoid cough sputum family high fever fatigue breathlessness,Pulmonology,7
3160,having acidity chest tongue on pain stomach vomiting pain ulcers cough,Gastroenterology,3
3161,i feel phlegm swelled eyes loss irritation chills pain nose nodes fever runny smell of pressure continuous throat headache fatigue high malaise muscle sinus congestion pain sneezing chest cough lymph redness of lately,Pulmonology,7
3162,suffering from nails nails like pain dents in peeling rash skin skin small dusting inflammatory silver joint,Dermatology,1
3163,having receiving injections loss unsterile fatigue itching skin eyes receiving of abdominal lethargy blood urine pain of urine yellowish transfusion yellow yellowing malaise dark appetite,Gastroenterology,3
3164,i think it's rusty rate heart fast chills phlegm sweating fatigue pain high malaise sputum breathlessness fever chest cough,Pulmonology,7
3165,i think it's pain sweating vomiting breathlessness chest,Cardiology,0
3166,my main issue is ooze yellow rash high skin crust fever blister,Dermatology,1
3167,i have distention abdomen pain yellowish vomiting of of skin stomach abdominal fluid overload swelling,Gastroenterology,3
3168,suffering from itching indigestion pain abdominal gases of loss of vomiting appetite passage internal,Gastroenterology,3
3169,having foul urine burning smell bladder discomfort urine micturition of feel continuous of,Urology,8
3170,i feel of pain vomiting pain muscle skin pain nausea yellowish mild dark appetite of joint abdominal fever diarrhoea eyes urine yellowing loss lately,Gastroenterology,3
3171,my main issue is pain high look chills pain fatigue (typhos) toxic diarrhoea abdominal headache nausea fever vomiting belly constipation,Infectious,4
3172,having chills chest cough malaise sputum phlegm high fast pain sweating breathlessness fever heart rate rusty,Pulmonology,7
3173,i have spots high fatigue pain eyes rash fever malaise appetite body pain skin over loss muscle pain nausea the chills red of vomiting back behind joint pain headache,Infectious,4
3174,i have skin skin itching eruptions nodal rash,Dermatology,1
3175,i feel eruptions dischromic itching patches nodal skin rash skin lately,Dermatology,1
3176,my main issue is skin dark fever fatigue high itching pain loss vomiting weight urine abdominal yellowish,Gastroenterology,3
3177,having nodes cough chest in mild high loss sweating vomiting eyes lymph of swelled breathlessness fever sputum of pain loss fatigue malaise yellowing phlegm weight appetite fever chills blood,Pulmonology,7
3178,experiencing brittle and face gain irritability fatigue abnormal menstruation enlarged lethargy extremeties weight swollen depression dizziness puffy thyroid swings nails eyes mood,Endocrinology,2
3179,i feel of loss nausea diarrhoea pain abdominal pain pain joint skin urine mild of eyes muscle fever dark appetite yellowish yellowing vomiting lately,Gastroenterology,3
3180,suffering from rash skin itching stomach pain spotting urination,Dermatology,1
3181,i am having skin nodes fever malaise mild fever itching over swelled spots lymph loss fatigue of headache lethargy high appetite body rash red,Infectious,4
3182,my main issue is history yellowing yellowish skin loss eyes appetite of of family fatigue nausea,Gastroenterology,3
3183,having joint vomiting yellowish urine of eyes appetite abdominal of muscle loss pain pain yellowing fever dark skin nausea pain mild,Gastroenterology,3
3184,dealing with filled pimples blackheads pus scurring,Dermatology,1
3185,i think it's fatigue appetite skin family yellowing yellowish loss history of eyes nausea of,Gastroenterology,3
3186,suffering from pain breathlessness vomiting sweating chest,Cardiology,0
3187,i feel small silver nails nails joint skin inflammatory peeling in dents pain like dusting lately,Dermatology,1
3188,i think it's stomach distention pain abdominal yellowish history overload of skin swelling consumption vomiting of of abdomen alcohol fluid,Gastroenterology,3
3189,i think it's eyes of joint of loss appetite abdominal vomiting yellowing fatigue dark pain urine yellowish nausea skin pain,Gastroenterology,3
3190,i think it's chest fatigue phlegm nodes blood malaise yellowing of cough appetite in weight fever high breathlessness pain sputum swelled chills lymph loss of loss fever eyes mild vomiting,Pulmonology,7
3191,my main issue is depression vision and acidity irritability distorted blurred stiff headache indigestion neck visual excessive disturbances hunger,Neurology,5
3192,i feel swelling walking painful movement weakness neck stiffness stiff muscle joints lately,Orthopedics,6
3193,dealing with cough runny of loss eyes congestion muscle nose high throat irritation redness malaise swelled pain sneezing chest fatigue lymph pressure of continuous nodes sinus headache smell phlegm chills pain fever,Pulmonology,7
3194,dealing with eyes nose of congestion headache smell throat phlegm runny loss pressure lymph pain fever sinus irritation malaise swelled nodes cough continuous redness sneezing muscle of high fatigue chest pain,Pulmonology,7
3195,dealing with abdominal joint yellowing urine dark of loss of vomiting pain nausea appetite pain fatigue eyes,Gastroenterology,3
3196,dealing with painful stiff muscle weakness neck walking movement swelling joints stiffness,Orthopedics,6
3197,feeling breathlessness sputum fever mucoid fatigue high cough family history,Pulmonology,7
3198,i have pimples filled scurring rash skin blackheads pus,Dermatology,1
3199,dealing with spots headache red rash lethargy mild fever lymph body malaise swelled fatigue fever high itching over nodes skin,Infectious,4
3200,suffering from stiffness joints painful stiff neck swelling walking muscle weakness movement,Orthopedics,6
3201,i think it's filled skin pus rash blackheads pimples,Dermatology,1
3202,i feel breathlessness fever high mucoid history family cough sputum lately,Pulmonology,7
3203,feeling yellowish pain pain skin fatigue appetite dark abdominal urine eyes yellowing loss vomiting joint of of,Gastroenterology,3
3204,i think it's pain breathlessness fast chest malaise heart chills sputum phlegm rusty rate fatigue fever cough sweating high,Pulmonology,7
3205,dealing with urine of feel bladder discomfort foul urine continuous of smell,Urology,8
3206,i feel drying irritability fatigue headache speech anxiety tingling nausea slurred and lips palpitations excessive hunger and vision distorted blurred sweating lately,Endocrinology,2
3207,i am having hands thyroid extremeties nails abnormal mood cold puffy dizziness face brittle swings and enlarged feets eyes menstruation fatigue weight and irritability gain depression swollen lethargy,Endocrinology,2
3208,my main issue is muscle fever irritation eyes pressure headache chills high chest pain swelled nodes congestion loss cough nose pain runny malaise phlegm sinus of redness smell throat lymph fatigue of,Pulmonology,7
3209,i am having red nose high skin sore rash blister around crust yellow fever ooze,Dermatology,1
3210,feeling lethargy brittle depression fatigue irritability puffy cold and extremeties abnormal feets and mood dizziness menstruation nails face thyroid swings swollen hands eyes enlarged,Endocrinology,2
3211,experiencing micturition skin rash burning stomach pain itching spotting urination,Dermatology,1
3212,dealing with micturition urine continuous feel bladder burning of discomfort,Urology,8
3213,i am having of nodes fever loss sputum malaise fever blood fatigue cough loss mild phlegm eyes chest appetite swelled breathlessness in vomiting high weight sweating yellowing of lymph pain chills,Pulmonology,7
3214,feeling muscle extra marital contacts throat in wasting patches,Infectious,4
3215,feeling excessive visual hunger acidity blurred disturbances neck depression and distorted headache stiff irritability vision indigestion,Neurology,5
3216,i have chest pain on stomach ulcers pain vomiting tongue acidity,Gastroenterology,3
3217,feeling joint pain pain yellowing abdominal urine nausea of dark yellowish of skin loss vomiting appetite fatigue eyes,Gastroenterology,3
3218,i think it's fatigue restlessness swings excessive heart rate fast loss hunger menstruation irritability abnormal weakness muscle sweating weight mood diarrhoea,Endocrinology,2
3219,feeling high dark fever abdominal itching fatigue vomiting yellowish urine loss skin weight pain,Gastroenterology,3
3220,experiencing one side of vomiting weakness headache body,Neurology,5
3221,my main issue is skin yellow crust blister around sore rash ooze fever high red nose,Dermatology,1
3222,suffering from skin pain of appetite eyes muscle pain mild joint yellowish nausea urine dark fever yellowing of loss vomiting diarrhoea,Gastroenterology,3
3223,i think it's on veins swollen calf blood fatigue prominent obesity legs bruising swollen vessels cramps,Cardiology,0
3224,feeling skin dischromic itching rash eruptions skin patches nodal,Dermatology,1
3225,i am having mood abnormal thyroid depression swings and cold weight menstruation nails swollen irritability eyes feets and face brittle enlarged gain lethargy puffy hands dizziness fatigue extremeties,Endocrinology,2
3226,having abdominal of appetite pain of yellowing dark pain urine fatigue eyes joint yellowish nausea vomiting loss skin,Gastroenterology,3
3227,having filled scurring pimples blackheads rash pus skin,Dermatology,1
3228,i think it's rash eruptions dischromic skin skin patches nodal,Dermatology,1
3229,i think it's eyes chills continuous sneezing from shivering watering,Dermatology,1
3230,dealing with speech lips blurred vision distorted sweating nausea vomiting excessive drying irritability fatigue and tingling headache anxiety palpitations slurred hunger and,Endocrinology,2
3231,having stiff movement weakness painful swelling walking stiffness neck joints muscle,Orthopedics,6
3232,i think it's body sensorium headache altered of vomiting side weakness one,Neurology,5
3233,feeling family fatigue fever breathlessness cough history mucoid sputum high,Pulmonology,7
3234,i have skin pain abdominal of vomiting yellowing eyes dark mild diarrhoea appetite joint loss muscle of pain urine pain yellowish fever,Gastroenterology,3
3235,i have urine pain of yellowish vomiting pain yellowing dark skin appetite of joint eyes loss nausea abdominal fatigue,Gastroenterology,3
3236,feeling skin micturition spotting urination pain rash itching burning stomach,Dermatology,1
3237,feeling vomiting urine nausea eyes appetite yellowish fatigue loss of skin yellowing abdominal pain of dark,Gastroenterology,3
3238,i am having high diarrhoea (typhos) toxic look nausea vomiting constipation pain pain abdominal chills fever fatigue belly headache,Infectious,4
3239,experiencing nausea appetite history eyes of yellowish of yellowing skin loss family,Gastroenterology,3
3240,feeling fever of high red mild skin appetite fever body loss spots over lymph swelled itching malaise rash nodes lethargy fatigue headache,Infectious,4
3241,i feel weakness of limbs in loss dizziness pain back pain neck balance lately,Neurology,5
3242,having pain vomiting of mild nausea muscle pain diarrhoea of fever eyes yellowing joint yellowish appetite abdominal loss skin pain,Gastroenterology,3
3243,my main issue is sinus fever swelled chest smell nodes runny continuous pain muscle sneezing phlegm redness throat pressure congestion irritation cough malaise chills fatigue eyes headache loss of high nose of pain lymph,Pulmonology,7
3244,suffering from pain transfusion malaise injections eyes skin receiving itching unsterile appetite yellow lethargy yellowing fatigue loss yellowish urine abdominal blood receiving of of,Gastroenterology,3
3245,my main issue is acidity chest on tongue ulcers pain vomiting cough stomach pain,Gastroenterology,3
3246,my main issue is skin pain stomach overload history swelling alcohol yellowish of distention fluid of consumption vomiting abdomen abdominal of,Gastroenterology,3
3247,experiencing extremeties gain enlarged abnormal and puffy feets cold swollen brittle and hands menstruation depression nails weight irritability mood fatigue swings lethargy face eyes dizziness thyroid,Endocrinology,2
3248,my main issue is joints neck pain walking swelling joint joint pain knee painful hip pain pain,Orthopedics,6
3249,i feel urine discomfort of burning foul smell urine feel bladder continuous micturition of lately,Urology,8
3250,experiencing fatigue skin urine high abdominal dark vomiting yellowish fever itching pain,Gastroenterology,3
3251,i feel bladder of discomfort feel smell micturition urine foul burning of urine continuous lately,Urology,8
3252,i feel heart breathlessness fever fast chills high rusty malaise chest fatigue cough rate sputum phlegm sweating pain lately,Pulmonology,7
3253,having headache vomiting weakness side one body of altered sensorium,Neurology,5
3254,i am having prominent on swollen cramps swollen blood bruising legs veins obesity vessels calf,Cardiology,0
3255,dealing with weakness fatigue excessive irritability mood diarrhoea loss weight hunger restlessness swings heart fast rate sweating abnormal menstruation muscle,Endocrinology,2
3256,i think it's spots malaise fever fatigue appetite itching nodes skin headache rash lymph red fever of lethargy over loss high swelled body mild,Infectious,4
3257,dealing with lymph congestion headache nose pain fever runny eyes swelled smell muscle pain chest of continuous high sneezing loss cough malaise sinus irritation throat nodes fatigue of phlegm redness chills pressure,Pulmonology,7
3258,i think it's loss malaise phlegm chills swelled cough of pain sweating weight mild vomiting blood fever fever chest sputum breathlessness appetite loss of high nodes lymph in eyes yellowing fatigue,Pulmonology,7
3259,feeling vomiting yellowish skin stomach abdominal of swelling consumption alcohol pain history abdomen overload distention fluid of of,Gastroenterology,3
3260,i am having ulcers cough stomach chest on pain acidity vomiting pain tongue,Gastroenterology,3
3261,experiencing sweating malaise phlegm fast heart high rusty chest pain cough breathlessness fever rate fatigue sputum,Pulmonology,7
3262,having cough stomach vomiting pain pain chest acidity,Gastroenterology,3
3263,i have eruptions nodal skin skin patches itching rash dischromic,Dermatology,1
3264,suffering from high pain fatigue diarrhoea look belly pain chills abdominal toxic constipation fever nausea vomiting (typhos) headache,Infectious,4
3265,having over lymph of skin malaise mild nodes body swelled fatigue spots fever appetite red loss fever high lethargy headache rash itching,Infectious,4
3266,i think it's fatigue vomiting loss itching dark pain yellowish abdominal weight skin urine,Gastroenterology,3
3267,feeling over spots nausea the chills pain vomiting fever malaise fatigue back high appetite joint pain pain body pain red behind muscle headache of skin rash eyes loss,Infectious,4
3268,i have and depression hunger acidity neck excessive stiff disturbances distorted blurred indigestion visual headache irritability vision,Neurology,5
3269,my main issue is pain high vomiting abdominal urine itching skin dark fever fatigue weight loss yellowish,Gastroenterology,3
3270,experiencing eyes skin of vomiting nausea yellowing pain yellowish urine abdominal dark joint pain fatigue,Gastroenterology,3
3271,having of muscle pain skin over chills pain rash vomiting fatigue spots appetite loss body malaise behind the fever headache pain nausea high pain red joint back eyes,Infectious,4
3272,experiencing urine smell foul micturition burning discomfort bladder of,Urology,8
3273,my main issue is neck weakness muscle stiff painful movement walking joints swelling stiffness,Orthopedics,6
3274,having patches contacts extra marital in high fever throat,Infectious,4
3275,i think it's vomiting altered headache sensorium,Neurology,5
3276,experiencing dischromic eruptions skin nodal rash patches itching skin,Dermatology,1
3277,having overload of of yellowish distention swelling abdomen stomach vomiting skin consumption alcohol of history fluid,Gastroenterology,3
3278,i think it's pain diarrhoea chills muscle vomiting high nausea fever headache sweating,Infectious,4
3279,i feel body sensorium headache altered of weakness side vomiting one lately,Neurology,5
3280,i have extremeties lethargy eyes thyroid mood face puffy feets cold and swollen swings hands nails abnormal enlarged irritability gain brittle menstruation fatigue depression weight and,Endocrinology,2
3281,i am having knee hip joint painful joint walking pain pain pain joints neck swelling pain,Orthopedics,6
3282,experiencing body vomiting weakness one side of headache sensorium altered,Neurology,5
3283,dealing with silver in inflammatory joint like nails dusting dents nails peeling skin small pain,Dermatology,1
3284,having neck knee joint pain swelling joints joint pain hip pain walking pain painful,Orthopedics,6
3285,suffering from rash pus filled blackheads skin pimples,Dermatology,1
3286,having in small silver nails skin rash dents skin joint like pain nails dusting inflammatory peeling,Dermatology,1
3287,i have cramps on fatigue obesity swollen calf prominent swollen vessels blood legs bruising veins,Cardiology,0
3288,my main issue is muscle vomiting chills pain fever sweating high diarrhoea headache nausea,Infectious,4
3289,dealing with pain stomach micturition urination skin spotting itching burning rash,Dermatology,1
3290,i have yellowing appetite skin history yellowish family of of fatigue loss nausea eyes,Gastroenterology,3
3291,feeling from chills shivering eyes continuous sneezing watering,Dermatology,1
3292,dealing with and acidity blurred stiff irritability disturbances indigestion vision visual distorted neck headache depression excessive hunger,Neurology,5
3293,feeling nausea loss skin fatigue eyes yellowish dark of vomiting joint appetite stomach acute bleeding pain abdominal of coma liver yellowing pain urine failure,Gastroenterology,3
3294,i feel palpitations blurred speech headache sweating and lips vision nausea fatigue slurred and distorted tingling hunger drying anxiety excessive irritability vomiting lately,Endocrinology,2
3295,i have joints walking pain painful hip neck joint pain joint pain swelling,Orthopedics,6
3296,i have of yellowish appetite nausea of loss eyes history fatigue family skin yellowing,Gastroenterology,3
3297,i feel rusty sweating high fast rate cough sputum pain chills heart malaise fatigue phlegm fever breathlessness chest lately,Pulmonology,7
3298,experiencing menstruation eyes and and face nails extremeties thyroid fatigue lethargy swings enlarged gain weight feets depression puffy cold hands mood abnormal irritability brittle dizziness swollen,Endocrinology,2
3299,having high headache appetite of red swelled over spots malaise fever nodes body loss mild rash fever fatigue lymph lethargy skin itching,Infectious,4
3300,having irritability headache disturbances hunger stiff depression acidity excessive indigestion neck visual,Neurology,5
3301,i have yellowish weight loss high skin fatigue vomiting dark itching fever urine,Gastroenterology,3
3302,my main issue is eyes pain joint loss muscle spots rash headache high of appetite chills pain pain fatigue malaise pain nausea vomiting fever back over red the behind body skin,Infectious,4
3303,experiencing appetite loss of history eyes fatigue family yellowish of nausea skin yellowing,Gastroenterology,3
3304,having fast restlessness loss swings abnormal excessive sweating rate mood muscle menstruation diarrhoea weight fatigue irritability heart weakness hunger,Endocrinology,2
3305,having pain chest vomiting sweating breathlessness,Cardiology,0
3306,dealing with dusting nails in small skin silver joint skin peeling rash dents inflammatory nails pain like,Dermatology,1
3307,i have tongue vomiting chest on pain pain acidity cough stomach ulcers,Gastroenterology,3
3308,experiencing joint knee pain hip joint painful pain joints neck pain swelling pain walking,Orthopedics,6
3309,i think it's skin nails skin small nails peeling dusting in dents like silver inflammatory rash,Dermatology,1
3310,i have dischromic rash nodal eruptions skin patches skin itching,Dermatology,1
3311,suffering from vomiting of abdominal appetite urine yellowish of pain loss nausea dark pain skin eyes joint yellowing fatigue,Gastroenterology,3
3312,suffering from loss appetite of of family yellowing fatigue yellowish eyes history skin nausea,Gastroenterology,3
3313,i feel itching patches eruptions skin nodal dischromic skin rash lately,Dermatology,1
3314,having side body headache altered of one weakness vomiting sensorium,Neurology,5
3315,my main issue is yellowish fluid of distention swelling of consumption alcohol pain skin overload abdomen of vomiting abdominal history stomach,Gastroenterology,3
3316,i have sneezing continuous smell lymph chills irritation cough throat swelled malaise pain runny headache pressure high redness pain nodes of of muscle loss eyes phlegm sinus congestion fatigue chest fever nose,Pulmonology,7
3317,i think it's filled rash blackheads pus skin pimples,Dermatology,1
3318,i feel chills headache sweating diarrhoea muscle high fever vomiting pain lately,Infectious,4
3319,my main issue is high fever muscle headache pain chills diarrhoea vomiting nausea,Infectious,4
3320,dealing with sweating fever chills breathlessness eyes nodes swelled of blood sputum loss chest appetite vomiting mild yellowing cough malaise high pain loss phlegm weight fever fatigue of lymph in,Pulmonology,7
3321,feeling rash blackheads skin scurring,Dermatology,1
3322,i feel diarrhoea chills muscle fever sweating vomiting nausea high pain lately,Infectious,4
3323,dealing with urine malaise blood transfusion dark receiving receiving eyes skin unsterile lethargy injections abdominal of yellowing yellow loss yellowish itching appetite pain urine fatigue of,Gastroenterology,3
3324,i feel yellowish nausea fatigue skin history family appetite loss of lately,Gastroenterology,3
3325,i have eyes sneezing nose cough swelled sinus continuous of muscle smell irritation phlegm headache chest fever pain high pain lymph congestion pressure throat of nodes chills loss malaise runny redness fatigue,Pulmonology,7
3326,feeling appetite high red malaise nodes skin fever fever lymph mild spots swelled of body rash over fatigue lethargy loss itching headache,Infectious,4
3327,having hands extremeties and face mood gain depression dizziness brittle menstruation and abnormal feets cold puffy nails enlarged irritability lethargy fatigue weight eyes thyroid swings swollen,Endocrinology,2
3328,having skin peeling pain rash in silver skin like nails dusting small inflammatory dents joint nails,Dermatology,1
3329,dealing with vomiting high muscle headache fever pain nausea sweating diarrhoea chills,Infectious,4
3330,i am having hunger palpitations lips sweating anxiety vision irritability distorted and drying headache excessive vomiting tingling speech slurred blurred and nausea,Endocrinology,2
3331,suffering from fatigue look belly high pain headache (typhos) fever vomiting nausea abdominal chills diarrhoea toxic pain,Infectious,4
3332,i feel headache irritability blurred hunger acidity and distorted visual disturbances excessive neck indigestion vision stiff lately,Neurology,5
3333,having chills vomiting pain diarrhoea headache muscle sweating nausea,Infectious,4
3334,dealing with peeling in like joint inflammatory skin nails nails skin dusting pain silver small rash dents,Dermatology,1
3335,suffering from muscle of vomiting pain urine loss eyes dark appetite yellowing nausea abdominal skin diarrhoea mild pain of yellowish fever,Gastroenterology,3
3336,dealing with pain diarrhoea appetite loss of skin vomiting pain nausea abdominal yellowing mild urine of joint eyes dark muscle fever pain yellowish,Gastroenterology,3
3337,my main issue is history fatigue mucoid breathlessness sputum high fever cough family,Pulmonology,7
3338,i am having of vomiting mild yellowing nausea of pain abdominal skin diarrhoea pain dark appetite loss urine pain muscle joint fever yellowish eyes,Gastroenterology,3
3339,i have high contacts muscle fever wasting extra marital,Infectious,4
3340,experiencing fever contacts patches extra wasting marital high throat in muscle,Infectious,4
3341,having burning micturition itching skin urination stomach pain spotting rash,Dermatology,1
3342,suffering from fatigue appetite fever of body loss itching rash malaise mild spots over red lethargy fever skin high headache,Infectious,4
3343,experiencing swollen calf legs veins fatigue vessels prominent obesity cramps bruising on blood swollen,Cardiology,0
3344,suffering from eyes diarrhoea vomiting dehydration sunken,Gastroenterology,3
3345,i think it's stiff stiffness weakness swelling joints neck walking muscle movement painful,Orthopedics,6
3346,suffering from phlegm breathlessness malaise sputum sweating pain chills fast cough high fatigue heart fever rusty rate chest,Pulmonology,7
3347,i think it's contacts muscle fever marital in high throat extra patches wasting,Infectious,4
3348,i am having indigestion and blurred excessive visual vision stiff distorted hunger disturbances acidity neck headache irritability,Neurology,5
3349,i am having abdominal of of fever nausea yellowish appetite dark pain skin joint pain urine muscle diarrhoea eyes vomiting yellowing pain mild loss,Gastroenterology,3
3350,dealing with mild lymph itching rash appetite headache body red loss malaise nodes fatigue of fever over spots lethargy swelled fever high skin,Infectious,4
3351,dealing with pain of neck in loss dizziness balance weakness limbs,Neurology,5
3352,i have pain neck knee joint swelling pain pain pain hip walking joint joints painful,Orthopedics,6
3353,suffering from nodes of over fever body loss spots swelled headache rash mild fever fatigue malaise itching lymph high appetite red skin lethargy,Infectious,4
3354,i feel of fever appetite swelled loss sweating nodes high yellowing vomiting loss chest malaise fever sputum of blood weight cough in lymph eyes phlegm breathlessness fatigue mild pain lately,Pulmonology,7
3355,i have heart fast irritability sweating loss rate diarrhoea excessive swings fatigue weakness muscle weight restlessness abnormal hunger mood menstruation,Endocrinology,2
3356,i think it's abnormal irritability enlarged feets fatigue and menstruation weight gain extremeties thyroid cold and hands swollen eyes dizziness brittle nails depression lethargy face puffy,Endocrinology,2
3357,my main issue is nails nails peeling joint small inflammatory in dusting skin like silver pain skin rash dents,Dermatology,1
3358,suffering from red rash high ooze nose sore crust yellow fever around skin blister,Dermatology,1
3359,having urine foul discomfort of continuous burning feel urine of smell bladder micturition,Urology,8
3360,feeling chest in loss vomiting of fatigue chills swelled mild cough lymph blood high eyes yellowing appetite malaise nodes sputum of sweating fever pain fever breathlessness phlegm,Pulmonology,7
3361,i think it's eyes yellowish urine dark nausea fever joint pain muscle diarrhoea loss pain yellowing of vomiting appetite of skin mild,Gastroenterology,3
3362,dealing with scurring rash skin blackheads,Dermatology,1
3363,experiencing pain fever malaise heart chills high breathlessness cough sputum fast sweating rusty chest phlegm fatigue rate,Pulmonology,7
3364,i feel urine dark yellowing eyes mild pain skin nausea of pain yellowish pain fever of muscle appetite loss joint vomiting abdominal diarrhoea lately,Gastroenterology,3
3365,suffering from yellowing weight lymph loss phlegm eyes fever sputum appetite pain sweating vomiting in of of high malaise swelled nodes loss chills blood breathlessness fatigue mild fever chest,Pulmonology,7
3366,suffering from speech tingling palpitations headache blurred sweating drying irritability hunger and and nausea vomiting excessive slurred distorted fatigue vision lips,Endocrinology,2
3367,i am having chest high fast chills fever pain rate sweating phlegm cough sputum fatigue malaise breathlessness heart rusty,Pulmonology,7
3368,i feel from continuous eyes shivering chills sneezing watering lately,Dermatology,1
3369,feeling vomiting sweating headache nausea chills muscle pain diarrhoea high fever,Infectious,4
3370,my main issue is malaise rusty rate fatigue sweating breathlessness pain chills heart cough high sputum fever chest fast phlegm,Pulmonology,7
3371,i think it's yellowing of fever in sweating loss swelled mild blood of high phlegm pain sputum chills eyes lymph breathlessness malaise fatigue loss cough nodes weight fever appetite vomiting chest,Pulmonology,7
3372,suffering from sunken diarrhoea dehydration eyes,Gastroenterology,3
3373,i am having sweating nausea distorted headache vomiting slurred excessive lips speech palpitations and hunger irritability tingling vision fatigue drying and blurred anxiety,Endocrinology,2
3374,feeling in weakness pain back neck pain of dizziness loss balance limbs,Neurology,5
3375,i feel the appetite fatigue fever high malaise behind joint chills muscle skin pain eyes back pain pain nausea loss rash headache vomiting pain of lately,Infectious,4
3376,having micturition itching spotting skin stomach burning pain urination rash,Dermatology,1
3377,suffering from pus filled pimples skin scurring rash,Dermatology,1
3378,experiencing muscle of diarrhoea mild of loss eyes pain appetite pain nausea dark abdominal joint urine pain fever yellowing vomiting,Gastroenterology,3
3379,my main issue is heart fast loss irritability sweating fatigue weakness swings menstruation muscle restlessness rate hunger excessive weight abnormal mood diarrhoea,Endocrinology,2
3380,i am having high red ooze yellow fever nose skin sore crust rash around blister,Dermatology,1
3381,suffering from stomach itching micturition pain spotting rash skin burning urination,Dermatology,1
3382,suffering from of sensorium side weakness one body headache altered,Neurology,5
3383,feeling eyes high appetite chest sputum phlegm fever sweating mild of of blood loss in lymph loss vomiting weight swelled pain cough nodes breathlessness malaise yellowing fever fatigue,Pulmonology,7
3384,having continuous from chills watering shivering eyes sneezing,Dermatology,1
3385,having wasting throat extra muscle contacts marital patches fever in high,Infectious,4
3386,feeling pain vomiting muscle joint appetite eyes skin dark yellowish of abdominal urine loss mild nausea fever of yellowing pain pain,Gastroenterology,3
3387,suffering from malaise swelled lymph skin over fever spots nodes red appetite fatigue mild of high headache lethargy itching loss fever rash body,Infectious,4
3388,feeling dark nausea pain of appetite skin pain of loss liver high joint urine yellowing failure yellowish abdominal stomach vomiting coma fever fatigue bleeding acute eyes,Gastroenterology,3
3389,experiencing fever muscle pain vomiting diarrhoea chills sweating headache nausea high,Infectious,4
3390,i feel pain fatigue yellowing urine bleeding dark stomach of eyes yellowish coma pain vomiting liver of appetite failure loss acute fever joint abdominal nausea skin high lately,Gastroenterology,3
3391,experiencing skin filled scurring rash pus pimples blackheads,Dermatology,1
3392,suffering from fever high sore red skin ooze nose around yellow rash crust,Dermatology,1
3393,dealing with itching skin eruptions rash skin nodal,Dermatology,1
3394,experiencing sunken eyes vomiting dehydration diarrhoea,Gastroenterology,3
3395,i think it's toxic chills high (typhos) constipation fever look diarrhoea abdominal headache nausea pain vomiting belly pain fatigue,Infectious,4
3396,experiencing and excessive distorted hunger headache disturbances indigestion visual irritability acidity depression stiff vision blurred neck,Neurology,5
3397,suffering from fatigue sputum high history mucoid family cough fever,Pulmonology,7
3398,having foul urine of urine discomfort of bladder feel smell continuous,Urology,8
3399,my main issue is walking painful neck movement muscle joints stiffness swelling stiff weakness,Orthopedics,6
3400,i have lips vomiting anxiety excessive speech and sweating nausea hunger fatigue palpitations slurred distorted headache vision and irritability drying blurred tingling,Endocrinology,2
3401,experiencing pain itching rash spotting stomach urination skin,Dermatology,1
3402,dealing with swelling stiff neck movement muscle painful walking stiffness weakness joints,Orthopedics,6
3403,i have consumption stomach history fluid abdomen pain distention skin yellowish alcohol vomiting of overload abdominal swelling of of,Gastroenterology,3
3404,my main issue is pus scurring blackheads pimples filled skin rash,Dermatology,1
3405,i feel pain stomach itching micturition urination skin spotting burning rash lately,Dermatology,1
3406,having loss abdominal yellowish pain joint nausea appetite fatigue vomiting pain yellowing skin dark eyes of urine of,Gastroenterology,3
3407,i think it's neck depression acidity stiff irritability vision disturbances distorted excessive blurred hunger and headache visual indigestion,Neurology,5
3408,i feel loss abdominal of dark skin of eyes nausea joint fatigue appetite yellowish urine pain pain yellowing lately,Gastroenterology,3
3409,i am having stiff neck stiffness muscle weakness painful swelling movement walking joints,Orthopedics,6
3410,feeling depression irritability headache vision stiff neck indigestion hunger excessive distorted blurred and acidity,Neurology,5
3411,dealing with stiff excessive hunger distorted irritability visual headache indigestion neck acidity vision depression and disturbances blurred,Neurology,5
3412,i feel high fever abdominal chills nausea fatigue look constipation toxic (typhos) diarrhoea pain pain belly vomiting lately,Infectious,4
3413,i think it's family nausea skin yellowing loss eyes yellowish fatigue appetite of of history,Gastroenterology,3
3414,i think it's joints swelling pain pain pain hip joint neck joint knee walking painful pain,Orthopedics,6
3415,experiencing body pain chills fatigue over nausea pain loss rash malaise muscle high red skin back spots the joint fever pain behind headache eyes appetite pain vomiting of,Infectious,4
3416,i feel skin urination spotting burning micturition rash itching lately,Dermatology,1
3417,i have vomiting chest pain sweating breathlessness,Cardiology,0
3418,experiencing transfusion fatigue malaise skin receiving yellow yellowish abdominal urine eyes loss of yellowing receiving dark lethargy blood injections urine itching unsterile of pain appetite,Gastroenterology,3
3419,i feel sweating nausea chills high headache pain fever muscle vomiting lately,Infectious,4
3420,i think it's nausea headache lips irritability fatigue and hunger sweating drying slurred vomiting tingling speech excessive palpitations anxiety,Endocrinology,2
3421,having over lymph rash malaise high skin appetite of headache fatigue nodes spots mild fever lethargy swelled loss fever red body,Infectious,4
3422,i feel breathlessness vomiting chest sweating pain lately,Cardiology,0
3423,suffering from fatigue pain dark skin loss weight urine abdominal yellowish vomiting itching,Gastroenterology,3
3424,i have stomach burning skin pain spotting urination rash micturition itching,Dermatology,1
3425,suffering from fatigue chills sweating high sputum malaise pain cough rate chest fever heart fast phlegm rusty breathlessness,Pulmonology,7
3426,feeling high fever muscle diarrhoea pain chills sweating vomiting headache,Infectious,4
3427,suffering from shivering watering eyes continuous sneezing from,Dermatology,1
3428,i feel hunger palpitations anxiety lips vomiting headache irritability and distorted speech drying tingling fatigue vision slurred sweating excessive and blurred lately,Endocrinology,2
3429,experiencing loss internal vomiting itching pain appetite of passage of abdominal gases,Gastroenterology,3
3430,i feel joint hip pain neck joint joints knee walking pain swelling painful pain pain lately,Orthopedics,6
3431,i have on swollen vessels fatigue prominent swollen calf bruising legs blood veins obesity,Cardiology,0
3432,my main issue is in phlegm pain loss sweating malaise eyes chills chest weight yellowing vomiting swelled lymph appetite of sputum mild loss fatigue of breathlessness nodes cough blood fever,Pulmonology,7
3433,i have urine of joint pain muscle dark appetite mild skin vomiting diarrhoea of loss yellowish nausea yellowing eyes fever pain,Gastroenterology,3
3434,experiencing menstruation dizziness nails face abnormal eyes enlarged and hands thyroid irritability swings brittle extremeties and weight swollen fatigue mood feets puffy gain cold depression,Endocrinology,2
3435,i am having side one body sensorium of headache weakness altered,Neurology,5
3436,having vomiting fatigue of the red pain eyes nausea pain loss skin malaise headache high appetite fever joint pain rash behind body back over spots chills,Infectious,4
3437,dealing with consumption of stomach yellowish of swelling distention alcohol of overload skin abdomen vomiting history fluid,Gastroenterology,3
3438,feeling skin blackheads scurring rash,Dermatology,1
3439,having veins vessels bruising on fatigue calf obesity blood cramps swollen prominent swollen legs,Cardiology,0
3440,my main issue is skin patches nodal dischromic rash eruptions skin,Dermatology,1
3441,i think it's heart abnormal excessive restlessness weight sweating menstruation hunger irritability diarrhoea rate weakness fast muscle loss fatigue,Endocrinology,2
3442,dealing with abdominal vomiting of of nausea dark pain eyes fever muscle appetite pain loss diarrhoea joint pain yellowing skin yellowish mild urine,Gastroenterology,3
3443,feeling skin yellowing yellowish appetite loss eyes of of fatigue history nausea family,Gastroenterology,3
3444,i feel fatigue swollen calf swollen on blood obesity bruising cramps prominent legs veins vessels lately,Cardiology,0
3445,i think it's pain of skin fatigue yellowish vomiting pain liver coma failure yellowing acute of fever appetite stomach abdominal bleeding joint high urine loss dark eyes nausea,Gastroenterology,3
3446,i am having hip neck knee swelling pain joint walking joint pain pain pain painful joints,Orthopedics,6
3447,having history fatigue family appetite nausea loss eyes yellowish skin of yellowing of,Gastroenterology,3
3448,i feel swollen prominent blood swollen legs fatigue vessels bruising veins calf on cramps lately,Cardiology,0
3449,suffering from pain sweating breathlessness vomiting chest,Cardiology,0
3450,suffering from fever cough breathlessness high fatigue family history,Pulmonology,7
3451,i am having eyes nausea of of history fatigue appetite loss yellowing family,Gastroenterology,3
3452,i think it's stiffness neck muscle weakness painful movement stiff walking,Orthopedics,6
3453,i am having skin red fever around yellow nose crust rash ooze sore high blister,Dermatology,1
3454,i think it's eyes abdominal lethargy yellowing yellowish urine receiving unsterile itching skin appetite blood receiving fatigue of transfusion malaise pain yellow of injections loss,Gastroenterology,3
3455,i have dark pain yellowish fatigue skin fever abdominal urine vomiting itching weight loss high,Gastroenterology,3
3456,my main issue is passage gases indigestion abdominal loss vomiting itching of internal of pain appetite,Gastroenterology,3
3457,experiencing balance pain pain of back neck dizziness loss,Neurology,5
3458,i think it's cough pain stomach ulcers on vomiting chest acidity pain tongue,Gastroenterology,3
3459,dealing with body side weakness altered one of headache sensorium,Neurology,5
3460,i think it's breathlessness sweating vomiting,Cardiology,0
3461,experiencing burning foul discomfort bladder micturition of feel smell continuous urine of urine,Urology,8
3462,experiencing dischromic itching patches rash skin,Dermatology,1
3463,i have vomiting diarrhoea sunken eyes,Gastroenterology,3
3464,i am having blood appetite yellowing pain fever mild chest fatigue sputum fever nodes loss of of high lymph phlegm sweating cough vomiting breathlessness swelled malaise chills eyes in,Pulmonology,7
3465,dealing with mucoid fatigue history cough sputum high fever breathlessness family,Pulmonology,7
3466,i am having sensorium of one headache altered body vomiting weakness side,Neurology,5
3467,i am having nodal patches skin dischromic skin eruptions rash,Dermatology,1
3468,my main issue is limbs dizziness pain neck back in pain weakness,Neurology,5
3469,i feel vomiting eyes pain of red pain pain behind rash fatigue body spots pain over chills the joint malaise muscle appetite headache back skin nausea loss lately,Infectious,4
3470,i think it's vomiting headache weakness of sensorium body one side altered,Neurology,5
3471,dealing with of pain vomiting abdominal of distention swelling skin alcohol consumption stomach abdomen yellowish history of,Gastroenterology,3
3472,my main issue is and drying headache tingling slurred distorted and speech vision blurred irritability excessive hunger nausea fatigue sweating anxiety lips palpitations,Endocrinology,2
3473,i have marital extra patches fever high muscle throat wasting in contacts,Infectious,4
3474,experiencing irritation runny headache pain chills loss nodes of muscle pressure redness swelled phlegm fatigue congestion throat malaise eyes smell pain of fever chest cough lymph high sinus nose,Pulmonology,7
3475,i have loss urine of yellowish eyes abdominal yellowing dark nausea joint vomiting of skin appetite fatigue pain pain,Gastroenterology,3
3476,suffering from pain fatigue of muscle headache back chills pain high fever pain red rash over spots joint behind appetite loss eyes the pain malaise body nausea skin vomiting,Infectious,4
3477,i have tongue cough ulcers pain chest vomiting stomach acidity pain on,Gastroenterology,3
3478,having redness fever cough congestion continuous pressure sinus irritation chest high pain of loss throat eyes swelled runny sneezing nose lymph chills pain muscle malaise of headache smell phlegm fatigue nodes,Pulmonology,7
3479,experiencing sensorium one vomiting side headache of body weakness altered,Neurology,5
3480,dealing with loss over fatigue appetite spots nodes lymph red mild high of lethargy rash fever swelled headache skin itching fever malaise body,Infectious,4
3481,experiencing loss acute stomach pain liver of yellowish yellowing pain skin nausea eyes dark abdominal failure fever fatigue high bleeding of joint vomiting urine coma appetite,Gastroenterology,3
3482,dealing with pain pain cough tongue vomiting stomach on chest acidity ulcers,Gastroenterology,3
3483,dealing with chills from continuous shivering watering eyes sneezing,Dermatology,1
3484,feeling fever pain of abdominal eyes appetite urine diarrhoea dark of muscle yellowing joint vomiting pain yellowish nausea loss mild pain skin,Gastroenterology,3
3485,feeling side of weakness vomiting sensorium body headache altered one,Neurology,5
3486,suffering from eruptions itching nodal patches skin dischromic,Dermatology,1
3487,i have breathlessness high cough fever sputum fatigue mucoid,Pulmonology,7
3488,suffering from in small skin peeling inflammatory dusting pain skin nails like dents joint nails rash silver,Dermatology,1
3489,dealing with marital extra throat in contacts fever wasting patches high muscle,Infectious,4
3490,experiencing one sensorium vomiting side weakness altered headache body of,Neurology,5
3491,i think it's fever (typhos) constipation headache pain pain fatigue vomiting toxic look high diarrhoea nausea chills abdominal belly,Infectious,4
3492,suffering from mild dark pain skin vomiting abdominal yellowing appetite urine diarrhoea nausea eyes fever loss of of pain muscle yellowish,Gastroenterology,3
3493,having dizziness face thyroid weight gain brittle menstruation swollen depression lethargy and nails feets and fatigue puffy cold hands enlarged irritability swings abnormal mood extremeties eyes,Endocrinology,2
3494,i feel fatigue family sputum breathlessness history high mucoid fever lately,Pulmonology,7
3495,having vomiting chills high sweating nausea pain headache diarrhoea muscle fever,Infectious,4
3496,i am having throat high patches extra marital fever contacts wasting in muscle,Infectious,4
3497,experiencing sunken dehydration vomiting eyes,Gastroenterology,3
3498,feeling itching unsterile injections yellowish lethargy blood transfusion dark of abdominal yellowing urine eyes receiving yellow of appetite malaise receiving fatigue pain skin urine loss,Gastroenterology,3
3499,feeling eyes continuous irritation of chills fever headache throat phlegm sinus congestion pain redness sneezing loss swelled lymph runny high malaise chest pressure nodes smell cough of fatigue nose muscle pain,Pulmonology,7
3500,dealing with neck distorted vision acidity stiff excessive hunger depression indigestion disturbances visual headache blurred irritability and,Neurology,5
3501,i am having abdominal nausea vomiting pain chills diarrhoea high pain belly fatigue headache fever constipation,Infectious,4
3502,suffering from ulcers cough vomiting chest on stomach pain tongue pain,Gastroenterology,3
3503,i feel smell of urine bladder feel urine micturition burning of foul discomfort continuous lately,Urology,8
3504,having pain acidity vomiting pain ulcers on cough tongue chest stomach,Gastroenterology,3
3505,dealing with muscle joint pain high of pain body fatigue vomiting nausea skin pain malaise rash fever pain back appetite over chills behind headache spots red the loss eyes,Infectious,4
3506,my main issue is fatigue joint dark of appetite eyes pain skin yellowish nausea urine of yellowing vomiting abdominal pain loss,Gastroenterology,3
3507,my main issue is of appetite yellowish liver vomiting joint pain stomach skin bleeding pain high of failure eyes acute loss yellowing abdominal nausea fatigue fever dark coma urine,Gastroenterology,3
3508,i think it's stiff painful movement muscle walking weakness neck joints swelling stiffness,Orthopedics,6
3509,having irritation pressure fatigue phlegm nodes headache lymph throat chest smell high fever chills pain sinus eyes redness runny loss of pain cough of muscle malaise nose swelled congestion,Pulmonology,7
3510,feeling joints pain joint hip neck painful pain swelling pain pain joint knee walking,Orthopedics,6
3511,my main issue is feel smell urine of burning urine continuous foul micturition of,Urology,8
3512,i am having one vomiting headache sensorium body of weakness side altered,Neurology,5
3513,experiencing red high around sore yellow crust rash nose skin ooze fever,Dermatology,1
3514,i am having and depression mood and extremeties fatigue brittle eyes enlarged lethargy gain cold weight hands face swings thyroid nails irritability abnormal swollen feets menstruation puffy dizziness,Endocrinology,2
3515,i am having cough tongue pain acidity ulcers stomach chest on pain,Gastroenterology,3
3516,my main issue is nausea history yellowing appetite yellowish loss fatigue of family eyes of skin,Gastroenterology,3
3517,experiencing pain loss loss phlegm appetite malaise mild fever yellowing in cough fatigue breathlessness eyes of fever weight lymph chest of high nodes sputum swelled vomiting blood sweating,Pulmonology,7
3518,experiencing patches wasting high fever throat contacts marital extra in muscle,Infectious,4
3519,having skin red back of pain pain joint spots appetite nausea eyes over fever malaise fatigue behind pain headache body rash high vomiting pain the loss muscle chills,Infectious,4
3520,feeling mucoid sputum history cough breathlessness fatigue family,Pulmonology,7
3521,feeling diarrhoea loss mild nausea pain eyes skin abdominal of urine pain vomiting yellowing yellowish fever dark muscle appetite of,Gastroenterology,3
3522,having spots chills vomiting rash appetite malaise eyes pain back joint fatigue behind loss nausea red body pain over muscle skin the headache pain of fever pain high,Infectious,4
3523,dealing with nodes pressure fatigue chills irritation chest throat cough sinus lymph loss sneezing runny continuous fever swelled smell muscle phlegm pain high eyes redness pain nose headache of of congestion malaise,Pulmonology,7
3524,feeling sweating fast rate excessive mood hunger weight muscle restlessness loss weakness swings irritability diarrhoea abnormal menstruation heart,Endocrinology,2
3525,i feel behind back chills pain fever spots of vomiting loss pain headache rash fatigue muscle pain red malaise skin eyes the nausea high body over appetite lately,Infectious,4
3526,i think it's neck disturbances headache acidity hunger irritability stiff excessive indigestion visual vision blurred distorted and depression,Neurology,5
3527,having high yellowish urine skin fatigue itching vomiting dark pain fever abdominal,Gastroenterology,3
3528,i have altered vomiting body weakness of headache one side sensorium,Neurology,5
3529,my main issue is chest high eyes yellowing blood cough of lymph fever swelled malaise sweating mild loss fatigue weight fever appetite nodes breathlessness phlegm loss chills in of sputum pain,Pulmonology,7
3530,feeling headache vomiting sensorium altered,Neurology,5
3531,having nausea of fever rash high back body the red skin pain behind spots over pain pain headache vomiting chills loss eyes appetite malaise muscle fatigue,Infectious,4
3532,i think it's vomiting diarrhoea dehydration sunken eyes,Gastroenterology,3
3533,experiencing pain nausea fatigue appetite abdominal vomiting urine skin dark yellowish pain loss joint yellowing of of eyes,Gastroenterology,3
3534,experiencing micturition burning urine of feel urine bladder smell foul continuous discomfort of,Urology,8
3535,my main issue is vomiting mild pain skin fever loss of eyes pain diarrhoea nausea yellowing of joint appetite pain muscle yellowish abdominal,Gastroenterology,3
3536,having in pain of balance loss weakness dizziness back limbs,Neurology,5
3537,i feel sweating high fever pain diarrhoea muscle headache chills nausea lately,Infectious,4
3538,i have dehydration eyes vomiting sunken,Gastroenterology,3
3539,i have sputum cough history family breathlessness high fatigue mucoid fever,Pulmonology,7
3540,i feel swings mood weakness loss hunger heart abnormal muscle fast restlessness weight sweating rate fatigue diarrhoea excessive irritability menstruation lately,Endocrinology,2
3541,i have pain itching skin yellowish high dark vomiting abdominal urine fever weight loss fatigue,Gastroenterology,3
3542,i have weakness stiffness walking swelling joints muscle neck painful stiff movement,Orthopedics,6
3543,dealing with marital high contacts wasting extra fever throat muscle in patches,Infectious,4
3544,i am having continuous chills eyes watering shivering from sneezing,Dermatology,1
3545,dealing with tongue chest pain stomach ulcers cough acidity on vomiting pain,Gastroenterology,3
3546,suffering from pain rusty chills sputum heart breathlessness high malaise phlegm fast sweating fever cough chest rate,Pulmonology,7
3547,i am having look constipation headache high fatigue (typhos) abdominal fever pain belly chills diarrhoea vomiting nausea pain toxic,Infectious,4
3548,i think it's cough mild breathlessness chest vomiting pain loss fever yellowing malaise in phlegm of fatigue high swelled sweating appetite chills fever loss lymph eyes of nodes weight sputum blood,Pulmonology,7
3549,i feel spots of headache muscle body nausea red malaise joint high loss appetite the pain fever skin pain pain pain vomiting back rash eyes over chills behind lately,Infectious,4
3550,i am having loss fatigue dark abdominal skin weight urine vomiting pain yellowish itching,Gastroenterology,3
3551,feeling breathlessness chest sweating pain vomiting,Cardiology,0
3552,suffering from swollen swollen fatigue bruising vessels veins prominent on calf cramps blood legs obesity,Cardiology,0
3553,i am having loss vomiting skin urine dark high fatigue pain yellowish fever weight abdominal,Gastroenterology,3
3554,i think it's of nausea family yellowish skin eyes fatigue yellowing history,Gastroenterology,3
3555,i feel pain dizziness pain in weakness loss of back neck balance limbs lately,Neurology,5
3556,my main issue is red over vomiting pain loss fatigue eyes the high skin pain fever nausea back of spots pain joint muscle pain rash body chills headache malaise behind appetite,Infectious,4
3557,dealing with rash inflammatory joint pain in dents small skin like dusting silver nails nails,Dermatology,1
3558,dealing with pain loss pain balance neck back weakness dizziness limbs of in,Neurology,5
3559,my main issue is of eyes loss appetite yellowish fatigue skin family nausea of yellowing history,Gastroenterology,3
3560,having yellowish fluid vomiting abdomen of skin alcohol abdominal of overload consumption pain history distention,Gastroenterology,3
3561,dealing with chest vomiting on stomach pain ulcers cough tongue pain,Gastroenterology,3
3562,i am having neck hunger depression disturbances excessive indigestion irritability blurred acidity and distorted visual vision stiff,Neurology,5
3563,i think it's skin fatigue red loss over nodes mild lymph headache fever body swelled appetite itching malaise rash spots of lethargy,Infectious,4
3564,i feel rash pus pimples filled blackheads skin lately,Dermatology,1
3565,having internal indigestion itching of appetite vomiting passage loss of gases,Gastroenterology,3
3566,i have fatigue pain high breathlessness cough fast chest phlegm chills malaise fever sputum heart rusty rate,Pulmonology,7
3567,my main issue is and speech distorted and excessive sweating anxiety nausea tingling fatigue irritability vomiting drying vision lips slurred blurred hunger palpitations headache,Endocrinology,2
3568,i have nausea fatigue palpitations sweating distorted anxiety and speech excessive tingling drying and vision slurred blurred lips headache irritability vomiting hunger,Endocrinology,2
3569,my main issue is dischromic itching eruptions nodal rash skin skin patches,Dermatology,1
3570,having fever nausea muscle diarrhoea headache pain vomiting high chills,Infectious,4
3571,i have ooze nose sore yellow red fever high blister around rash skin crust,Dermatology,1
3572,i am having continuous redness of pressure irritation chills pain loss muscle chest throat headache fever high lymph nodes sinus runny swelled malaise phlegm sneezing smell cough pain congestion eyes nose of,Pulmonology,7
3573,i have over pain spots headache skin pain pain loss joint body malaise behind nausea back the pain fatigue fever muscle vomiting eyes red high appetite of rash,Infectious,4
3574,having lethargy over nodes loss fever itching spots body high lymph appetite fatigue malaise of mild headache skin fever rash red swelled,Infectious,4
3575,i feel sneezing continuous chills from eyes shivering watering lately,Dermatology,1
3576,i feel enlarged feets nails extremeties mood irritability abnormal depression hands and gain swollen weight thyroid fatigue swings cold menstruation brittle lethargy dizziness lately,Endocrinology,2
3577,i have pimples blackheads filled skin scurring rash pus,Dermatology,1
3578,suffering from burning urination skin itching rash micturition spotting,Dermatology,1
3579,i feel mood brittle irritability depression thyroid hands dizziness extremeties and lethargy swollen gain feets swings cold face weight menstruation abnormal nails puffy enlarged eyes fatigue and lately,Endocrinology,2
3580,having limbs dizziness neck pain in back weakness pain,Neurology,5
3581,my main issue is joint pain swelling pain hip neck walking knee joints pain painful pain joint,Orthopedics,6
3582,i have contacts wasting in muscle extra throat fever high patches marital,Infectious,4
3583,feeling peeling dents like in pain skin rash dusting small nails inflammatory joint nails silver skin,Dermatology,1
3584,having rash itching skin skin nodal eruptions,Dermatology,1
3585,i have internal abdominal gases loss pain of passage indigestion itching vomiting of appetite,Gastroenterology,3
3586,experiencing fatigue diarrhoea nausea abdominal vomiting (typhos) high fever look pain constipation chills toxic pain belly headache,Infectious,4
3587,i think it's weight weakness loss rate diarrhoea fast menstruation fatigue muscle heart restlessness abnormal swings mood hunger irritability sweating excessive,Endocrinology,2
3588,i have puffy thyroid face dizziness swings menstruation cold fatigue depression hands feets irritability swollen abnormal and enlarged mood weight nails gain and extremeties lethargy brittle eyes,Endocrinology,2
3589,having knee pain joint painful walking pain neck joint pain pain hip,Orthopedics,6
3590,my main issue is of yellowing lymph swelled pain sweating loss sputum cough chest weight high appetite phlegm nodes mild fever blood fever in breathlessness fatigue chills malaise eyes loss of,Pulmonology,7
3591,i am having scurring pus rash blackheads pimples filled skin,Dermatology,1
3592,feeling marital muscle contacts fever wasting high extra,Infectious,4
3593,experiencing sore red fever nose high ooze blister yellow skin crust around rash,Dermatology,1
3594,my main issue is chills watering from continuous shivering eyes sneezing,Dermatology,1
3595,experiencing rash crust yellow fever blister nose skin ooze red sore around high,Dermatology,1
3596,having over skin body loss fever rash appetite malaise itching lymph high headache lethargy red fever nodes of spots swelled mild,Infectious,4
3597,i am having dischromic patches skin nodal skin eruptions rash itching,Dermatology,1
3598,my main issue is joints walking weakness neck stiff movement stiffness swelling painful muscle,Orthopedics,6
3599,i have red around rash blister high sore ooze yellow skin crust fever nose,Dermatology,1
3600,i think it's of feel continuous urine bladder urine discomfort of foul burning smell micturition,Urology,8
3601,dealing with feets swollen cold face thyroid hands enlarged fatigue depression puffy swings gain menstruation nails irritability and brittle extremeties lethargy and eyes weight mood abnormal,Endocrinology,2
3602,experiencing bladder foul micturition discomfort smell urine burning continuous of urine feel of,Urology,8
3603,dealing with drying palpitations headache excessive and lips and anxiety nausea hunger slurred vision speech vomiting irritability distorted fatigue tingling blurred sweating,Endocrinology,2
3604,my main issue is overload alcohol abdominal swelling distention history pain consumption of fluid vomiting of stomach of abdomen,Gastroenterology,3
3605,my main issue is rash skin blackheads scurring,Dermatology,1
3606,i think it's high yellowish fever loss fatigue skin urine vomiting weight dark pain abdominal itching,Gastroenterology,3
3607,i am having sneezing chills shivering watering eyes continuous from,Dermatology,1
3608,i am having muscle in marital wasting throat patches high contacts fever extra,Infectious,4
3609,my main issue is diarrhoea vomiting eyes sunken dehydration,Gastroenterology,3
3610,i feel throat marital fever muscle patches high extra contacts wasting in lately,Infectious,4
3611,my main issue is muscle wasting high fever in throat patches,Infectious,4
3612,feeling swings abnormal mood weakness sweating rate hunger heart diarrhoea loss weight menstruation excessive muscle fatigue restlessness irritability fast,Endocrinology,2
3613,i think it's neck irritability excessive headache blurred acidity disturbances stiff depression and vision hunger distorted visual,Neurology,5
3614,i have brittle and puffy face abnormal dizziness gain menstruation cold irritability hands enlarged and swollen weight nails extremeties fatigue lethargy eyes depression feets thyroid,Endocrinology,2
3615,i am having nausea headache muscle diarrhoea pain fever vomiting sweating chills high,Infectious,4
3616,my main issue is like in skin small dusting skin joint rash peeling dents pain silver nails,Dermatology,1
3617,feeling in silver rash inflammatory small skin nails peeling pain like skin dusting joint nails dents,Dermatology,1
3618,i have swings fatigue hands cold mood enlarged extremeties face thyroid menstruation irritability brittle and puffy eyes and swollen weight lethargy dizziness feets gain depression nails abnormal,Endocrinology,2
3619,i feel history loss yellowish skin appetite nausea fatigue of eyes yellowing of family lately,Gastroenterology,3
3620,having headache nausea muscle chills sweating fever pain vomiting diarrhoea high,Infectious,4
3621,dealing with feel discomfort urine continuous micturition burning of bladder,Urology,8
3622,experiencing pain headache vomiting high nausea fever chills sweating muscle,Infectious,4
3623,my main issue is of nausea appetite yellowing of loss skin history fatigue eyes yellowish family,Gastroenterology,3
3624,i have excessive visual indigestion depression hunger neck stiff acidity irritability headache disturbances,Neurology,5
3625,i am having fatigue diarrhoea muscle excessive weakness loss heart mood sweating rate fast swings irritability menstruation abnormal hunger weight restlessness,Endocrinology,2
3626,i am having dehydration diarrhoea sunken vomiting eyes,Gastroenterology,3
3627,i think it's high malaise runny chills swelled chest eyes fever irritation continuous of nose sinus pressure nodes sneezing throat redness congestion fatigue phlegm headache pain of loss muscle cough lymph smell pain,Pulmonology,7
3628,having neck balance pain dizziness limbs in loss weakness pain of back,Neurology,5
3629,i think it's patches dischromic itching nodal skin skin rash eruptions,Dermatology,1
3630,i feel chest cough sputum heart rate pain fatigue malaise breathlessness rusty high fever fast phlegm chills lately,Pulmonology,7
3631,i think it's patches nodal eruptions skin itching dischromic,Dermatology,1
3632,i think it's sweating of swelled malaise high phlegm fever fever loss pain nodes blood lymph breathlessness weight eyes chest cough loss appetite in sputum fatigue mild yellowing vomiting of chills,Pulmonology,7
3633,i am having micturition skin spotting urination rash itching burning,Dermatology,1
3634,i think it's transfusion urine unsterile abdominal lethargy yellowing of malaise injections fatigue dark urine receiving yellow skin yellowish pain blood loss appetite receiving eyes itching of,Gastroenterology,3
3635,suffering from fatigue swollen swollen bruising prominent vessels blood obesity calf legs on veins,Cardiology,0
3636,i think it's urine yellowing fatigue dark pain joint loss eyes nausea pain vomiting abdominal appetite of of,Gastroenterology,3
3637,suffering from of yellowing abdominal loss fatigue yellowish dark nausea pain skin vomiting joint pain appetite urine eyes of,Gastroenterology,3
3638,i am having vision and stiff indigestion irritability neck distorted disturbances depression headache blurred excessive hunger acidity visual,Neurology,5
3639,i think it's marital contacts high muscle fever wasting extra,Infectious,4
3640,my main issue is of family fatigue skin eyes of loss yellowish history yellowing nausea appetite,Gastroenterology,3
3641,i feel micturition foul urine burning smell bladder of discomfort lately,Urology,8
3642,i feel vomiting diarrhoea sunken eyes dehydration lately,Gastroenterology,3
3643,dealing with urine joint of yellowing appetite dark pain of skin nausea yellowish eyes abdominal fatigue pain vomiting loss,Gastroenterology,3
3644,i have hands cold gain nails irritability swings fatigue menstruation eyes puffy brittle enlarged weight mood and abnormal extremeties swollen and feets dizziness thyroid face lethargy depression,Endocrinology,2
3645,dealing with headache itching skin swelled fatigue nodes lymph loss appetite of red lethargy spots malaise fever fever high over mild rash body,Infectious,4
3646,dealing with sweating vomiting pain high fever chills diarrhoea muscle nausea,Infectious,4
3647,having urine coma pain high of yellowing of bleeding yellowish fatigue skin eyes failure appetite liver stomach abdominal nausea pain loss vomiting dark joint acute fever,Gastroenterology,3
3648,suffering from and brittle irritability swollen hands cold enlarged abnormal face and swings gain dizziness extremeties lethargy feets eyes thyroid fatigue nails menstruation depression puffy weight mood,Endocrinology,2
3649,my main issue is pain abdominal of distention of of vomiting swelling stomach yellowish skin consumption history alcohol abdomen,Gastroenterology,3
3650,feeling loss redness runny malaise congestion sinus pain smell phlegm irritation pressure continuous chills pain headache eyes throat of high nodes cough chest of nose fever swelled sneezing fatigue muscle lymph,Pulmonology,7
3651,feeling lymph sputum nodes chills fever in weight pain loss of vomiting loss mild of cough blood yellowing breathlessness fever sweating appetite eyes fatigue chest phlegm swelled malaise high,Pulmonology,7
3652,having sore high rash red around yellow crust skin blister fever ooze nose,Dermatology,1
3653,dealing with headache pain constipation pain vomiting diarrhoea look toxic (typhos) chills fatigue high belly abdominal fever,Infectious,4
3654,i am having breathlessness fatigue sputum fast rate high sweating phlegm chest rusty fever cough chills pain heart,Pulmonology,7
3655,experiencing depression gain feets brittle abnormal mood and puffy irritability fatigue eyes menstruation swings and face thyroid lethargy dizziness hands enlarged extremeties swollen nails weight cold,Endocrinology,2
3656,my main issue is fast swings mood loss excessive rate restlessness heart irritability weight weakness muscle sweating fatigue menstruation abnormal hunger diarrhoea,Endocrinology,2
3657,having eyes yellow unsterile appetite yellowing pain yellowish of skin transfusion blood receiving loss itching malaise of abdominal fatigue receiving lethargy urine injections urine dark,Gastroenterology,3
3658,i think it's diarrhoea chills fever pain fatigue constipation pain high headache nausea belly vomiting abdominal,Infectious,4
3659,having runny pressure sinus cough throat continuous eyes nose chills redness congestion of muscle pain fever pain high smell of malaise loss chest phlegm headache fatigue sneezing irritation,Pulmonology,7
3660,having of eyes loss skin nausea yellowing appetite history family yellowish fatigue of,Gastroenterology,3
3661,feeling side sensorium altered one headache of weakness body,Neurology,5
3662,feeling wasting contacts extra patches muscle fever in high marital throat,Infectious,4
3663,experiencing loss pain abdominal skin yellowish vomiting urine dark itching high weight fever fatigue,Gastroenterology,3
3664,i have yellowish urine injections malaise blood transfusion urine receiving of eyes yellow of fatigue dark lethargy pain skin unsterile receiving abdominal yellowing itching loss appetite,Gastroenterology,3
3665,i think it's appetite fatigue vomiting acute pain coma high fever loss of stomach abdominal bleeding yellowish liver pain eyes failure joint of nausea yellowing skin,Gastroenterology,3
3666,my main issue is nose congestion pain nodes high chills muscle pain eyes of lymph chest loss smell malaise sinus sneezing pressure fatigue swelled throat irritation headache of redness runny fever phlegm continuous,Pulmonology,7
3667,dealing with dark of of appetite receiving eyes lethargy loss injections unsterile blood receiving urine skin yellowish yellowing abdominal fatigue malaise transfusion pain itching,Gastroenterology,3
3668,having headache one sensorium side weakness of vomiting body altered,Neurology,5
3669,i feel itching skin rash dischromic patches lately,Dermatology,1
3670,i have vomiting passage loss of appetite indigestion itching internal of gases abdominal pain,Gastroenterology,3
3671,having burning urine of feel smell foul continuous discomfort bladder urine micturition of,Urology,8
3672,i have fatigue high cough fever breathlessness rate fast rusty chest sputum heart malaise chills pain sweating,Pulmonology,7
3673,suffering from internal abdominal vomiting of itching passage gases indigestion pain,Gastroenterology,3
3674,i have fluid consumption history of of overload stomach skin of alcohol abdominal abdomen yellowish swelling distention pain,Gastroenterology,3
3675,feeling yellowish appetite skin of of loss nausea fatigue yellowing eyes,Gastroenterology,3
3676,feeling itching abdominal urine fatigue yellowish fever vomiting weight skin dark high loss pain,Gastroenterology,3
3677,experiencing pain loss vomiting fatigue high fever abdominal itching dark skin weight urine yellowish,Gastroenterology,3
3678,suffering from in neck pain loss limbs balance of back pain dizziness weakness,Neurology,5
3679,my main issue is vomiting acidity on pain stomach chest pain tongue ulcers cough,Gastroenterology,3
3680,my main issue is excessive vision anxiety and tingling and drying blurred sweating hunger vomiting palpitations distorted fatigue slurred nausea lips speech headache irritability,Endocrinology,2
3681,having tongue vomiting stomach cough on ulcers chest pain acidity pain,Gastroenterology,3
3682,i have skin rash crust high around red fever blister sore yellow ooze nose,Dermatology,1
3683,feeling pain toxic abdominal vomiting chills (typhos) pain nausea fever high constipation belly fatigue look diarrhoea headache,Infectious,4
3684,i feel stiff joints stiffness muscle swelling weakness walking movement neck painful lately,Orthopedics,6
3685,feeling dischromic skin eruptions itching nodal patches,Dermatology,1
3686,i have gases loss internal indigestion appetite pain itching of vomiting abdominal of passage,Gastroenterology,3
3687,experiencing of urine micturition foul bladder continuous feel of discomfort urine burning smell,Urology,8
3688,suffering from rash eruptions nodal skin skin itching,Dermatology,1
3689,my main issue is fever yellowing chills pain in appetite fatigue cough mild loss eyes nodes of high phlegm of malaise lymph sputum blood fever breathlessness sweating vomiting chest swelled,Pulmonology,7
3690,my main issue is swelling joint joint pain neck pain pain hip knee joints pain,Orthopedics,6
3691,suffering from history cough family mucoid fatigue high fever sputum,Pulmonology,7
3692,experiencing breathlessness sweating chest pain,Cardiology,0
3693,suffering from watering continuous chills from sneezing shivering eyes,Dermatology,1
3694,dealing with breathlessness vomiting sweating,Cardiology,0
3695,experiencing passage pain loss vomiting indigestion of abdominal of appetite gases,Gastroenterology,3
3696,feeling irritability loss weakness restlessness heart fast sweating fatigue excessive rate weight abnormal menstruation muscle diarrhoea hunger,Endocrinology,2
3697,suffering from runny high sneezing of nose cough congestion irritation muscle eyes headache swelled lymph chills redness throat fever continuous phlegm of sinus pressure pain chest loss pain fatigue nodes smell,Pulmonology,7
3698,experiencing vision anxiety drying distorted excessive nausea fatigue hunger irritability blurred and speech slurred vomiting tingling sweating palpitations and lips headache,Endocrinology,2
3699,having indigestion itching passage internal vomiting pain gases of abdominal,Gastroenterology,3
3700,i have cramps obesity swollen blood fatigue legs bruising on vessels veins swollen calf prominent,Cardiology,0
3701,i am having sinus of nose loss chills eyes swelled irritation pain fever runny high cough smell fatigue throat lymph phlegm nodes malaise headache chest pressure congestion of muscle pain redness,Pulmonology,7
3702,having around red sore yellow fever skin crust blister ooze nose high rash,Dermatology,1
3703,having yellow receiving blood of unsterile appetite yellowing loss transfusion urine lethargy dark itching eyes malaise pain skin receiving of fatigue injections yellowish urine abdominal,Gastroenterology,3
3704,experiencing irritability excessive drying nausea slurred vision sweating blurred fatigue speech headache anxiety distorted hunger tingling lips palpitations and and,Endocrinology,2
3705,my main issue is limbs loss balance pain back dizziness pain weakness neck of in,Neurology,5
3706,my main issue is fatigue yellowish dark skin fever loss weight high vomiting abdominal itching urine pain,Gastroenterology,3
3707,dealing with high marital fever muscle extra contacts wasting,Infectious,4
3708,experiencing stiffness weakness stiff muscle movement walking painful swelling joints neck,Orthopedics,6
3709,experiencing itching injections pain transfusion urine loss receiving yellowish dark abdominal eyes skin unsterile lethargy yellowing of urine of appetite receiving malaise blood fatigue yellow,Gastroenterology,3
3710,my main issue is mild chills malaise fever loss of nodes swelled of lymph sputum eyes loss sweating yellowing chest in cough phlegm high breathlessness blood weight fever vomiting pain appetite fatigue,Pulmonology,7
3711,experiencing internal vomiting of appetite itching passage abdominal loss pain gases of,Gastroenterology,3
3712,i think it's malaise lethargy spots lymph body fever red skin swelled rash headache fatigue itching appetite of nodes loss over high,Infectious,4
3713,i have nodal skin skin dischromic eruptions patches rash,Dermatology,1
3714,suffering from red high fatigue appetite skin fever body rash lethargy loss itching over of spots lymph swelled nodes malaise mild fever headache,Infectious,4
3715,i feel tongue acidity on pain stomach pain chest ulcers vomiting cough lately,Gastroenterology,3
3716,having stomach pain cough acidity vomiting chest pain,Gastroenterology,3
3717,dealing with mucoid history sputum high breathlessness fatigue fever family,Pulmonology,7
3718,i have vomiting yellowing skin loss stomach of of coma urine dark fatigue pain bleeding joint high acute abdominal yellowish fever appetite nausea liver pain eyes failure,Gastroenterology,3
3719,experiencing breathlessness vomiting pain chest sweating,Cardiology,0
3720,i feel headache sneezing irritation muscle fatigue sinus nodes throat loss continuous eyes congestion smell pain chest malaise high of swelled pressure fever runny chills phlegm pain lymph nose of cough redness lately,Pulmonology,7
3721,i am having burning rash urination itching micturition spotting stomach pain skin,Dermatology,1
3722,i am having toxic look fatigue abdominal pain fever chills nausea pain constipation diarrhoea (typhos) belly headache vomiting high,Infectious,4
3723,my main issue is muscle joints walking movement weakness neck swelling painful stiffness stiff,Orthopedics,6
3724,having muscle fever contacts throat extra marital high in wasting patches,Infectious,4
3725,feeling sore rash skin yellow around ooze nose blister crust red,Dermatology,1
3726,my main issue is of skin over red fatigue spots appetite lymph swelled fever body high nodes itching malaise headache lethargy rash loss,Infectious,4
3727,i have fatigue joint pain pain of of loss abdominal urine yellowing dark yellowish vomiting eyes skin nausea appetite,Gastroenterology,3
3728,i am having neck of limbs in pain weakness dizziness pain loss back balance,Neurology,5
3729,my main issue is depression visual vision irritability blurred disturbances indigestion neck distorted and acidity headache stiff,Neurology,5
3730,i have vomiting pain diarrhoea sweating nausea chills fever muscle high,Infectious,4
3731,i am having nausea of fatigue dark of pain joint appetite vomiting yellowing skin abdominal yellowish eyes urine loss pain,Gastroenterology,3
3732,dealing with pain on ulcers pain chest vomiting tongue stomach acidity,Gastroenterology,3
3733,i feel nodal itching eruptions rash skin skin lately,Dermatology,1
3734,i have filled skin pimples scurring blackheads rash pus,Dermatology,1
3735,i have altered sensorium vomiting side headache body one weakness of,Neurology,5
3736,i think it's rusty breathlessness fast sputum pain rate heart chest high cough malaise fever sweating chills phlegm fatigue,Pulmonology,7
3737,my main issue is weakness vomiting side of sensorium altered one body,Neurology,5
3738,feeling mild appetite loss swelled red malaise over lethargy fatigue rash headache spots body nodes lymph skin high fever of itching fever,Infectious,4
3739,feeling palpitations fatigue tingling irritability anxiety hunger headache speech blurred vomiting and drying and excessive lips distorted slurred sweating vision,Endocrinology,2
3740,experiencing and headache fatigue sweating nausea drying distorted excessive tingling hunger blurred and speech lips palpitations slurred vomiting irritability anxiety vision,Endocrinology,2
3741,experiencing cough runny malaise irritation lymph phlegm continuous of fever sinus throat eyes loss chills pain chest congestion swelled fatigue pain nose pressure muscle headache sneezing nodes redness of high smell,Pulmonology,7
3742,i am having body of side altered sensorium headache vomiting weakness one,Neurology,5
3743,my main issue is pain weakness back of loss balance in dizziness pain limbs neck,Neurology,5
3744,experiencing extra contacts high wasting muscle fever marital,Infectious,4
3745,my main issue is disturbances visual stiff excessive neck hunger vision and distorted acidity headache irritability blurred indigestion depression,Neurology,5
3746,my main issue is irritability neck distorted visual headache vision and disturbances acidity stiff excessive hunger depression blurred,Neurology,5
3747,my main issue is muscle movement stiff stiffness walking painful neck weakness,Orthopedics,6
3748,having abdominal urine weight high dark fatigue yellowish pain vomiting loss skin fever,Gastroenterology,3
3749,dealing with abdomen alcohol pain overload distention of fluid history stomach of abdominal swelling of vomiting consumption,Gastroenterology,3
3750,i feel restlessness irritability heart fatigue diarrhoea menstruation excessive muscle rate sweating fast hunger abnormal weight loss weakness lately,Endocrinology,2
3751,i feel vomiting pain skin pain abdominal eyes nausea yellowish urine of dark of appetite fatigue loss yellowing joint lately,Gastroenterology,3
3752,i think it's nose crust ooze blister yellow sore around rash red skin,Dermatology,1
3753,dealing with palpitations irritability slurred drying vision sweating vomiting blurred and and tingling hunger excessive lips speech distorted anxiety headache nausea,Endocrinology,2
3754,i am having of pain abdominal skin eyes urine vomiting yellowish loss nausea fatigue appetite joint dark pain of yellowing,Gastroenterology,3
3755,i feel pain in rash inflammatory nails silver nails small peeling skin dents dusting skin like joint lately,Dermatology,1
3756,i feel loss pain malaise appetite injections itching transfusion yellowish dark receiving urine skin yellow of abdominal urine receiving blood of unsterile eyes lethargy yellowing fatigue lately,Gastroenterology,3
3757,i am having pain swelling pain pain knee walking hip joints joint painful joint pain neck,Orthopedics,6
3758,i have fatigue constipation abdominal belly pain toxic fever chills nausea pain (typhos) diarrhoea high look headache vomiting,Infectious,4
3759,dealing with eyes vomiting sunken dehydration diarrhoea,Gastroenterology,3
3760,feeling appetite joint abdominal high pain bleeding yellowish yellowing of coma loss of stomach failure pain acute fever fatigue nausea urine dark eyes vomiting liver skin,Gastroenterology,3
3761,dealing with rash dischromic skin nodal eruptions itching patches skin,Dermatology,1
3762,i have veins on prominent legs calf swollen bruising blood vessels swollen fatigue obesity cramps,Cardiology,0
3763,experiencing skin micturition burning stomach itching pain rash,Dermatology,1
3764,i am having knee joint walking painful pain hip joint swelling neck pain pain joints pain,Orthopedics,6
3765,feeling muscle movement stiffness swelling stiff painful joints neck walking weakness,Orthopedics,6
3766,feeling rate rusty chills heart chest sputum fast pain high sweating fatigue malaise fever breathlessness phlegm,Pulmonology,7
3767,suffering from skin rash pain urination spotting burning itching micturition stomach,Dermatology,1
3768,having indigestion irritability blurred headache acidity distorted disturbances visual hunger neck vision excessive stiff and,Neurology,5
3769,i think it's skin dischromic patches skin itching nodal eruptions rash,Dermatology,1
3770,i think it's pain fatigue weight fever abdominal itching loss vomiting urine yellowish high dark skin,Gastroenterology,3
3771,having mucoid fatigue cough history sputum high family fever breathlessness,Pulmonology,7
3772,experiencing in fever patches high contacts throat extra marital,Infectious,4
3773,i think it's tingling excessive headache sweating vision and lips and hunger palpitations blurred irritability slurred anxiety fatigue nausea vomiting speech distorted drying,Endocrinology,2
3774,i have belly fever vomiting fatigue high chills look pain constipation toxic headache nausea (typhos) abdominal pain,Infectious,4
3775,having rate fever breathlessness fast pain cough phlegm rusty heart chills fatigue chest malaise sputum high sweating,Pulmonology,7
3776,i am having and disturbances indigestion neck hunger acidity irritability blurred excessive vision headache distorted visual depression stiff,Neurology,5
3777,dealing with patches rash skin nodal eruptions itching dischromic skin,Dermatology,1
3778,i feel nausea high fever vomiting muscle pain headache chills diarrhoea lately,Infectious,4
3779,my main issue is pain fever sputum chills rusty breathlessness chest heart high fatigue malaise rate phlegm sweating cough fast,Pulmonology,7
3780,dealing with mucoid history family fatigue high fever cough sputum,Pulmonology,7
3781,having lymph irritation headache muscle sneezing continuous smell sinus congestion of throat fatigue phlegm of nose fever malaise runny cough eyes loss pain pressure chest nodes pain high swelled chills redness,Pulmonology,7
3782,experiencing spotting skin stomach pain rash micturition itching urination burning,Dermatology,1
3783,feeling spotting pain urination micturition itching stomach burning,Dermatology,1
3784,having muscle diarrhoea pain chills sweating high headache fever vomiting nausea,Infectious,4
3785,feeling micturition urine discomfort burning continuous bladder of feel,Urology,8
3786,feeling skin pain spotting rash itching burning micturition urination stomach,Dermatology,1
3787,experiencing loss in limbs neck balance of pain weakness dizziness,Neurology,5
3788,i think it's itching vomiting passage indigestion appetite of abdominal of pain internal loss gases,Gastroenterology,3
3789,feeling skin of malaise appetite chills spots nausea fatigue the pain body pain eyes behind muscle back pain joint headache rash vomiting loss over pain red,Infectious,4
3790,experiencing eyes of appetite yellowish loss nausea family fatigue history skin yellowing of,Gastroenterology,3
3791,i have gases passage internal of abdominal vomiting indigestion appetite itching loss pain of,Gastroenterology,3
3792,i feel disturbances and depression vision excessive stiff visual headache blurred irritability distorted hunger neck indigestion acidity lately,Neurology,5
3793,suffering from cough chest acidity pain stomach ulcers vomiting pain tongue on,Gastroenterology,3
3794,my main issue is sputum breathlessness high fever family fatigue history mucoid,Pulmonology,7
3795,dealing with breathlessness fast sputum chills rate fatigue malaise rusty fever cough pain phlegm heart sweating high chest,Pulmonology,7
3796,having fever chest pain fatigue swelled eyes of appetite cough blood breathlessness yellowing vomiting loss high chills mild lymph of nodes weight in sweating loss malaise sputum fever phlegm,Pulmonology,7
3797,dealing with skin skin nodal patches eruptions rash dischromic,Dermatology,1
3798,i feel veins cramps swollen fatigue bruising obesity prominent vessels blood calf legs on swollen lately,Cardiology,0
3799,i am having red ooze yellow around blister high crust nose fever sore,Dermatology,1
3800,i feel menstruation face thyroid mood weight and brittle hands feets dizziness irritability depression puffy swollen swings cold abnormal nails and gain eyes extremeties fatigue enlarged lately,Endocrinology,2
3801,feeling skin failure fever stomach yellowish acute of pain abdominal urine appetite yellowing fatigue liver dark vomiting of pain bleeding high joint eyes loss nausea coma,Gastroenterology,3
3802,i have pain pain eyes of abdominal loss of muscle fever nausea urine vomiting diarrhoea dark skin yellowish appetite yellowing pain mild joint,Gastroenterology,3
3803,i am having continuous feel of discomfort urine bladder burning micturition,Urology,8
3804,i feel eyes yellowish abdominal joint yellowing pain nausea fatigue urine pain vomiting of dark skin lately,Gastroenterology,3
3805,feeling of yellowing of history fatigue loss eyes nausea skin appetite family yellowish,Gastroenterology,3
3806,experiencing and acidity neck vision visual blurred stiff hunger headache irritability indigestion distorted depression disturbances excessive,Neurology,5
3807,i am having abdominal bleeding loss skin acute coma of appetite urine failure vomiting yellowish eyes nausea fatigue of dark pain high fever stomach liver yellowing,Gastroenterology,3
3808,i am having bruising swollen swollen on legs calf prominent veins cramps blood vessels fatigue,Cardiology,0
3809,i feel abdominal toxic fever pain constipation pain high diarrhoea headache fatigue chills nausea vomiting look belly (typhos) lately,Infectious,4
3810,experiencing hunger stiff distorted vision irritability headache and acidity blurred depression neck excessive visual disturbances indigestion,Neurology,5
3811,my main issue is appetite of itching of loss pain abdominal gases passage vomiting indigestion internal,Gastroenterology,3
3812,feeling congestion lymph chills phlegm headache swelled sneezing muscle runny loss chest redness nose pain eyes cough fatigue irritation pain of smell pressure continuous high throat malaise of sinus nodes fever,Pulmonology,7
3813,having loss gases passage vomiting indigestion appetite itching of internal of pain abdominal,Gastroenterology,3
3814,my main issue is blood obesity calf on fatigue vessels legs swollen prominent swollen bruising veins cramps,Cardiology,0
3815,dealing with rate chest chills breathlessness pain fast heart malaise phlegm fatigue cough rusty sputum sweating,Pulmonology,7
3816,suffering from urine high yellowish loss itching vomiting abdominal fever fatigue skin dark pain weight,Gastroenterology,3
3817,my main issue is eyes fatigue swings thyroid weight depression lethargy irritability feets extremeties swollen enlarged menstruation brittle mood cold and nails gain puffy dizziness hands face and abnormal,Endocrinology,2
3818,suffering from pain back of loss in weakness dizziness neck pain limbs balance,Neurology,5
3819,my main issue is acidity tongue chest on stomach cough pain pain ulcers,Gastroenterology,3
3820,feeling stiff swelling movement weakness stiffness joints muscle neck painful walking,Orthopedics,6
3821,i am having one vomiting of weakness headache altered body sensorium side,Neurology,5
3822,suffering from appetite of history family of fatigue yellowing skin yellowish eyes loss,Gastroenterology,3
3823,i have appetite back muscle fever pain red nausea eyes over malaise the body pain pain pain headache loss behind fatigue vomiting spots rash of chills joint skin high,Infectious,4
3824,dealing with fever belly constipation toxic (typhos) headache pain nausea chills vomiting pain diarrhoea fatigue high look abdominal,Infectious,4
3825,dealing with breathlessness chest pain sweating vomiting,Cardiology,0
3826,dealing with sensorium headache body weakness side altered vomiting of one,Neurology,5
3827,having skin eyes of muscle nausea abdominal fever yellowing urine pain dark vomiting joint loss yellowish pain appetite pain mild of,Gastroenterology,3
3828,dealing with altered side sensorium weakness headache body of one,Neurology,5
3829,i think it's constipation chills abdominal pain vomiting toxic look fever pain diarrhoea fatigue (typhos) nausea headache belly high,Infectious,4
3830,feeling skin rash blackheads filled scurring pimples pus,Dermatology,1
3831,i am having constipation headache toxic high look fever fatigue chills pain abdominal (typhos) vomiting belly pain diarrhoea nausea,Infectious,4
3832,i think it's eyes dehydration diarrhoea vomiting sunken,Gastroenterology,3
3833,i think it's eyes diarrhoea vomiting sunken,Gastroenterology,3
3834,experiencing itching internal indigestion passage pain gases abdominal of vomiting,Gastroenterology,3
3835,my main issue is muscle weakness neck walking movement joints stiff stiffness swelling painful,Orthopedics,6
3836,having joint high abdominal stomach yellowish appetite urine fever pain eyes loss coma dark skin pain bleeding nausea fatigue of liver vomiting yellowing failure of acute,Gastroenterology,3
3837,feeling nausea vomiting irritability headache lips vision distorted slurred and speech palpitations drying and anxiety sweating excessive tingling blurred hunger,Endocrinology,2
3838,experiencing urine urine foul bladder discomfort continuous burning feel micturition of of smell,Urology,8
3839,i feel of vomiting yellowing eyes pain yellowish skin of loss abdominal nausea appetite fatigue pain joint lately,Gastroenterology,3
3840,having nausea high fever muscle sweating pain headache vomiting diarrhoea,Infectious,4
3841,experiencing dischromic skin skin patches nodal itching eruptions rash,Dermatology,1
3842,having nausea mild yellowing eyes appetite pain skin of pain dark muscle diarrhoea fever pain abdominal yellowish joint urine loss of,Gastroenterology,3
3843,experiencing toxic diarrhoea chills vomiting fever fatigue nausea high look pain belly abdominal pain headache (typhos) constipation,Infectious,4
3844,i am having marital wasting in patches contacts extra throat muscle,Infectious,4
3845,dealing with skin yellowish abdomen vomiting history stomach alcohol fluid pain consumption abdominal of overload of of distention swelling,Gastroenterology,3
3846,i feel wasting contacts high muscle fever patches extra marital throat in lately,Infectious,4
3847,i am having chills shivering eyes from watering,Dermatology,1
3848,i have vomiting eyes sunken diarrhoea,Gastroenterology,3
3849,i am having dark fever high pain weight yellowish abdominal itching loss vomiting urine skin,Gastroenterology,3
3850,i have headache sweating nausea vomiting chills fever pain muscle high diarrhoea,Infectious,4
3851,having chills continuous eyes from sneezing shivering watering,Dermatology,1
3852,i am having hunger and blurred headache acidity depression distorted vision irritability visual disturbances indigestion excessive,Neurology,5
3853,feeling vomiting on ulcers pain pain chest acidity stomach tongue cough,Gastroenterology,3
3854,experiencing walking neck swelling painful stiffness weakness joints muscle stiff movement,Orthopedics,6
3855,i feel internal gases pain of itching appetite loss abdominal passage of indigestion vomiting lately,Gastroenterology,3
3856,i have nose loss nodes chills continuous fever phlegm malaise headache chest smell throat irritation swelled redness eyes of sinus sneezing congestion cough high lymph muscle runny pain of pain pressure,Pulmonology,7
3857,dealing with pain sweating high chills nausea headache muscle diarrhoea fever,Infectious,4
3858,feeling extra contacts muscle marital fever wasting high,Infectious,4
3859,dealing with sunken vomiting eyes dehydration,Gastroenterology,3
3860,having fever joint red eyes loss chills over pain headache of pain fatigue high pain spots body vomiting pain behind muscle appetite nausea malaise rash back the skin,Infectious,4
3861,feeling high pain look fever toxic chills nausea (typhos) headache vomiting diarrhoea constipation fatigue belly,Infectious,4
3862,dealing with lymph swelled fatigue high malaise rash spots over loss red skin body fever headache mild fever nodes itching appetite lethargy of,Infectious,4
3863,i have fatigue weight malaise swelled nodes blood in pain fever eyes loss vomiting breathlessness loss cough of of mild chills sputum chest high appetite lymph phlegm sweating yellowing fever,Pulmonology,7
3864,feeling dents inflammatory like nails dusting pain skin silver small skin rash joint in peeling nails,Dermatology,1
3865,suffering from discomfort urine of continuous feel urine burning micturition foul of smell bladder,Urology,8
3866,i am having calf legs obesity bruising veins swollen blood prominent swollen on vessels cramps,Cardiology,0
3867,feeling skin appetite dark loss fever pain muscle diarrhoea yellowing pain of yellowish nausea of eyes abdominal vomiting mild urine,Gastroenterology,3
3868,experiencing sweating vomiting breathlessness pain chest,Cardiology,0
3869,experiencing of of appetite pain loss abdominal gases vomiting itching indigestion passage internal,Gastroenterology,3
3870,suffering from blurred irritability palpitations and headache and anxiety nausea sweating hunger vision speech slurred tingling distorted vomiting fatigue lips excessive drying,Endocrinology,2
3871,i feel inflammatory peeling rash small dents pain in dusting skin nails like joint skin nails silver lately,Dermatology,1
3872,i am having vision acidity headache and disturbances neck depression visual irritability distorted stiff indigestion excessive hunger blurred,Neurology,5
3873,having painful walking pain swelling neck pain joint pain hip joints joint,Orthopedics,6
3874,i am having contacts throat in extra patches muscle fever marital high wasting,Infectious,4
3875,having micturition of burning of continuous urine foul discomfort bladder urine smell feel,Urology,8
3876,i think it's swelling fluid of of alcohol of stomach abdominal pain history skin abdomen distention vomiting consumption yellowish overload,Gastroenterology,3
3877,dealing with abnormal muscle menstruation swings restlessness heart rate fatigue weight irritability mood loss hunger fast excessive diarrhoea sweating weakness,Endocrinology,2
3878,having extremeties gain swollen and swings mood menstruation weight lethargy eyes puffy dizziness feets abnormal hands face irritability thyroid brittle cold depression and fatigue enlarged nails,Endocrinology,2
3879,experiencing pain pain diarrhoea skin loss mild joint yellowing appetite muscle of urine dark of nausea fever pain yellowish eyes vomiting abdominal,Gastroenterology,3
3880,i think it's malaise breathlessness phlegm pain heart fever rusty sputum cough fast chest rate high chills fatigue sweating,Pulmonology,7
3881,having slurred vision vomiting drying lips excessive and hunger distorted blurred palpitations speech fatigue anxiety irritability nausea sweating tingling and,Endocrinology,2
3882,feeling from eyes shivering watering chills,Dermatology,1
3883,feeling eyes injections yellowish receiving itching appetite yellowing transfusion receiving blood of malaise yellow urine fatigue urine abdominal of pain skin dark loss unsterile,Gastroenterology,3
3884,i am having high pain headache nausea fever muscle chills sweating vomiting,Infectious,4
3885,my main issue is diarrhoea (typhos) pain nausea fever pain belly chills constipation look toxic abdominal high fatigue vomiting,Infectious,4
3886,dealing with sensorium vomiting headache altered,Neurology,5
3887,feeling burning discomfort of urine urine micturition bladder continuous smell feel of foul,Urology,8
3888,i think it's pain pain sinus chills malaise eyes redness of throat high of runny continuous muscle headache fatigue smell loss nose pressure fever irritation sneezing phlegm cough congestion chest,Pulmonology,7
3889,experiencing palpitations anxiety headache slurred vision tingling and excessive distorted lips hunger vomiting irritability fatigue and nausea blurred drying sweating speech,Endocrinology,2
3890,feeling wasting muscle high marital contacts throat extra fever patches in,Infectious,4
3891,i have chest stomach ulcers pain tongue on acidity cough pain vomiting,Gastroenterology,3
3892,suffering from diarrhoea dehydration eyes sunken,Gastroenterology,3
3893,having stomach vomiting pain appetite fatigue coma dark pain acute high bleeding yellowing liver eyes of failure of loss joint skin yellowish urine fever nausea abdominal,Gastroenterology,3
3894,feeling muscle menstruation sweating fatigue diarrhoea hunger abnormal fast excessive weight heart mood irritability swings loss rate weakness restlessness,Endocrinology,2
3895,i am having of internal abdominal gases pain indigestion passage vomiting itching,Gastroenterology,3
3896,dealing with acidity pain stomach pain cough chest vomiting,Gastroenterology,3
3897,i feel itching pain receiving fatigue blood transfusion of of eyes abdominal loss malaise receiving unsterile yellow urine lethargy yellowish dark yellowing urine appetite injections skin lately,Gastroenterology,3
3898,feeling neck walking pain joint hip pain painful pain swelling joint knee joints pain,Orthopedics,6
3899,feeling appetite loss history of of nausea family fatigue yellowing eyes,Gastroenterology,3
3900,i am having discomfort of urine of continuous foul smell bladder urine feel,Urology,8
3901,suffering from chills eyes sneezing continuous watering from,Dermatology,1
3902,feeling pain vomiting chest sweating breathlessness,Cardiology,0
3903,my main issue is transfusion eyes urine yellowing dark yellow of unsterile receiving yellowish loss injections blood malaise itching fatigue appetite abdominal skin pain of receiving lethargy urine,Gastroenterology,3
3904,i think it's sweating malaise chills rate breathlessness pain heart fatigue rusty sputum chest fast cough phlegm,Pulmonology,7
3905,i think it's irritability blurred drying tingling vision and hunger speech nausea slurred lips distorted fatigue anxiety headache vomiting sweating palpitations excessive and,Endocrinology,2
3906,i am having stiffness muscle stiff weakness walking neck movement painful swelling joints,Orthopedics,6
3907,i think it's stomach pain vomiting chest tongue cough on ulcers pain,Gastroenterology,3
3908,i am having anxiety fatigue sweating hunger excessive tingling distorted nausea blurred and and slurred drying irritability vomiting lips vision palpitations headache speech,Endocrinology,2
3909,i am having vomiting pain sweating breathlessness chest,Cardiology,0
3910,i am having itching high pain vomiting urine abdominal skin yellowish weight dark loss fever fatigue,Gastroenterology,3
3911,i have nodes lymph nose high headache pain of smell swelled sneezing throat malaise eyes sinus muscle of redness congestion fatigue chest pain continuous phlegm irritation cough pressure fever chills loss runny,Pulmonology,7
3912,dealing with appetite lethargy skin high red malaise lymph nodes of body over headache itching mild fever rash swelled spots loss fever,Infectious,4
3913,experiencing of loss vomiting internal appetite itching pain abdominal indigestion passage gases of,Gastroenterology,3
3914,i have cough family fatigue sputum fever breathlessness mucoid history high,Pulmonology,7
3915,i think it's sweating muscle fast weakness mood menstruation weight diarrhoea rate fatigue restlessness irritability abnormal loss swings heart,Endocrinology,2
3916,i think it's muscle painful walking neck movement stiff joints stiffness weakness swelling,Orthopedics,6
3917,i am having chills from eyes watering shivering,Dermatology,1
3918,i am having abdomen pain skin of abdominal overload stomach consumption vomiting history of fluid alcohol yellowish swelling of distention,Gastroenterology,3
3919,dealing with yellowish consumption alcohol skin abdomen fluid history pain overload distention vomiting abdominal of of,Gastroenterology,3
3920,i think it's yellowish nausea appetite eyes history family yellowing of of fatigue loss skin,Gastroenterology,3
3921,i have pain of failure appetite fever acute pain abdominal vomiting joint stomach yellowish bleeding high skin eyes coma yellowing of loss urine nausea liver dark,Gastroenterology,3
3922,my main issue is nodal skin patches dischromic eruptions rash skin itching,Dermatology,1
3923,my main issue is vomiting chest breathlessness sweating pain,Cardiology,0
3924,my main issue is sputum fever high history mucoid family cough fatigue breathlessness,Pulmonology,7
3925,having micturition itching pain burning skin stomach spotting urination rash,Dermatology,1
3926,i have nausea of appetite loss dark joint fatigue of urine pain yellowing vomiting yellowish eyes abdominal pain skin,Gastroenterology,3
3927,suffering from vomiting fever chills muscle nausea diarrhoea high sweating headache pain,Infectious,4
3928,i think it's extremeties thyroid abnormal eyes puffy depression cold gain feets and dizziness nails face swollen lethargy weight fatigue brittle menstruation mood swings and irritability hands enlarged,Endocrinology,2
3929,feeling fatigue loss vomiting pain urine skin weight yellowish fever itching abdominal dark high,Gastroenterology,3
3930,i feel nodes of eyes loss headache cough smell high pain lymph runny muscle throat redness malaise irritation fever of pain fatigue phlegm sneezing swelled nose congestion pressure continuous chest sinus lately,Pulmonology,7
3931,experiencing itching of internal gases abdominal vomiting pain passage indigestion,Gastroenterology,3
3932,i think it's pain nausea fever diarrhoea vomiting sweating high muscle chills headache,Infectious,4
3933,i think it's small peeling silver skin pain dusting nails joint inflammatory dents like in nails,Dermatology,1
3934,my main issue is high fever skin abdominal itching yellowish loss fatigue pain dark vomiting urine weight,Gastroenterology,3
3935,i think it's pimples pus filled skin scurring blackheads rash,Dermatology,1
3936,i am having diarrhoea vomiting dehydration eyes sunken,Gastroenterology,3
3937,my main issue is mood loss fatigue excessive menstruation irritability weakness muscle rate hunger weight swings fast diarrhoea heart sweating abnormal,Endocrinology,2
3938,i think it's rash filled skin pus blackheads pimples scurring,Dermatology,1
3939,feeling stomach urination itching skin spotting micturition burning pain rash,Dermatology,1
3940,i am having filled pimples rash scurring skin pus,Dermatology,1
3941,my main issue is palpitations vomiting sweating blurred vision fatigue and speech irritability drying distorted and excessive slurred nausea lips headache tingling hunger anxiety,Endocrinology,2
3942,my main issue is rash ooze high crust yellow blister fever skin,Dermatology,1
3943,i am having patches contacts wasting muscle fever marital throat in high extra,Infectious,4
3944,having fever yellow blister crust ooze nose sore high skin around rash red,Dermatology,1
3945,having skin consumption vomiting pain alcohol abdominal fluid distention of yellowish of overload abdomen history swelling of stomach,Gastroenterology,3
3946,suffering from mild vomiting swelled fever of yellowing pain blood nodes loss sweating lymph chest weight in malaise chills loss fatigue phlegm of eyes breathlessness high fever appetite sputum,Pulmonology,7
3947,suffering from sensorium headache vomiting altered,Neurology,5
3948,i have diarrhoea swings hunger restlessness fast loss abnormal fatigue weight menstruation rate mood irritability muscle heart weakness excessive sweating,Endocrinology,2
3949,i have pain pain neck limbs balance weakness back loss of in,Neurology,5
3950,suffering from restlessness loss mood heart sweating swings abnormal weight rate weakness excessive fatigue fast muscle hunger irritability diarrhoea menstruation,Endocrinology,2
3951,i am having mucoid fatigue history cough fever breathlessness family high sputum,Pulmonology,7
3952,i feel acidity excessive headache vision indigestion visual disturbances irritability blurred neck hunger stiff and distorted depression lately,Neurology,5
3953,i have loss blood unsterile transfusion urine fatigue lethargy of receiving dark injections appetite yellowing urine eyes yellow pain abdominal skin yellowish malaise receiving of,Gastroenterology,3
3954,dealing with crust skin red yellow around blister sore nose rash ooze,Dermatology,1
3955,experiencing nodal dischromic skin skin itching patches rash eruptions,Dermatology,1
3956,i have fever yellowing skin diarrhoea pain eyes of loss mild dark muscle nausea of urine abdominal joint pain vomiting appetite pain yellowish,Gastroenterology,3
3957,i think it's swings weight muscle menstruation excessive mood sweating rate fast restlessness loss heart diarrhoea weakness irritability hunger abnormal fatigue,Endocrinology,2
3958,feeling loss dark itching weight fatigue vomiting abdominal high fever pain urine yellowish skin,Gastroenterology,3
3959,i feel hunger nausea lips vomiting headache fatigue anxiety blurred irritability drying palpitations excessive and speech distorted tingling slurred vision and lately,Endocrinology,2
3960,i have around blister rash fever high yellow sore crust ooze red nose skin,Dermatology,1
3961,i am having ulcers pain pain cough vomiting chest on acidity tongue stomach,Gastroenterology,3
3962,having pain chest vomiting stomach cough acidity pain on tongue ulcers,Gastroenterology,3
3963,i think it's loss weakness back balance neck pain of pain in limbs dizziness,Neurology,5
3964,having itching skin urination spotting pain rash stomach,Dermatology,1
3965,experiencing stomach fluid pain vomiting distention history abdomen alcohol yellowish skin of of consumption abdominal swelling of overload,Gastroenterology,3
3966,experiencing appetite pain pain loss of urine yellowish skin yellowing joint muscle abdominal diarrhoea vomiting of pain eyes dark nausea mild fever,Gastroenterology,3
3967,i feel high (typhos) chills pain look constipation toxic headache vomiting pain nausea abdominal fever diarrhoea belly fatigue lately,Infectious,4
3968,i feel vision excessive irritability distorted headache hunger visual and blurred stiff indigestion disturbances depression neck lately,Neurology,5
3969,suffering from fever abdominal loss weight fatigue skin vomiting dark pain high yellowish urine itching,Gastroenterology,3
3970,my main issue is sweating diarrhoea nausea pain vomiting headache chills muscle,Infectious,4
3971,i am having prominent veins fatigue on swollen bruising cramps legs obesity blood calf swollen vessels,Cardiology,0
3972,suffering from depression visual indigestion blurred hunger stiff irritability acidity and neck disturbances distorted headache excessive vision,Neurology,5
3973,i think it's loss yellowing yellowish of fatigue appetite skin vomiting pain eyes dark joint nausea of urine,Gastroenterology,3
3974,i am having heart sweating fatigue high fever pain phlegm breathlessness rusty chest chills malaise rate fast sputum,Pulmonology,7
3975,i have skin itching pain spotting burning urination rash stomach micturition,Dermatology,1
3976,i feel sensorium side body headache vomiting one of altered weakness lately,Neurology,5
3977,i have loss fatigue of nausea yellowing appetite of eyes history skin yellowish family,Gastroenterology,3
3978,experiencing fever throat wasting high in patches contacts extra marital muscle,Infectious,4
3979,my main issue is skin fever bleeding acute of eyes pain yellowish failure fatigue joint appetite vomiting pain of loss nausea stomach urine yellowing liver abdominal coma high dark,Gastroenterology,3
3980,my main issue is yellowish itching urine high abdominal fever weight loss fatigue vomiting skin pain dark,Gastroenterology,3
3981,i am having fever abdominal of yellowing vomiting pain nausea appetite of joint dark mild urine muscle pain yellowish pain eyes diarrhoea skin loss,Gastroenterology,3
3982,i think it's stiff headache vision hunger disturbances neck blurred indigestion and acidity distorted visual irritability excessive depression,Neurology,5
3983,having weakness body side headache vomiting of one,Neurology,5
3984,suffering from acidity and stiff distorted vision excessive disturbances headache blurred irritability hunger visual neck indigestion depression,Neurology,5
3985,i am having in skin rash joint inflammatory peeling nails dents small pain skin nails,Dermatology,1
3986,having appetite fatigue eyes yellowing family history yellowish of nausea skin loss of,Gastroenterology,3
3987,i think it's high loss continuous muscle of irritation lymph smell headache redness sneezing nose congestion chills nodes phlegm cough pain malaise pressure pain chest throat fatigue eyes sinus swelled of fever runny,Pulmonology,7
3988,experiencing acidity ulcers vomiting pain cough stomach tongue chest on pain,Gastroenterology,3
3989,dealing with chills vomiting phlegm lymph sweating cough pain nodes appetite chest weight eyes mild loss fever in of sputum fever high yellowing breathlessness fatigue loss swelled of malaise blood,Pulmonology,7
3990,i feel yellowish pain vomiting of mild of urine pain fever muscle diarrhoea joint skin yellowing eyes appetite pain nausea loss abdominal dark lately,Gastroenterology,3
3991,having fatigue pain vomiting yellowish urine itching weight fever high loss dark skin abdominal,Gastroenterology,3
3992,i think it's fever breathlessness high cough sputum fatigue history mucoid family,Pulmonology,7
3993,dealing with weakness limbs dizziness loss neck back pain pain of balance in,Neurology,5
3994,i feel back body pain muscle over red joint behind chills appetite pain headache nausea pain rash fatigue vomiting the loss skin spots eyes of pain malaise lately,Infectious,4
3995,my main issue is pain painful pain pain joint neck walking joints knee swelling hip pain joint,Orthopedics,6
3996,i am having swelled spots of headache rash itching malaise lymph skin high loss body fever lethargy fever red over appetite fatigue nodes mild,Infectious,4
3997,i have vomiting fatigue of yellowish abdominal loss joint eyes nausea of urine appetite pain pain dark skin yellowing,Gastroenterology,3
3998,dealing with itching micturition urination skin pain rash stomach spotting burning,Dermatology,1
3999,experiencing sore around skin blister red fever ooze nose rash yellow high crust,Dermatology,1
4000,i have lymph sinus sneezing fever fatigue headache high nodes loss phlegm irritation redness pressure chills cough congestion muscle swelled pain nose eyes of runny continuous malaise pain chest of throat smell,Pulmonology,7
4001,i have pain joint urine of muscle yellowish dark skin pain pain loss vomiting fever abdominal eyes yellowing of mild nausea appetite,Gastroenterology,3
4002,i am having yellow fever blister rash crust sore skin ooze red nose high around,Dermatology,1
4003,i feel vomiting nausea pain chills fever high muscle headache diarrhoea sweating lately,Infectious,4
4004,suffering from stiffness walking movement swelling neck muscle weakness painful stiff joints,Orthopedics,6
4005,suffering from skin lymph red swelled spots rash fever over loss fever malaise fatigue headache body high of mild nodes itching appetite,Infectious,4
4006,my main issue is sputum fast heart breathlessness fatigue chills rusty malaise pain chest sweating cough rate fever phlegm high,Pulmonology,7
4007,having chills eyes shivering watering sneezing from continuous,Dermatology,1
4008,having sweating pain vomiting chest breathlessness,Cardiology,0
4009,dealing with headache weakness body altered vomiting of sensorium side one,Neurology,5
4010,my main issue is nails joint inflammatory dents small rash pain nails silver in like dusting peeling skin skin,Dermatology,1
4011,i feel pain muscle high vomiting joint body pain red eyes fatigue of rash pain back pain appetite nausea behind fever loss the chills malaise headache over skin spots lately,Infectious,4
4012,my main issue is calf swollen cramps veins prominent bruising obesity swollen fatigue on blood vessels legs,Cardiology,0
4013,i am having vomiting diarrhoea dehydration eyes sunken,Gastroenterology,3
4014,having headache altered sensorium vomiting,Neurology,5
4015,my main issue is brittle extremeties swollen cold weight puffy swings gain abnormal enlarged fatigue depression face nails lethargy feets menstruation eyes mood and dizziness hands and thyroid irritability,Endocrinology,2
4016,i am having skin pus blackheads scurring filled rash pimples,Dermatology,1
4017,my main issue is pain sweating malaise heart fast fever breathlessness high chills fatigue sputum chest rusty rate phlegm,Pulmonology,7
4018,experiencing patches dischromic itching skin skin nodal rash eruptions,Dermatology,1
4019,i have loss yellowing of fever of high chills sputum weight eyes pain chest phlegm cough appetite malaise mild loss breathlessness sweating in vomiting fatigue nodes swelled lymph fever blood,Pulmonology,7
4020,i am having weakness headache body of altered sensorium vomiting one side,Neurology,5
4021,i am having nodal rash skin eruptions itching skin,Dermatology,1
4022,feeling weakness vomiting one side body headache of sensorium altered,Neurology,5
4023,having fever cough mucoid family breathlessness high history sputum fatigue,Pulmonology,7
4024,i am having itching dischromic skin nodal rash patches eruptions skin,Dermatology,1
4025,experiencing failure bleeding fatigue nausea pain abdominal skin pain fever acute loss dark urine of high stomach liver vomiting appetite yellowish coma joint of yellowing eyes,Gastroenterology,3
4026,i feel toxic high belly look constipation chills diarrhoea headache (typhos) pain nausea vomiting fever abdominal fatigue pain lately,Infectious,4
4027,my main issue is of eyes history yellowing fatigue skin yellowish family nausea,Gastroenterology,3
4028,dealing with rash skin eruptions nodal skin itching,Dermatology,1
4029,having knee walking pain joint neck swelling joints pain pain pain joint painful hip,Orthopedics,6
4030,i feel appetite of skin yellowish loss of history fatigue family eyes yellowing lately,Gastroenterology,3
4031,i feel vomiting dehydration sunken diarrhoea eyes lately,Gastroenterology,3
4032,i think it's weight pain yellowish dark fatigue abdominal fever urine vomiting loss skin high itching,Gastroenterology,3
4033,having skin itching micturition stomach pain urination spotting burning rash,Dermatology,1
4034,my main issue is distorted depression and acidity visual hunger vision stiff blurred indigestion neck excessive disturbances irritability,Neurology,5
4035,dealing with breathlessness family mucoid history sputum fatigue fever high,Pulmonology,7
4036,i have nodal itching skin skin eruptions dischromic rash patches,Dermatology,1
4037,dealing with chest cough on pain tongue ulcers vomiting acidity,Gastroenterology,3
4038,my main issue is pain urine failure pain eyes dark skin of fatigue yellowing fever appetite joint bleeding coma vomiting of abdominal yellowish liver loss nausea acute high stomach,Gastroenterology,3
4039,dealing with hunger excessive headache stiff and neck blurred visual vision acidity disturbances indigestion irritability depression distorted,Neurology,5
4040,feeling urine fatigue weight abdominal yellowish high dark itching fever skin pain vomiting loss,Gastroenterology,3
4041,experiencing headache vomiting of weakness one side body sensorium altered,Neurology,5
4042,experiencing legs on swollen veins calf vessels cramps fatigue prominent swollen blood bruising obesity,Cardiology,0
4043,i am having pain sneezing irritation of runny lymph pain of cough swelled continuous muscle pressure nodes redness congestion throat fever chills loss chest fatigue eyes phlegm headache malaise high smell nose sinus,Pulmonology,7
4044,suffering from fever red over itching spots appetite body headache of lymph nodes malaise high mild swelled fatigue skin loss fever rash,Infectious,4
4045,my main issue is swelled fever appetite vomiting chills blood of yellowing in nodes pain high loss fatigue eyes mild malaise chest phlegm weight breathlessness cough loss fever sputum lymph of sweating,Pulmonology,7
4046,i am having muscle movement stiffness swelling neck stiff painful walking joints weakness,Orthopedics,6
4047,i am having the spots of behind skin chills back malaise over pain fever nausea pain joint pain headache loss eyes body red pain fatigue rash appetite muscle high,Infectious,4
4048,i feel muscle painful stiff movement weakness swelling stiffness neck joints walking lately,Orthopedics,6
4049,i have dark urine yellowish fever yellowing pain vomiting joint failure of pain appetite stomach eyes high liver fatigue nausea skin loss acute coma abdominal of bleeding,Gastroenterology,3
4050,experiencing pain acidity on pain chest ulcers stomach tongue vomiting,Gastroenterology,3
4051,feeling rate heart sweating menstruation mood fatigue weakness weight excessive abnormal restlessness hunger diarrhoea fast loss irritability muscle swings,Endocrinology,2
4052,suffering from vomiting breathlessness chest pain,Cardiology,0
4053,experiencing hunger fatigue muscle restlessness excessive weakness abnormal fast heart irritability mood rate loss menstruation weight swings diarrhoea sweating,Endocrinology,2
4054,i feel fever over pain loss red eyes headache behind fatigue appetite body malaise pain muscle pain nausea the joint spots chills pain high back of vomiting lately,Infectious,4
4055,i feel diarrhoea eyes vomiting dehydration sunken lately,Gastroenterology,3
4056,i think it's abdominal diarrhoea fatigue constipation toxic vomiting (typhos) fever chills nausea headache high look pain,Infectious,4
4057,feeling chills diarrhoea headache pain fever vomiting muscle sweating high nausea,Infectious,4
4058,experiencing eyes face and gain dizziness mood irritability depression fatigue and swollen brittle feets abnormal weight extremeties thyroid puffy nails cold hands swings lethargy enlarged menstruation,Endocrinology,2
4059,i am having heart sputum rusty cough fatigue high fast fever rate malaise breathlessness phlegm pain chills chest sweating,Pulmonology,7
4060,i feel feel bladder continuous of urine urine of foul smell discomfort burning micturition lately,Urology,8
4061,suffering from red sore nose crust yellow ooze high around rash fever skin,Dermatology,1
4062,my main issue is injections urine pain eyes yellowing abdominal yellowish blood unsterile loss lethargy malaise receiving appetite fatigue of of transfusion itching skin receiving dark,Gastroenterology,3
4063,i have diarrhoea irritability swings muscle weight mood abnormal fatigue restlessness hunger excessive weakness menstruation fast heart rate loss,Endocrinology,2
4064,suffering from nausea vomiting high headache chills diarrhoea constipation fatigue pain abdominal pain fever belly,Infectious,4
4065,suffering from weight dark loss urine fatigue pain itching fever vomiting abdominal high,Gastroenterology,3
4066,suffering from itching fatigue loss pain vomiting dark high yellowish urine fever weight skin abdominal,Gastroenterology,3
4067,i am having abdominal vomiting yellowish pain joint bleeding fever of failure loss dark yellowing fatigue eyes appetite coma high skin nausea acute urine of stomach liver pain,Gastroenterology,3
4068,i feel irritation eyes pain of nose chills nodes fever chest pressure lymph malaise throat high fatigue congestion phlegm smell of runny sneezing sinus cough redness loss pain continuous headache swelled muscle lately,Pulmonology,7
4069,i feel altered headache one weakness of body vomiting side sensorium lately,Neurology,5
4070,suffering from of overload vomiting of history alcohol fluid stomach of skin distention swelling yellowish pain abdomen abdominal consumption,Gastroenterology,3
4071,feeling nausea of eyes pain appetite yellowish of abdominal pain fatigue dark skin yellowing loss joint urine vomiting,Gastroenterology,3
4072,i feel loss history fatigue family skin of yellowish nausea appetite lately,Gastroenterology,3
4073,having rash nose skin red sore ooze crust around yellow blister,Dermatology,1
4074,my main issue is walking pain pain hip swelling painful pain knee pain joint joint joints neck,Orthopedics,6
4075,dealing with rate restlessness swings weight muscle fatigue diarrhoea weakness loss sweating menstruation fast heart abnormal mood hunger excessive irritability,Endocrinology,2
4076,experiencing stomach consumption abdominal vomiting alcohol fluid of of swelling history overload pain skin yellowish,Gastroenterology,3
4077,dealing with joint skin of pain vomiting abdominal of dark nausea loss fatigue urine pain yellowing eyes appetite yellowish,Gastroenterology,3
4078,dealing with and drying lips anxiety irritability vision palpitations headache slurred excessive hunger sweating fatigue vomiting nausea tingling and blurred speech distorted,Endocrinology,2
4079,my main issue is nodal itching skin rash skin eruptions dischromic patches,Dermatology,1
4080,i feel fatigue abnormal excessive heart weakness rate menstruation hunger diarrhoea sweating fast swings restlessness weight loss muscle mood irritability lately,Endocrinology,2
4081,experiencing excessive sweating speech palpitations anxiety vomiting irritability headache hunger slurred and blurred vision nausea fatigue distorted,Endocrinology,2
4082,suffering from skin yellowish yellowing eyes of nausea of family history fatigue appetite loss,Gastroenterology,3
4083,i have painful joints stiff movement neck weakness swelling walking stiffness muscle,Orthopedics,6
4084,i am having and palpitations nausea anxiety tingling vomiting fatigue sweating irritability excessive slurred lips hunger drying headache speech,Endocrinology,2
4085,i think it's fatigue diarrhoea vomiting pain fever constipation (typhos) high abdominal chills nausea toxic look pain headache belly,Infectious,4
4086,dealing with slurred and headache drying lips excessive palpitations hunger tingling distorted vision vomiting nausea and speech blurred sweating irritability fatigue,Endocrinology,2
4087,i am having dizziness of pain balance loss back neck pain,Neurology,5
4088,suffering from from watering continuous sneezing eyes chills,Dermatology,1
4089,i am having stomach burning micturition urination pain skin itching rash spotting,Dermatology,1
4090,i think it's indigestion itching internal of of vomiting appetite gases loss passage,Gastroenterology,3
4091,dealing with swollen on calf legs vessels veins blood prominent obesity swollen fatigue cramps bruising,Cardiology,0
4092,i am having of appetite loss nausea yellowish eyes of history skin fatigue yellowing family,Gastroenterology,3
4093,i am having overload vomiting fluid alcohol yellowish abdominal skin history abdomen pain consumption of distention of,Gastroenterology,3
4094,i feel back pain of balance weakness in pain neck limbs dizziness loss lately,Neurology,5
4095,i have the back nausea fatigue of spots chills high pain malaise behind rash pain vomiting appetite loss skin headache muscle over pain red fever body joint eyes pain,Infectious,4
4096,i feel yellowish unsterile blood injections fatigue appetite abdominal pain receiving loss malaise of yellowing dark receiving lethargy skin of transfusion yellow urine eyes urine lately,Gastroenterology,3
4097,my main issue is pain constipation toxic high fever fatigue diarrhoea headache chills look (typhos) nausea pain vomiting abdominal belly,Infectious,4
4098,i have diarrhoea joint nausea pain pain appetite of pain yellowing muscle dark skin fever of yellowish abdominal urine mild eyes loss,Gastroenterology,3
4099,i am having irritability puffy brittle eyes dizziness face thyroid and mood lethargy abnormal fatigue weight menstruation nails depression enlarged swings gain extremeties swollen,Endocrinology,2
4100,dealing with chest sweating breathlessness pain vomiting,Cardiology,0
4101,my main issue is fatigue of yellowish history yellowing family loss eyes skin of appetite,Gastroenterology,3
4102,dealing with blister nose skin rash yellow red ooze sore fever around crust high,Dermatology,1
4103,i think it's veins vessels bruising cramps swollen calf obesity blood on fatigue prominent swollen legs,Cardiology,0
4104,my main issue is diarrhoea vomiting dehydration,Gastroenterology,3
4105,i have itching skin dischromic patches rash,Dermatology,1
4106,dealing with of discomfort urine micturition foul of smell burning feel continuous bladder urine,Urology,8
4107,feeling abdominal vomiting fever pain chills diarrhoea high belly look toxic (typhos) constipation nausea pain fatigue,Infectious,4
4108,having abdominal look fever diarrhoea toxic belly nausea constipation vomiting (typhos) high fatigue pain pain chills,Infectious,4
4109,i have from continuous chills watering sneezing eyes shivering,Dermatology,1
4110,i think it's yellowish skin of history loss appetite nausea fatigue family,Gastroenterology,3
4111,i am having weakness hunger sweating swings heart diarrhoea fatigue weight irritability restlessness menstruation muscle loss rate mood fast abnormal excessive,Endocrinology,2
4112,my main issue is urination micturition skin burning pain rash itching spotting stomach,Dermatology,1
4113,experiencing history loss yellowish of fatigue appetite of family eyes skin yellowing nausea,Gastroenterology,3
4114,feeling over body eyes the spots pain red vomiting fatigue of rash back muscle joint pain behind skin malaise pain chills fever high headache loss appetite pain nausea,Infectious,4
4115,feeling of urine burning urine smell bladder feel micturition continuous foul discomfort of,Urology,8
4116,having and distorted headache speech vision slurred blurred irritability sweating nausea excessive vomiting hunger palpitations fatigue anxiety,Endocrinology,2
4117,dealing with distorted stiff vision excessive headache depression neck indigestion blurred visual hunger and disturbances acidity,Neurology,5
4118,i think it's weakness sensorium altered vomiting headache one of side body,Neurology,5
4119,i have loss mood sweating excessive fast muscle menstruation heart weight swings rate weakness diarrhoea irritability fatigue restlessness abnormal hunger,Endocrinology,2
4120,my main issue is high sweating malaise fatigue pain chest fast fever phlegm cough heart sputum rate rusty breathlessness,Pulmonology,7
4121,i think it's acidity and blurred excessive neck distorted stiff visual headache vision depression hunger disturbances irritability indigestion,Neurology,5
4122,suffering from yellowing of family of appetite eyes skin nausea history fatigue yellowish loss,Gastroenterology,3
4123,feeling sweating distorted vomiting slurred palpitations and drying hunger fatigue nausea excessive tingling vision irritability speech and lips headache blurred,Endocrinology,2
4124,i think it's high itching skin pain yellowish loss vomiting fatigue abdominal weight fever,Gastroenterology,3
4125,dealing with watering from shivering eyes chills continuous sneezing,Dermatology,1
4126,experiencing yellowish fever muscle of yellowing vomiting urine pain pain loss skin dark eyes diarrhoea of joint pain appetite mild abdominal,Gastroenterology,3
4127,i have nose around fever rash yellow red blister skin sore ooze crust high,Dermatology,1
4128,feeling chills sneezing continuous shivering,Dermatology,1
4129,suffering from micturition of smell burning foul bladder discomfort urine,Urology,8
4130,i am having headache vomiting fatigue (typhos) chills abdominal fever pain diarrhoea belly nausea toxic pain look high,Infectious,4
4131,i have constipation abdominal high diarrhoea chills headache fatigue pain fever pain look belly vomiting toxic nausea (typhos),Infectious,4
4132,i have body over pain red muscle spots of the vomiting back appetite pain rash headache eyes skin loss behind high pain nausea chills fatigue fever malaise,Infectious,4
4133,i am having headache chest swelled pressure pain loss malaise fever sinus cough runny nodes smell redness chills fatigue lymph phlegm nose continuous high muscle pain eyes irritation sneezing throat congestion of of,Pulmonology,7
4134,suffering from headache palpitations hunger vision anxiety tingling fatigue slurred irritability blurred vomiting excessive speech drying sweating and lips distorted nausea and,Endocrinology,2
4135,experiencing crust nose rash high red skin yellow around fever blister sore ooze,Dermatology,1
4136,feeling high itching malaise rash fatigue headache mild fever skin spots body of red over lethargy appetite fever loss,Infectious,4
4137,feeling stiff excessive indigestion disturbances and irritability neck depression headache distorted vision visual hunger blurred acidity,Neurology,5
4138,i have of lymph sneezing cough phlegm high sinus continuous throat fever pain runny pain smell fatigue pressure of eyes redness congestion swelled nose muscle chest nodes headache malaise loss irritation,Pulmonology,7
4139,experiencing chest pain breathlessness sweating,Cardiology,0
4140,feeling sputum pain cough rusty phlegm high breathlessness rate fever chills sweating fatigue fast malaise chest heart,Pulmonology,7
4141,experiencing and feets mood brittle irritability extremeties depression face gain dizziness weight enlarged thyroid nails swings hands lethargy and abnormal puffy menstruation eyes swollen cold,Endocrinology,2
4142,suffering from lips and sweating anxiety headache vomiting blurred vision and distorted palpitations fatigue excessive hunger tingling drying slurred speech irritability nausea,Endocrinology,2
4143,i am having heart fast irritability hunger excessive diarrhoea weight restlessness fatigue muscle rate weakness swings loss sweating abnormal mood menstruation,Endocrinology,2
4144,having internal passage pain of itching of loss gases indigestion abdominal vomiting appetite,Gastroenterology,3
4145,i feel vomiting urine fatigue itching high dark fever abdominal weight skin pain yellowish loss lately,Gastroenterology,3
4146,having weakness loss of neck balance dizziness limbs in pain,Neurology,5
4147,i have walking painful joints swelling weakness stiffness muscle movement,Orthopedics,6
4148,feeling urine appetite failure abdominal joint bleeding pain pain loss nausea of fatigue coma stomach dark liver high yellowing skin eyes fever yellowish acute of,Gastroenterology,3
4149,experiencing blood nodes in weight chills swelled mild of vomiting chest of malaise eyes sputum loss yellowing loss phlegm fever fatigue high breathlessness lymph appetite fever sweating cough pain,Pulmonology,7
4150,my main issue is blood prominent on veins fatigue cramps legs bruising vessels obesity swollen swollen calf,Cardiology,0
4151,feeling nodes skin swelled rash lymph red fever fever loss over mild fatigue body of malaise lethargy appetite spots high itching,Infectious,4
4152,i think it's fatigue fever cough breathlessness history high family,Pulmonology,7
4153,i feel stomach skin swelling yellowish alcohol consumption distention pain overload fluid vomiting of abdominal abdomen of history of lately,Gastroenterology,3
4154,i am having red skin crust around ooze high nose fever rash yellow blister sore,Dermatology,1
4155,i think it's calf swollen legs bruising veins prominent on obesity fatigue cramps,Cardiology,0
4156,i am having veins calf legs blood vessels cramps fatigue obesity swollen on swollen prominent,Cardiology,0
4157,i think it's joint pain rash chills appetite pain body spots high skin red fatigue pain behind vomiting back of nausea muscle pain fever over headache loss malaise the eyes,Infectious,4
4158,experiencing vomiting chest breathlessness pain sweating,Cardiology,0
4159,i am having itching dischromic rash skin patches,Dermatology,1
4160,having burning urination stomach skin micturition pain itching spotting rash,Dermatology,1
4161,feeling yellowish of distention history abdominal of skin alcohol pain swelling of vomiting abdomen stomach consumption,Gastroenterology,3
4162,suffering from weakness in loss neck pain pain balance dizziness limbs of back,Neurology,5
4163,feeling skin nausea fatigue yellowish loss appetite of of yellowing eyes,Gastroenterology,3
4164,having itching appetite abdominal gases of vomiting pain loss passage internal indigestion of,Gastroenterology,3
4165,i think it's irritability and acidity disturbances headache blurred neck depression stiff indigestion visual vision hunger excessive distorted,Neurology,5
4166,i have yellowing skin nausea fatigue of appetite eyes loss family yellowish history of,Gastroenterology,3
4167,my main issue is skin patches nodal itching dischromic eruptions,Dermatology,1
4168,feeling skin nodal skin dischromic itching patches rash eruptions,Dermatology,1
4169,my main issue is rusty heart fever fast phlegm pain cough chills chest fatigue malaise rate sputum sweating high breathlessness,Pulmonology,7
4170,my main issue is abdominal of joint yellowing urine appetite loss pain fatigue dark skin pain nausea yellowish of eyes,Gastroenterology,3
4171,i have lethargy red of swelled fever appetite body nodes high fever lymph over skin rash loss itching mild malaise fatigue spots headache,Infectious,4
4172,having yellowing loss failure vomiting liver dark urine fever acute stomach nausea pain abdominal skin coma appetite eyes high bleeding of yellowish of fatigue,Gastroenterology,3
4173,experiencing malaise dark eyes urine receiving yellowish urine transfusion of blood yellow injections unsterile receiving fatigue yellowing pain skin lethargy itching abdominal,Gastroenterology,3
4174,i have fever look nausea (typhos) abdominal belly constipation high pain toxic pain chills diarrhoea headache fatigue vomiting,Infectious,4
4175,suffering from indigestion irritability disturbances visual stiff excessive acidity depression headache hunger neck,Neurology,5
4176,dealing with hip pain pain walking painful joints joint swelling joint knee pain neck pain,Orthopedics,6
4177,i feel pain vomiting breathlessness chest sweating lately,Cardiology,0
4178,i am having neck joint pain swelling painful knee pain joints pain pain hip walking joint,Orthopedics,6
4179,my main issue is sweating pain chest vomiting breathlessness,Cardiology,0
4180,i think it's smell of burning of foul micturition urine feel discomfort continuous urine bladder,Urology,8
4181,my main issue is balance dizziness in weakness limbs back loss pain of neck pain,Neurology,5
4182,i think it's headache body sensorium altered side weakness of vomiting one,Neurology,5
4183,suffering from nose blister ooze red sore crust skin around rash high yellow fever,Dermatology,1
4184,having acidity depression hunger and stiff blurred excessive disturbances neck visual indigestion distorted irritability vision headache,Neurology,5
4185,feeling pain red behind the pain joint high rash chills pain vomiting skin malaise over fever spots nausea fatigue eyes loss of headache back body appetite,Infectious,4
4186,i have sneezing watering from eyes shivering chills continuous,Dermatology,1
4187,dealing with nails peeling pain skin like joint dusting skin in dents inflammatory rash silver small nails,Dermatology,1
4188,feeling scurring filled skin pimples pus blackheads rash,Dermatology,1
4189,experiencing family history loss skin eyes of yellowish nausea yellowing of fatigue appetite,Gastroenterology,3
4190,dealing with rate phlegm rusty fever sweating fast breathlessness pain chest malaise chills heart cough sputum fatigue high,Pulmonology,7
4191,experiencing acidity excessive distorted vision blurred and hunger neck disturbances depression visual indigestion stiff headache,Neurology,5
4192,feeling mood menstruation dizziness enlarged hands puffy thyroid irritability and swollen gain swings weight brittle lethargy cold depression eyes extremeties nails face abnormal and feets,Endocrinology,2
4193,dealing with sinus high swelled runny fever throat lymph sneezing phlegm pain smell nose chest pressure pain eyes of nodes malaise continuous loss redness headache chills of muscle irritation cough fatigue congestion,Pulmonology,7
4194,dealing with abdominal itching loss appetite internal gases of vomiting pain indigestion of passage,Gastroenterology,3
4195,i feel stiffness movement walking stiff weakness neck swelling muscle joints painful lately,Orthopedics,6
4196,feeling itching mild fever over nodes spots appetite headache malaise fever red fatigue swelled loss body high of lethargy lymph,Infectious,4
4197,experiencing spots pain high loss rash nausea body fever muscle headache behind appetite pain over the chills malaise fatigue pain joint skin vomiting eyes back pain of red,Infectious,4
4198,feeling eyes watering chills sneezing continuous shivering from,Dermatology,1
4199,dealing with (typhos) chills toxic abdominal high fever diarrhoea nausea constipation fatigue pain look vomiting headache,Infectious,4
4200,my main issue is sweating chills headache fever high pain muscle diarrhoea vomiting,Infectious,4
4201,suffering from eruptions itching skin rash nodal patches dischromic skin,Dermatology,1
4202,i think it's loss skin lethargy red rash high of appetite fever nodes lymph body swelled mild headache over itching fever spots malaise,Infectious,4
4203,i think it's fatigue fever swelled itching headache of loss over spots nodes lethargy malaise appetite body red lymph high fever mild rash skin,Infectious,4
4204,i have neck movement walking stiffness swelling painful weakness stiff muscle joints,Orthopedics,6
4205,i have skin eyes of of pain abdominal joint diarrhoea dark yellowing mild muscle loss fever urine pain vomiting yellowish appetite pain nausea,Gastroenterology,3
4206,my main issue is eyes of nausea abdominal yellowing appetite dark pain yellowish loss urine joint skin pain vomiting of fatigue,Gastroenterology,3
4207,my main issue is diarrhoea eyes sunken dehydration,Gastroenterology,3
4208,my main issue is walking knee pain joint pain hip pain joint painful swelling neck joints pain,Orthopedics,6
4209,i am having breathlessness fever history cough family fatigue sputum high mucoid,Pulmonology,7
4210,i feel of of dark appetite urine joint yellowing abdominal yellowish nausea loss skin fatigue eyes pain pain lately,Gastroenterology,3
4211,i feel rate restlessness mood heart weakness sweating muscle swings diarrhoea irritability fatigue weight abnormal fast loss menstruation lately,Endocrinology,2
4212,i think it's fever high weight itching yellowish abdominal fatigue skin pain urine dark vomiting loss,Gastroenterology,3
4213,i am having pain of eyes skin joint muscle high malaise body behind appetite nausea red the back loss fever pain rash spots pain over vomiting chills headache pain,Infectious,4
4214,i have nodes of yellowing of sputum appetite chills blood loss swelled eyes vomiting malaise fever loss lymph pain in phlegm weight cough mild sweating breathlessness fatigue chest,Pulmonology,7
4215,i feel headache vomiting of sensorium weakness body side altered one lately,Neurology,5
4216,experiencing dark transfusion itching injections malaise unsterile of eyes skin receiving receiving urine pain appetite yellowing loss yellowish yellow abdominal lethargy of urine blood,Gastroenterology,3
4217,feeling pain chills belly high (typhos) fatigue toxic vomiting nausea constipation fever pain diarrhoea headache abdominal look,Infectious,4
4218,dealing with dizziness neck pain balance back of loss pain,Neurology,5
4219,dealing with scurring pus pimples rash filled skin,Dermatology,1
4220,experiencing pain joint yellowish of urine eyes abdominal of dark fatigue pain appetite loss skin vomiting yellowing,Gastroenterology,3
4221,experiencing body sensorium side weakness altered one vomiting of headache,Neurology,5
4222,feeling high skin abdominal loss pain urine vomiting weight yellowish fever dark fatigue,Gastroenterology,3
4223,dealing with pain vomiting chest sweating,Cardiology,0
4224,having vomiting on cough ulcers chest stomach pain tongue pain acidity,Gastroenterology,3
4225,i think it's blurred sweating distorted palpitations vision fatigue hunger anxiety vomiting nausea lips tingling headache drying slurred and excessive irritability and speech,Endocrinology,2
4226,dealing with passage internal vomiting loss itching abdominal of gases pain of appetite,Gastroenterology,3
4227,having crust blister fever rash red ooze high skin nose around yellow sore,Dermatology,1
4228,experiencing skin burning pain itching stomach rash micturition,Dermatology,1
4229,my main issue is urine feel smell burning bladder discomfort urine of of continuous micturition foul,Urology,8
4230,suffering from abdominal swelling distention fluid yellowish of history skin overload of consumption pain abdomen vomiting stomach alcohol of,Gastroenterology,3
4231,feeling breathlessness sweating chest pain vomiting,Cardiology,0
4232,experiencing pain yellowing abdominal loss fatigue skin eyes urine vomiting nausea yellowish appetite of joint dark of pain,Gastroenterology,3
4233,feeling loss yellowish fever skin of high of liver coma failure pain dark vomiting abdominal bleeding yellowing appetite urine acute nausea eyes fatigue stomach pain joint,Gastroenterology,3
4234,i feel crust fever around skin red blister sore ooze yellow nose rash high lately,Dermatology,1
4235,having swollen fatigue legs veins vessels cramps bruising prominent calf swollen on blood obesity,Cardiology,0
4236,i feel gain brittle extremeties face mood puffy and eyes and swings depression hands cold abnormal nails thyroid irritability swollen enlarged feets menstruation fatigue dizziness weight lethargy lately,Endocrinology,2
4237,suffering from eyes watering shivering from chills,Dermatology,1
4238,feeling burning urine bladder micturition discomfort smell of foul,Urology,8
4239,i have burning discomfort micturition bladder feel smell urine of foul urine of continuous,Urology,8
4240,suffering from loss fever dark pain weight vomiting high itching abdominal fatigue urine,Gastroenterology,3
4241,dealing with abdominal consumption alcohol stomach of abdomen of swelling of pain overload vomiting yellowish skin distention fluid history,Gastroenterology,3
4242,i feel patches high fever throat in wasting muscle lately,Infectious,4
4243,having family sputum mucoid breathlessness history fever high cough fatigue,Pulmonology,7
4244,dealing with look toxic chills fever fatigue diarrhoea nausea headache vomiting pain pain belly (typhos) high abdominal,Infectious,4
4245,feeling one body sensorium of altered side weakness headache,Neurology,5
4246,my main issue is nose skin rash sore ooze yellow red blister around crust,Dermatology,1
4247,i have pain pain pain neck knee joint joint pain walking painful hip,Orthopedics,6
4248,suffering from one side sensorium vomiting altered body of weakness,Neurology,5
4249,i have breathlessness chest cough phlegm fatigue sputum heart rate pain sweating rusty malaise chills fast,Pulmonology,7
4250,dealing with muscle chills sweating headache pain vomiting diarrhoea nausea,Infectious,4
4251,experiencing rash like peeling nails dents in joint skin small dusting inflammatory nails pain skin silver,Dermatology,1
4252,i have joint like rash nails skin dusting small peeling inflammatory dents skin pain silver in nails,Dermatology,1
4253,i have of chest malaise vomiting swelled mild in chills sputum lymph phlegm breathlessness sweating cough nodes blood pain fatigue eyes fever fever of yellowing high loss appetite,Pulmonology,7
4254,experiencing fever high mucoid cough breathlessness history sputum family,Pulmonology,7
4255,suffering from headache vomiting (typhos) high fatigue constipation chills fever look belly pain diarrhoea toxic pain abdominal,Infectious,4
4256,dealing with dusting joint peeling skin nails in like rash skin inflammatory nails pain silver dents small,Dermatology,1
4257,my main issue is itching of of abdominal loss appetite internal passage pain gases vomiting indigestion,Gastroenterology,3
4258,i feel diarrhoea weakness irritability hunger excessive abnormal muscle menstruation loss fatigue mood restlessness swings weight sweating rate heart fast lately,Endocrinology,2
4259,having vomiting breathlessness sweating pain chest,Cardiology,0
4260,dealing with abnormal weight menstruation swings fast excessive fatigue mood irritability restlessness diarrhoea heart rate sweating loss weakness hunger muscle,Endocrinology,2
4261,suffering from throat fever in contacts marital muscle wasting high patches extra,Infectious,4
4262,experiencing loss of internal of passage vomiting indigestion gases appetite itching,Gastroenterology,3
4263,i think it's skin skin joint like dents in inflammatory nails pain dusting silver peeling nails small rash,Dermatology,1
4264,i am having chills lymph loss muscle sneezing irritation high headache pressure eyes pain fever runny swelled cough throat fatigue sinus pain of chest nose phlegm smell nodes of continuous congestion redness malaise,Pulmonology,7
4265,having eyes watering shivering from chills,Dermatology,1
4266,suffering from balance of neck pain limbs back pain weakness loss dizziness in,Neurology,5
4267,i think it's history of overload distention of fluid abdomen vomiting stomach abdominal pain of consumption swelling alcohol,Gastroenterology,3
4268,feeling face swings feets cold thyroid puffy brittle nails weight hands gain and enlarged depression dizziness lethargy and fatigue mood extremeties eyes abnormal menstruation swollen irritability,Endocrinology,2
4269,experiencing fatigue abdominal loss yellowish weight dark vomiting skin high urine pain itching fever,Gastroenterology,3
4270,i am having fever high body loss mild nodes lymph appetite rash swelled red headache fatigue skin of spots over lethargy fever malaise,Infectious,4
4271,dealing with high eyes pain chills nodes nose chest of lymph redness throat pressure sneezing headache muscle irritation cough swelled continuous phlegm runny sinus malaise congestion of loss pain fever smell fatigue,Pulmonology,7
4272,experiencing pain constipation abdominal vomiting toxic high pain fatigue look (typhos) chills headache fever belly diarrhoea,Infectious,4
4273,having sunken diarrhoea eyes dehydration vomiting,Gastroenterology,3
4274,experiencing abdomen abdominal vomiting overload of of stomach history swelling consumption skin pain yellowish alcohol of fluid distention,Gastroenterology,3
4275,i feel rash nodal skin itching patches eruptions skin dischromic lately,Dermatology,1
4276,i think it's sweating vomiting chest pain breathlessness,Cardiology,0
4277,dealing with itching spots of skin swelled loss fever rash headache high red fatigue mild over body lymph appetite malaise nodes lethargy fever,Infectious,4
4278,i am having distention swelling of abdomen history skin fluid yellowish of alcohol consumption stomach of pain abdominal vomiting overload,Gastroenterology,3
4279,dealing with pain limbs back pain loss balance in of dizziness neck weakness,Neurology,5
4280,i have itching nodal eruptions skin skin rash,Dermatology,1
4281,feeling weight pain fever abdominal dark itching fatigue vomiting high loss urine,Gastroenterology,3
4282,i feel yellow blister ooze around skin red nose sore crust rash lately,Dermatology,1
4283,suffering from skin nails like dents rash silver dusting nails joint inflammatory small skin peeling in pain,Dermatology,1
4284,i think it's yellowing malaise loss appetite lethargy itching eyes of pain injections blood of skin transfusion yellowish unsterile urine dark fatigue abdominal receiving receiving,Gastroenterology,3
4285,i have gain eyes feets swollen irritability lethargy cold enlarged thyroid nails face menstruation puffy abnormal extremeties and and brittle dizziness fatigue depression weight hands,Endocrinology,2
4286,having of yellowing loss dark vomiting bleeding nausea failure joint liver of acute high appetite yellowish stomach fever urine skin pain abdominal coma eyes pain,Gastroenterology,3
4287,feeling side headache body one vomiting sensorium altered of weakness,Neurology,5
4288,i am having red lymph high rash skin fatigue itching swelled fever spots body fever headache malaise mild nodes over lethargy,Infectious,4
4289,i feel weight fatigue yellowish itching urine high fever pain vomiting loss abdominal skin dark lately,Gastroenterology,3
4290,dealing with stiff walking painful stiffness movement neck joints swelling,Orthopedics,6
4291,i am having headache stiff neck indigestion disturbances acidity depression visual hunger excessive irritability,Neurology,5
4292,i am having (typhos) headache abdominal pain pain diarrhoea high vomiting chills nausea fever toxic look belly constipation fatigue,Infectious,4
4293,feeling nausea muscle high vomiting diarrhoea sweating pain fever chills headache,Infectious,4
4294,i think it's burning itching pain skin stomach rash micturition,Dermatology,1
4295,having shivering from eyes sneezing chills continuous watering,Dermatology,1
4296,dealing with burning urine foul of urine feel of discomfort bladder micturition smell continuous,Urology,8
4297,suffering from patches itching eruptions nodal rash skin dischromic skin,Dermatology,1
4298,i am having headache belly fatigue constipation chills pain abdominal vomiting pain nausea high fever diarrhoea,Infectious,4
4299,suffering from muscle fever high nausea vomiting chills sweating pain headache,Infectious,4
4300,feeling knee pain pain pain joint walking neck joint painful joints swelling pain hip,Orthopedics,6
4301,dealing with pain of diarrhoea vomiting joint mild of yellowing fever dark loss pain yellowish appetite eyes abdominal muscle pain skin nausea urine,Gastroenterology,3
4302,suffering from loss high pain cough chills pain pressure redness smell irritation eyes phlegm lymph fatigue continuous swelled malaise muscle sneezing chest of throat runny nodes nose sinus headache fever of congestion,Pulmonology,7
4303,feeling yellowish itching appetite injections malaise skin transfusion urine receiving receiving yellow of eyes lethargy of unsterile urine abdominal loss dark fatigue pain blood yellowing,Gastroenterology,3
4304,i have history family high breathlessness fatigue cough fever,Pulmonology,7
4305,my main issue is malaise headache fatigue body high skin red fever swelled lymph nodes mild over loss itching appetite fever of rash lethargy spots,Infectious,4
4306,suffering from of limbs balance back neck pain loss in dizziness weakness pain,Neurology,5
4307,feeling back neck pain of limbs balance weakness pain in dizziness loss,Neurology,5
